note_id,route_id,driver_id,hub_id,timestamp,exception_type,body
DN-100000,RTE-IND-20250117-001,DRV-01031,HUB-IND,2025-01-17T11:15:00,weather,"[01/17 11:15] RTE-IND-20250117-001 / DRV-01031 @ IND
Snow/ice on route. 55 stops ATT, 2 DEL to next day. Salt trucks late. ETA slippage all afternoon."
DN-100001,RTE-CHI-20250121-002,DRV-01017,HUB-CHI,2025-01-21T15:05:00,address,"[01/21 15:05] RTE-CHI-20250121-002 / DRV-01017 @ CHI
Suite # missing, 4 stops undeliverable. Contacting account for update."
DN-100002,RTE-DET-20251130-001,DRV-01004,HUB-DET,2025-11-30T15:38:00,weather,"[11/30 15:38] RTE-DET-20251130-001 / DRV-01004 @ DET
Snow/ice on route. 24 stops ATT, 1 DEL to next day. Salt trucks late. ETA slippage all afternoon."
DN-100003,RTE-IND-20250113-002,DRV-01006,HUB-IND,2025-01-13T15:26:00,address,"[01/13 15:26] RTE-IND-20250113-002 / DRV-01006 @ IND
Bad address on SHP-202501-000070. Geocode off by ~3mi. Held for dispatch correction."
DN-100004,RTE-CMH-20251112-003,DRV-01044,HUB-CMH,2025-11-12T09:13:00,access,"[11/12 09:13] RTE-CMH-20251112-003 / DRV-01044 @ CMH
Dock closed early. 6 LTL stops could not unload. Rescheduling AM."
DN-100005,RTE-CMH-20251024-001,DRV-01016,HUB-CMH,2025-10-24T12:38:00,access,"[10/24 12:38] RTE-CMH-20251024-001 / DRV-01016 @ CMH
Dock closed early. 1 LTL stops could not unload. Rescheduling AM."
DN-100006,RTE-IND-20251211-005,DRV-01031,HUB-IND,2025-12-11T13:05:00,customer_nsf,"[12/11 13:05] RTE-IND-20251211-005 / DRV-01031 @ IND
Consignee refused delivery the stop. Return to hub initiated."
DN-100007,RTE-CMH-20250507-001,DRV-01018,HUB-CMH,2025-05-07T17:14:00,access,"[05/07 17:14] RTE-CMH-20250507-001 / DRV-01018 @ CMH
Dock closed early. 3 LTL stops could not unload. Rescheduling AM."
DN-100008,RTE-DET-20251224-003,DRV-01022,HUB-DET,2025-12-24T13:17:00,traffic,"[12/24 13:17] RTE-DET-20251224-003 / DRV-01022 @ DET
Accident on route, detour added. 4 DEL slipped past commit."
DN-100009,RTE-CHI-20251219-004,DRV-01011,HUB-CHI,2025-12-19T12:13:00,weather,"[12/19 12:13] RTE-CHI-20251219-004 / DRV-01011 @ CHI
Freezing rain. Driver DRV-01011 pulled early for safety. 6 stops rolled to tomorrow."
DN-100010,RTE-IND-20250214-002,DRV-01031,HUB-IND,2025-02-14T09:34:00,customer_nsf,"[02/14 09:34] RTE-IND-20250214-002 / DRV-01031 @ IND
the stop NSF - business closed. ATT 1440. Reattempt next biz day."
DN-100011,RTE-CHI-20251107-003,DRV-01005,HUB-CHI,2025-11-07T17:44:00,weather,"[11/07 17:44] RTE-CHI-20251107-003 / DRV-01005 @ CHI
Freezing rain. Driver DRV-01005 pulled early for safety. 1 stops rolled to tomorrow."
DN-100012,RTE-DET-20250326-004,DRV-01021,HUB-DET,2025-03-26T19:03:00,traffic,"[03/26 19:03] RTE-DET-20250326-004 / DRV-01021 @ DET
I-65 closure, major backup. ETA +90m. 1 stops missed cutoff."
DN-100013,RTE-DET-20251204-002,DRV-01037,HUB-DET,2025-12-04T08:13:00,access,"[12/04 08:13] RTE-DET-20251204-002 / DRV-01037 @ DET
Dock closed early. 4 LTL stops could not unload. Rescheduling AM."
DN-100014,RTE-CHI-20250220-002,DRV-01017,HUB-CHI,2025-02-20T17:29:00,access,"[02/20 17:29] RTE-CHI-20250220-002 / DRV-01017 @ CHI
Gate locked at delivery, no answer. ATT x2. the stop left as NSF, reattempt scheduled."
DN-100015,RTE-CMH-20250225-002,DRV-01010,HUB-CMH,2025-02-25T15:16:00,volume,"[02/25 15:16] RTE-CMH-20250225-002 / DRV-01010 @ CMH
Peak volume, truck full. 3 pkgs bumped to overflow route."
DN-100016,RTE-IND-20250107-002,DRV-01032,HUB-IND,2025-01-07T09:32:00,weather,"[01/07 09:32] RTE-IND-20250107-002 / DRV-01032 @ IND
Snow/ice on route. 36 stops ATT, 5 DEL to next day. Salt trucks late. ETA slippage all afternoon."
DN-100017,RTE-IND-20251112-001,DRV-01188,HUB-IND,2025-11-12T17:27:00,weather,"[11/12 17:27] RTE-IND-20251112-001 / DRV-01188 @ IND
Freezing rain. Driver DRV-01188 pulled early for safety. 2 stops rolled to tomorrow."
DN-100018,RTE-CIN-20250225-003,DRV-01023,HUB-CIN,2025-02-25T14:33:00,customer_nsf,"[02/25 14:33] RTE-CIN-20250225-003 / DRV-01023 @ CIN
Consignee refused delivery the stop. Return to hub initiated."
DN-100019,RTE-CIN-20251203-004,DRV-01038,HUB-CIN,2025-12-03T18:07:00,weather,"[12/03 18:07] RTE-CIN-20251203-004 / DRV-01038 @ CIN
Freezing rain. Driver DRV-01038 pulled early for safety. 3 stops rolled to tomorrow."
DN-100020,RTE-DET-20251212-003,DRV-01022,HUB-DET,2025-12-12T12:07:00,volume,"[12/12 12:07] RTE-DET-20251212-003 / DRV-01022 @ DET
Peak volume, truck full. 1 pkgs bumped to overflow route."
DN-100021,RTE-DET-20250815-001,DRV-01022,HUB-DET,2025-08-15T18:56:00,access,"[08/15 18:56] RTE-DET-20250815-001 / DRV-01022 @ DET
Dock closed early. 2 LTL stops could not unload. Rescheduling AM."
DN-100022,RTE-DET-20250108-006,DRV-01021,HUB-DET,2025-01-08T08:55:00,mechanical,"[01/08 08:55] RTE-DET-20250108-006 / DRV-01021 @ DET
Check-engine light, reduced power. Swapped to spare, 4 stops late."
DN-100023,RTE-IND-20251124-001,DRV-01188,HUB-IND,2025-11-24T12:48:00,weather,"[11/24 12:48] RTE-IND-20251124-001 / DRV-01188 @ IND
Snow/ice on route. 51 stops ATT, 2 DEL to next day. Salt trucks late. ETA slippage all afternoon."
DN-100024,RTE-CMH-20251223-006,DRV-01028,HUB-CMH,2025-12-23T07:38:00,traffic,"[12/23 07:38] RTE-CMH-20251223-006 / DRV-01028 @ CMH
Accident on route, detour added. 3 DEL slipped past commit."
DN-100025,RTE-CHI-20251209-001,DRV-01020,HUB-CHI,2025-12-09T19:19:00,traffic,"[12/09 19:19] RTE-CHI-20251209-001 / DRV-01020 @ CHI
I-65 closure, major backup. ETA +90m. 4 stops missed cutoff."
DN-100026,RTE-CHI-20250815-003,DRV-01017,HUB-CHI,2025-08-15T08:05:00,address,"[08/15 08:05] RTE-CHI-20250815-003 / DRV-01017 @ CHI
Suite # missing, 3 stops undeliverable. Contacting account for update."
DN-100027,RTE-CHI-20251225-002,DRV-01005,HUB-CHI,2025-12-25T09:08:00,customer_nsf,"[12/25 09:08] RTE-CHI-20251225-002 / DRV-01005 @ CHI
Consignee refused delivery the stop. Return to hub initiated."
DN-100028,RTE-CHI-20251209-002,DRV-01005,HUB-CHI,2025-12-09T16:27:00,customer_nsf,"[12/09 16:27] RTE-CHI-20251209-002 / DRV-01005 @ CHI
the stop NSF - business closed. ATT 1440. Reattempt next biz day."
DN-100029,RTE-CMH-20251128-003,DRV-01013,HUB-CMH,2025-11-28T18:19:00,address,"[11/28 18:19] RTE-CMH-20251128-003 / DRV-01013 @ CMH
Suite # missing, 6 stops undeliverable. Contacting account for update."
DN-100030,RTE-DET-20251230-003,DRV-01014,HUB-DET,2025-12-30T15:28:00,mechanical,"[12/30 15:28] RTE-DET-20251230-003 / DRV-01014 @ DET
Liftgate fault mid-route. DRV-01014 completed 27 stops manual, 3 deferred. VEH flagged for shop."
DN-100031,RTE-DET-20250508-002,DRV-01037,HUB-DET,2025-05-08T16:35:00,mechanical,"[05/08 16:35] RTE-DET-20250508-002 / DRV-01037 @ DET
Liftgate fault mid-route. DRV-01037 completed 36 stops manual, 2 deferred. VEH flagged for shop."
DN-100032,RTE-IND-20251209-002,DRV-01188,HUB-IND,2025-12-09T17:03:00,weather,"[12/09 17:03] RTE-IND-20251209-002 / DRV-01188 @ IND
Snow/ice on route. 65 stops ATT, 1 DEL to next day. Salt trucks late. ETA slippage all afternoon."
DN-100033,RTE-CMH-20250109-003,DRV-01049,HUB-CMH,2025-01-09T08:32:00,traffic,"[01/09 08:32] RTE-CMH-20250109-003 / DRV-01049 @ CMH
I-74 closure, major backup. ETA +90m. 4 stops missed cutoff."
DN-100034,RTE-DET-20251209-002,DRV-01046,HUB-DET,2025-12-09T09:46:00,weather,"[12/09 09:46] RTE-DET-20251209-002 / DRV-01046 @ DET
Freezing rain. Driver DRV-01046 pulled early for safety. 3 stops rolled to tomorrow."
DN-100035,RTE-CMH-20250203-004,DRV-01013,HUB-CMH,2025-02-03T19:26:00,volume,"[02/03 19:26] RTE-CMH-20250203-004 / DRV-01013 @ CMH
Overloaded manifest, 52 stops assigned. 6 could not be completed in service window."
DN-100036,RTE-CHI-20251104-002,DRV-01011,HUB-CHI,2025-11-04T13:26:00,mechanical,"[11/04 13:26] RTE-CHI-20251104-002 / DRV-01011 @ CHI
Check-engine light, reduced power. Swapped to spare, 2 stops late."
DN-100037,RTE-DET-20250115-001,DRV-01004,HUB-DET,2025-01-15T17:06:00,address,"[01/15 17:06] RTE-DET-20250115-001 / DRV-01004 @ DET
Bad address on the stop. Geocode off by ~3mi. Held for dispatch correction."
DN-100038,RTE-IND-20251211-005,DRV-01031,HUB-IND,2025-12-11T08:15:00,volume,"[12/11 08:15] RTE-IND-20251211-005 / DRV-01031 @ IND
Overloaded manifest, 40 stops assigned. 2 could not be completed in service window."
DN-100039,RTE-IND-20251218-002,DRV-01006,HUB-IND,2025-12-18T08:28:00,mechanical,"[12/18 08:28] RTE-IND-20251218-002 / DRV-01006 @ IND
Liftgate fault mid-route. DRV-01006 completed 48 stops manual, 4 deferred. VEH flagged for shop."
DN-100040,RTE-DET-20250213-002,DRV-01021,HUB-DET,2025-02-13T07:05:00,customer_nsf,"[02/13 07:05] RTE-DET-20250213-002 / DRV-01021 @ DET
the stop NSF - business closed. ATT 1440. Reattempt next biz day."
DN-100041,RTE-CIN-20250626-001,DRV-01008,HUB-CIN,2025-06-26T13:57:00,customer_nsf,"[06/26 13:57] RTE-CIN-20250626-001 / DRV-01008 @ CIN
the stop NSF - business closed. ATT 1440. Reattempt next biz day."
DN-100042,RTE-IND-20250425-002,DRV-01032,HUB-IND,2025-04-25T11:59:00,traffic,"[04/25 11:59] RTE-IND-20250425-002 / DRV-01032 @ IND
Accident on route, detour added. 2 DEL slipped past commit."
DN-100043,RTE-DET-20250205-002,DRV-01037,HUB-DET,2025-02-05T19:35:00,traffic,"[02/05 19:35] RTE-DET-20250205-002 / DRV-01037 @ DET
Accident on route, detour added. 4 DEL slipped past commit."
DN-100044,RTE-DET-20251228-001,DRV-01004,HUB-DET,2025-12-28T07:37:00,weather,"[12/28 07:37] RTE-DET-20251228-001 / DRV-01004 @ DET
Snow/ice on route. 45 stops ATT, 3 DEL to next day. Salt trucks late. ETA slippage all afternoon."
DN-100045,RTE-DET-20251218-003,DRV-01014,HUB-DET,2025-12-18T14:32:00,weather,"[12/18 14:32] RTE-DET-20251218-003 / DRV-01014 @ DET
Freezing rain. Driver DRV-01014 pulled early for safety. 1 stops rolled to tomorrow."
DN-100046,RTE-DET-20250717-001,DRV-01021,HUB-DET,2025-07-17T09:04:00,customer_nsf,"[07/17 09:04] RTE-DET-20250717-001 / DRV-01021 @ DET
the stop NSF - business closed. ATT 1440. Reattempt next biz day."
DN-100047,RTE-CIN-20251203-004,DRV-01038,HUB-CIN,2025-12-03T16:15:00,access,"[12/03 16:15] RTE-CIN-20251203-004 / DRV-01038 @ CIN
Gate locked at delivery, no answer. ATT x2. the stop left as NSF, reattempt scheduled."
DN-100048,RTE-IND-20250214-001,DRV-01045,HUB-IND,2025-02-14T16:33:00,address,"[02/14 16:33] RTE-IND-20250214-001 / DRV-01045 @ IND
Suite # missing, 4 stops undeliverable. Contacting account for update."
DN-100049,RTE-IND-20250107-001,DRV-01032,HUB-IND,2025-01-07T10:16:00,address,"[01/07 10:16] RTE-IND-20250107-001 / DRV-01032 @ IND
Suite # missing, 1 stops undeliverable. Contacting account for update."
DN-100050,RTE-IND-20250212-003,DRV-01033,HUB-IND,2025-02-12T07:29:00,traffic,"[02/12 07:29] RTE-IND-20250212-003 / DRV-01033 @ IND
I-65 closure, major backup. ETA +90m. 1 stops missed cutoff."
DN-100051,RTE-CHI-20250921-001,DRV-01011,HUB-CHI,2025-09-21T09:59:00,customer_nsf,"[09/21 09:59] RTE-CHI-20250921-001 / DRV-01011 @ CHI
Consignee refused delivery the stop. Return to hub initiated."
DN-100052,RTE-CIN-20250130-002,DRV-01002,HUB-CIN,2025-01-30T09:28:00,access,"[01/30 09:28] RTE-CIN-20250130-002 / DRV-01002 @ CIN
Dock closed early. 4 LTL stops could not unload. Rescheduling AM."
DN-100053,RTE-CMH-20250130-001,DRV-01010,HUB-CMH,2025-01-30T15:00:00,volume,"[01/30 15:00] RTE-CMH-20250130-001 / DRV-01010 @ CMH
Peak volume, truck full. 3 pkgs bumped to overflow route."
DN-100054,RTE-DET-20250520-001,DRV-01004,HUB-DET,2025-05-20T11:07:00,traffic,"[05/20 11:07] RTE-DET-20250520-001 / DRV-01004 @ DET
I-71 closure, major backup. ETA +90m. 2 stops missed cutoff."
DN-100055,RTE-IND-20251119-001,DRV-01031,HUB-IND,2025-11-19T16:13:00,weather,"[11/19 16:13] RTE-IND-20251119-001 / DRV-01031 @ IND
Freezing rain. Driver DRV-01031 pulled early for safety. 5 stops rolled to tomorrow."
DN-100056,RTE-IND-20250317-001,DRV-01188,HUB-IND,2025-03-17T11:32:00,address,"[03/17 11:32] RTE-IND-20250317-001 / DRV-01188 @ IND
Bad address on the stop. Geocode off by ~3mi. Held for dispatch correction."
DN-100057,RTE-DET-20250429-003,DRV-01014,HUB-DET,2025-04-29T07:00:00,traffic,"[04/29 07:00] RTE-DET-20250429-003 / DRV-01014 @ DET
Accident on route, detour added. 1 DEL slipped past commit."
DN-100058,RTE-DET-20250422-003,DRV-01021,HUB-DET,2025-04-22T18:28:00,mechanical,"[04/22 18:28] RTE-DET-20250422-003 / DRV-01021 @ DET
Check-engine light, reduced power. Swapped to spare, 3 stops late."
DN-100059,RTE-IND-20250112-001,DRV-01045,HUB-IND,2025-01-12T18:57:00,weather,"[01/12 18:57] RTE-IND-20250112-001 / DRV-01045 @ IND
Snow/ice on route. 48 stops ATT, 4 DEL to next day. Salt trucks late. ETA slippage all afternoon."
DN-100060,RTE-CHI-20251204-001,DRV-01047,HUB-CHI,2025-12-04T15:09:00,access,"[12/04 15:09] RTE-CHI-20251204-001 / DRV-01047 @ CHI
Dock closed early. 2 LTL stops could not unload. Rescheduling AM."
DN-100061,RTE-CMH-20250110-001,DRV-01036,HUB-CMH,2025-01-10T19:55:00,access,"[01/10 19:55] RTE-CMH-20250110-001 / DRV-01036 @ CMH
Gate locked at delivery, no answer. ATT x2. the stop left as NSF, reattempt scheduled."
DN-100062,RTE-DET-20251229-001,DRV-01037,HUB-DET,2025-12-29T08:22:00,weather,"[12/29 08:22] RTE-DET-20251229-001 / DRV-01037 @ DET
Freezing rain. Driver DRV-01037 pulled early for safety. 5 stops rolled to tomorrow."
DN-100063,RTE-DET-20250103-004,DRV-01014,HUB-DET,2025-01-03T10:55:00,volume,"[01/03 10:55] RTE-DET-20250103-004 / DRV-01014 @ DET
Overloaded manifest, 28 stops assigned. 3 could not be completed in service window."
DN-100064,RTE-CMH-20251225-002,DRV-01016,HUB-CMH,2025-12-25T18:59:00,weather,"[12/25 18:59] RTE-CMH-20251225-002 / DRV-01016 @ CMH
Freezing rain. Driver DRV-01016 pulled early for safety. 6 stops rolled to tomorrow."
DN-100065,RTE-CIN-20250726-003,DRV-01026,HUB-CIN,2025-07-26T19:44:00,mechanical,"[07/26 19:44] RTE-CIN-20250726-003 / DRV-01026 @ CIN
Liftgate fault mid-route. DRV-01026 completed 52 stops manual, 3 deferred. VEH flagged for shop."
DN-100066,RTE-IND-20250211-003,DRV-01031,HUB-IND,2025-02-11T10:12:00,traffic,"[02/11 10:12] RTE-IND-20250211-003 / DRV-01031 @ IND
Accident on route, detour added. 5 DEL slipped past commit."
DN-100067,RTE-CHI-20251024-004,DRV-01017,HUB-CHI,2025-10-24T10:14:00,volume,"[10/24 10:14] RTE-CHI-20251024-004 / DRV-01017 @ CHI
Overloaded manifest, 53 stops assigned. 2 could not be completed in service window."
DN-100068,RTE-CMH-20250102-004,DRV-01015,HUB-CMH,2025-01-02T08:49:00,access,"[01/02 08:49] RTE-CMH-20250102-004 / DRV-01015 @ CMH
Dock closed early. 5 LTL stops could not unload. Rescheduling AM."
DN-100069,RTE-CIN-20251204-001,DRV-01034,HUB-CIN,2025-12-04T15:21:00,access,"[12/04 15:21] RTE-CIN-20251204-001 / DRV-01034 @ CIN
Gate locked at delivery, no answer. ATT x2. the stop left as NSF, reattempt scheduled."
DN-100070,RTE-CHI-20250106-004,DRV-01017,HUB-CHI,2025-01-06T16:16:00,weather,"[01/06 16:16] RTE-CHI-20250106-004 / DRV-01017 @ CHI
Snow/ice on route. 36 stops ATT, 6 DEL to next day. Salt trucks late. ETA slippage all afternoon."
DN-100071,RTE-IND-20251215-002,DRV-01188,HUB-IND,2025-12-15T19:20:00,access,"[12/15 19:20] RTE-IND-20251215-002 / DRV-01188 @ IND
Dock closed early. 4 LTL stops could not unload. Rescheduling AM."
DN-100072,RTE-CIN-20250218-003,DRV-01041,HUB-CIN,2025-02-18T16:12:00,weather,"[02/18 16:12] RTE-CIN-20250218-003 / DRV-01041 @ CIN
Whiteout conditions Cincinnati. Held 1 pkgs at hub, road closures on the north loop. POD delayed."
DN-100073,RTE-CIN-20251219-003,DRV-01025,HUB-CIN,2025-12-19T19:34:00,weather,"[12/19 19:34] RTE-CIN-20251219-003 / DRV-01025 @ CIN
Freezing rain. Driver DRV-01025 pulled early for safety. 5 stops rolled to tomorrow."
DN-100074,RTE-IND-20250214-004,DRV-01045,HUB-IND,2025-02-14T10:23:00,volume,"[02/14 10:23] RTE-IND-20250214-004 / DRV-01045 @ IND
Peak volume, truck full. 2 pkgs bumped to overflow route."
DN-100075,RTE-DET-20250114-003,DRV-01014,HUB-DET,2025-01-14T16:20:00,traffic,"[01/14 16:20] RTE-DET-20250114-003 / DRV-01014 @ DET
I-71 closure, major backup. ETA +90m. 2 stops missed cutoff."
DN-100076,RTE-CIN-20250209-003,DRV-01027,HUB-CIN,2025-02-09T17:26:00,mechanical,"[02/09 17:26] RTE-CIN-20250209-003 / DRV-01027 @ CIN
Check-engine light, reduced power. Swapped to spare, 1 stops late."
DN-100077,RTE-CMH-20251112-003,DRV-01044,HUB-CMH,2025-11-12T10:26:00,customer_nsf,"[11/12 10:26] RTE-CMH-20251112-003 / DRV-01044 @ CMH
Consignee refused delivery the stop. Return to hub initiated."
DN-100078,RTE-IND-20251203-004,DRV-01024,HUB-IND,2025-12-03T16:19:00,weather,"[12/03 16:19] RTE-IND-20251203-004 / DRV-01024 @ IND
Whiteout conditions Indianapolis. Held 4 pkgs at hub, road closures on the north loop. POD delayed."
DN-100079,RTE-CHI-20251219-004,DRV-01011,HUB-CHI,2025-12-19T10:27:00,weather,"[12/19 10:27] RTE-CHI-20251219-004 / DRV-01011 @ CHI
Freezing rain. Driver DRV-01011 pulled early for safety. 6 stops rolled to tomorrow."
DN-100080,RTE-DET-20250203-002,DRV-01021,HUB-DET,2025-02-03T17:13:00,mechanical,"[02/03 17:13] RTE-DET-20250203-002 / DRV-01021 @ DET
Check-engine light, reduced power. Swapped to spare, 4 stops late."
DN-100081,RTE-CHI-20251213-001,DRV-01047,HUB-CHI,2025-12-13T15:42:00,weather,"[12/13 15:42] RTE-CHI-20251213-001 / DRV-01047 @ CHI
Freezing rain. Driver DRV-01047 pulled early for safety. 5 stops rolled to tomorrow."
DN-100082,RTE-CIN-20250106-001,DRV-01008,HUB-CIN,2025-01-06T19:15:00,volume,"[01/06 19:15] RTE-CIN-20250106-001 / DRV-01008 @ CIN
Peak volume, truck full. 2 pkgs bumped to overflow route."
DN-100083,RTE-DET-20250711-002,DRV-01022,HUB-DET,2025-07-11T07:15:00,access,"[07/11 07:15] RTE-DET-20250711-002 / DRV-01022 @ DET
Dock closed early. 2 LTL stops could not unload. Rescheduling AM."
DN-100084,RTE-CIN-20250101-003,DRV-01002,HUB-CIN,2025-01-01T13:56:00,weather,"[01/01 13:56] RTE-CIN-20250101-003 / DRV-01002 @ CIN
Freezing rain. Driver DRV-01002 pulled early for safety. 1 stops rolled to tomorrow."
DN-100085,RTE-CMH-20250102-004,DRV-01015,HUB-CMH,2025-01-02T14:25:00,address,"[01/02 14:25] RTE-CMH-20250102-004 / DRV-01015 @ CMH
Bad address on the stop. Geocode off by ~3mi. Held for dispatch correction."
DN-100086,RTE-IND-20250411-003,DRV-01033,HUB-IND,2025-04-11T19:55:00,access,"[04/11 19:55] RTE-IND-20250411-003 / DRV-01033 @ IND
Gate locked at delivery, no answer. ATT x2. the stop left as NSF, reattempt scheduled."
DN-100087,RTE-CHI-20251218-001,DRV-01048,HUB-CHI,2025-12-18T18:33:00,volume,"[12/18 18:33] RTE-CHI-20251218-001 / DRV-01048 @ CHI
Peak volume, truck full. 6 pkgs bumped to overflow route."
DN-100088,RTE-CHI-20251223-003,DRV-01047,HUB-CHI,2025-12-23T08:29:00,traffic,"[12/23 08:29] RTE-CHI-20251223-003 / DRV-01047 @ CHI
Accident on route, detour added. 6 DEL slipped past commit."
DN-100089,RTE-IND-20251107-004,DRV-01031,HUB-IND,2025-11-07T15:27:00,address,"[11/07 15:27] RTE-IND-20251107-004 / DRV-01031 @ IND
Suite # missing, 5 stops undeliverable. Contacting account for update."
DN-100090,RTE-CIN-20251112-001,DRV-01008,HUB-CIN,2025-11-12T11:48:00,mechanical,"[11/12 11:48] RTE-CIN-20251112-001 / DRV-01008 @ CIN
Liftgate fault mid-route. DRV-01008 completed 39 stops manual, 4 deferred. VEH flagged for shop."
DN-100091,RTE-CIN-20250203-001,DRV-01041,HUB-CIN,2025-02-03T14:40:00,volume,"[02/03 14:40] RTE-CIN-20250203-001 / DRV-01041 @ CIN
Overloaded manifest, 36 stops assigned. 1 could not be completed in service window."
DN-100092,RTE-CIN-20250108-004,DRV-01019,HUB-CIN,2025-01-08T10:17:00,address,"[01/08 10:17] RTE-CIN-20250108-004 / DRV-01019 @ CIN
Suite # missing, 5 stops undeliverable. Contacting account for update."
DN-100093,RTE-CHI-20251027-001,DRV-01005,HUB-CHI,2025-10-27T09:14:00,access,"[10/27 09:14] RTE-CHI-20251027-001 / DRV-01005 @ CHI
Dock closed early. 1 LTL stops could not unload. Rescheduling AM."
DN-100094,RTE-IND-20251112-001,DRV-01188,HUB-IND,2025-11-12T13:26:00,weather,"[11/12 13:26] RTE-IND-20251112-001 / DRV-01188 @ IND
Whiteout conditions Indianapolis. Held 2 pkgs at hub, road closures on the north loop. POD delayed."
DN-100095,RTE-IND-20251014-004,DRV-01188,HUB-IND,2025-10-14T13:24:00,access,"[10/14 13:24] RTE-IND-20251014-004 / DRV-01188 @ IND
Gate locked at delivery, no answer. ATT x2. the stop left as NSF, reattempt scheduled."
DN-100096,RTE-CMH-20251220-002,DRV-01010,HUB-CMH,2025-12-20T12:19:00,weather,"[12/20 12:19] RTE-CMH-20251220-002 / DRV-01010 @ CMH
Whiteout conditions Columbus. Held 1 pkgs at hub, road closures on the north loop. POD delayed."
DN-100097,RTE-CMH-20250512-004,DRV-01010,HUB-CMH,2025-05-12T19:38:00,volume,"[05/12 19:38] RTE-CMH-20250512-004 / DRV-01010 @ CMH
Overloaded manifest, 65 stops assigned. 2 could not be completed in service window."
DN-100098,RTE-CHI-20251218-001,DRV-01048,HUB-CHI,2025-12-18T07:24:00,mechanical,"[12/18 07:24] RTE-CHI-20251218-001 / DRV-01048 @ CHI
Check-engine light, reduced power. Swapped to spare, 6 stops late."
DN-100099,RTE-IND-20251226-002,DRV-01031,HUB-IND,2025-12-26T09:53:00,access,"[12/26 09:53] RTE-IND-20251226-002 / DRV-01031 @ IND
Gate locked at delivery, no answer. ATT x2. the stop left as NSF, reattempt scheduled."
DN-100100,RTE-CHI-20250218-002,DRV-01035,HUB-CHI,2025-02-18T16:36:00,traffic,"[02/18 16:36] RTE-CHI-20250218-002 / DRV-01035 @ CHI
I-65 closure, major backup. ETA +90m. 5 stops missed cutoff."
DN-100101,RTE-CIN-20250209-001,DRV-01041,HUB-CIN,2025-02-09T14:11:00,weather,"[02/09 14:11] RTE-CIN-20250209-001 / DRV-01041 @ CIN
Snow/ice on route. 20 stops ATT, 6 DEL to next day. Salt trucks late. ETA slippage all afternoon."
DN-100102,RTE-IND-20250425-002,DRV-01032,HUB-IND,2025-04-25T12:21:00,mechanical,"[04/25 12:21] RTE-IND-20250425-002 / DRV-01032 @ IND
Check-engine light, reduced power. Swapped to spare, 2 stops late."
DN-100103,RTE-DET-20251212-003,DRV-01022,HUB-DET,2025-12-12T11:53:00,volume,"[12/12 11:53] RTE-DET-20251212-003 / DRV-01022 @ DET
Overloaded manifest, 52 stops assigned. 1 could not be completed in service window."
DN-100104,RTE-CHI-20251209-001,DRV-01020,HUB-CHI,2025-12-09T12:14:00,customer_nsf,"[12/09 12:14] RTE-CHI-20251209-001 / DRV-01020 @ CHI
the stop NSF - business closed. ATT 1440. Reattempt next biz day."
DN-100105,RTE-CHI-20250418-001,DRV-01047,HUB-CHI,2025-04-18T10:12:00,access,"[04/18 10:12] RTE-CHI-20250418-001 / DRV-01047 @ CHI
Gate locked at delivery, no answer. ATT x2. the stop left as NSF, reattempt scheduled."
DN-100106,RTE-IND-20251112-001,DRV-01188,HUB-IND,2025-11-12T17:07:00,weather,"[11/12 17:07] RTE-IND-20251112-001 / DRV-01188 @ IND
Freezing rain. Driver DRV-01188 pulled early for safety. 2 stops rolled to tomorrow."
DN-100107,RTE-IND-20250128-001,DRV-01033,HUB-IND,2025-01-28T12:10:00,weather,"[01/28 12:10] RTE-IND-20250128-001 / DRV-01033 @ IND
Freezing rain. Driver DRV-01033 pulled early for safety. 4 stops rolled to tomorrow."
DN-100108,RTE-IND-20250226-003,DRV-01006,HUB-IND,2025-02-26T19:52:00,address,"[02/26 19:52] RTE-IND-20250226-003 / DRV-01006 @ IND
Bad address on the stop. Geocode off by ~3mi. Held for dispatch correction."
DN-100109,RTE-CMH-20250115-002,DRV-01028,HUB-CMH,2025-01-15T11:36:00,weather,"[01/15 11:36] RTE-CMH-20250115-002 / DRV-01028 @ CMH
Freezing rain. Driver DRV-01028 pulled early for safety. 1 stops rolled to tomorrow."
DN-100110,RTE-CMH-20251111-001,DRV-01043,HUB-CMH,2025-11-11T08:37:00,address,"[11/11 08:37] RTE-CMH-20251111-001 / DRV-01043 @ CMH
Bad address on the stop. Geocode off by ~3mi. Held for dispatch correction."
DN-100111,RTE-CMH-20251112-003,DRV-01044,HUB-CMH,2025-11-12T17:38:00,weather,"[11/12 17:38] RTE-CMH-20251112-003 / DRV-01044 @ CMH
Snow/ice on route. 64 stops ATT, 6 DEL to next day. Salt trucks late. ETA slippage all afternoon."
DN-100112,RTE-DET-20250909-002,DRV-01046,HUB-DET,2025-09-09T13:42:00,mechanical,"[09/09 13:42] RTE-DET-20250909-002 / DRV-01046 @ DET
Check-engine light, reduced power. Swapped to spare, 3 stops late."
DN-100113,RTE-CIN-20251222-001,DRV-01019,HUB-CIN,2025-12-22T13:52:00,access,"[12/22 13:52] RTE-CIN-20251222-001 / DRV-01019 @ CIN
Dock closed early. 2 LTL stops could not unload. Rescheduling AM."
DN-100114,RTE-CIN-20251008-004,DRV-01002,HUB-CIN,2025-10-08T14:45:00,customer_nsf,"[10/08 14:45] RTE-CIN-20251008-004 / DRV-01002 @ CIN
the stop NSF - business closed. ATT 1440. Reattempt next biz day."
DN-100115,RTE-CIN-20251210-002,DRV-01003,HUB-CIN,2025-12-10T17:17:00,mechanical,"[12/10 17:17] RTE-CIN-20251210-002 / DRV-01003 @ CIN
Check-engine light, reduced power. Swapped to spare, 5 stops late."
DN-100116,RTE-DET-20250218-001,DRV-01046,HUB-DET,2025-02-18T11:20:00,address,"[02/18 11:20] RTE-DET-20250218-001 / DRV-01046 @ DET
Bad address on the stop. Geocode off by ~3mi. Held for dispatch correction."
DN-100117,RTE-CMH-20251225-002,DRV-01016,HUB-CMH,2025-12-25T14:36:00,weather,"[12/25 14:36] RTE-CMH-20251225-002 / DRV-01016 @ CMH
Whiteout conditions Columbus. Held 6 pkgs at hub, road closures on the north loop. POD delayed."
DN-100118,RTE-IND-20251209-001,DRV-01031,HUB-IND,2025-12-09T09:31:00,traffic,"[12/09 09:31] RTE-IND-20251209-001 / DRV-01031 @ IND
I-74 closure, major backup. ETA +90m. 1 stops missed cutoff."
DN-100119,RTE-IND-20250117-003,DRV-01032,HUB-IND,2025-01-17T16:44:00,access,"[01/17 16:44] RTE-IND-20250117-003 / DRV-01032 @ IND
Dock closed early. 6 LTL stops could not unload. Rescheduling AM."
DN-100120,RTE-IND-20250112-001,DRV-01045,HUB-IND,2025-01-12T08:15:00,traffic,"[01/12 08:15] RTE-IND-20250112-001 / DRV-01045 @ IND
Accident on route, detour added. 4 DEL slipped past commit."
DN-100121,RTE-IND-20251119-001,DRV-01031,HUB-IND,2025-11-19T14:41:00,weather,"[11/19 14:41] RTE-IND-20251119-001 / DRV-01031 @ IND
Freezing rain. Driver DRV-01031 pulled early for safety. 5 stops rolled to tomorrow."
DN-100122,RTE-CHI-20251205-001,DRV-01047,HUB-CHI,2025-12-05T11:14:00,weather,"[12/05 11:14] RTE-CHI-20251205-001 / DRV-01047 @ CHI
Whiteout conditions Chicago. Held 2 pkgs at hub, road closures on the north loop. POD delayed."
DN-100123,RTE-DET-20251117-001,DRV-01014,HUB-DET,2025-11-17T12:30:00,address,"[11/17 12:30] RTE-DET-20251117-001 / DRV-01014 @ DET
Suite # missing, 5 stops undeliverable. Contacting account for update."
DN-100124,RTE-CHI-20250207-004,DRV-01017,HUB-CHI,2025-02-07T12:44:00,customer_nsf,"[02/07 12:44] RTE-CHI-20250207-004 / DRV-01017 @ CHI
Consignee refused delivery the stop. Return to hub initiated."
DN-100125,RTE-DET-20251210-001,DRV-01022,HUB-DET,2025-12-10T18:12:00,weather,"[12/10 18:12] RTE-DET-20251210-001 / DRV-01022 @ DET
Snow/ice on route. 60 stops ATT, 3 DEL to next day. Salt trucks late. ETA slippage all afternoon."
DN-100126,RTE-IND-20251216-005,DRV-01033,HUB-IND,2025-12-16T16:48:00,weather,"[12/16 16:48] RTE-IND-20251216-005 / DRV-01033 @ IND
Freezing rain. Driver DRV-01033 pulled early for safety. 1 stops rolled to tomorrow."
DN-100127,RTE-DET-20250313-001,DRV-01046,HUB-DET,2025-03-13T10:18:00,access,"[03/13 10:18] RTE-DET-20250313-001 / DRV-01046 @ DET
Gate locked at delivery, no answer. ATT x2. the stop left as NSF, reattempt scheduled."
DN-100128,RTE-DET-20251214-001,DRV-01046,HUB-DET,2025-12-14T15:08:00,weather,"[12/14 15:08] RTE-DET-20251214-001 / DRV-01046 @ DET
Freezing rain. Driver DRV-01046 pulled early for safety. 5 stops rolled to tomorrow."
DN-100129,RTE-CMH-20251112-003,DRV-01044,HUB-CMH,2025-11-12T19:31:00,weather,"[11/12 19:31] RTE-CMH-20251112-003 / DRV-01044 @ CMH
Snow/ice on route. 64 stops ATT, 6 DEL to next day. Salt trucks late. ETA slippage all afternoon."
DN-100130,RTE-DET-20251230-002,DRV-01046,HUB-DET,2025-12-30T14:21:00,mechanical,"[12/30 14:21] RTE-DET-20251230-002 / DRV-01046 @ DET
Liftgate fault mid-route. DRV-01046 completed 19 stops manual, 2 deferred. VEH flagged for shop."
DN-100131,RTE-CIN-20250410-001,DRV-01002,HUB-CIN,2025-04-10T08:52:00,traffic,"[04/10 08:52] RTE-CIN-20250410-001 / DRV-01002 @ CIN
I-94 closure, major backup. ETA +90m. 1 stops missed cutoff."
DN-100132,RTE-DET-20251215-003,DRV-01022,HUB-DET,2025-12-15T17:03:00,customer_nsf,"[12/15 17:03] RTE-DET-20251215-003 / DRV-01022 @ DET
the stop NSF - business closed. ATT 1440. Reattempt next biz day."
DN-100133,RTE-IND-20251114-002,DRV-01006,HUB-IND,2025-11-14T08:15:00,traffic,"[11/14 08:15] RTE-IND-20251114-002 / DRV-01006 @ IND
I-90 closure, major backup. ETA +90m. 3 stops missed cutoff."
DN-100134,RTE-CHI-20251130-002,DRV-01007,HUB-CHI,2025-11-30T19:39:00,customer_nsf,"[11/30 19:39] RTE-CHI-20251130-002 / DRV-01007 @ CHI
the stop NSF - business closed. ATT 1440. Reattempt next biz day."
DN-100135,RTE-CMH-20251220-002,DRV-01010,HUB-CMH,2025-12-20T11:55:00,traffic,"[12/20 11:55] RTE-CMH-20251220-002 / DRV-01010 @ CMH
Accident on route, detour added. 1 DEL slipped past commit."
DN-100136,RTE-DET-20250118-001,DRV-01046,HUB-DET,2025-01-18T18:06:00,weather,"[01/18 18:06] RTE-DET-20250118-001 / DRV-01046 @ DET
Snow/ice on route. 26 stops ATT, 2 DEL to next day. Salt trucks late. ETA slippage all afternoon."
DN-100137,RTE-DET-20251229-001,DRV-01037,HUB-DET,2025-12-29T09:15:00,address,"[12/29 09:15] RTE-DET-20251229-001 / DRV-01037 @ DET
Bad address on the stop. Geocode off by ~3mi. Held for dispatch correction."
DN-100138,RTE-CHI-20250422-001,DRV-01048,HUB-CHI,2025-04-22T14:44:00,access,"[04/22 14:44] RTE-CHI-20250422-001 / DRV-01048 @ CHI
Dock closed early. 1 LTL stops could not unload. Rescheduling AM."
DN-100139,RTE-CHI-20251111-001,DRV-01011,HUB-CHI,2025-11-11T11:44:00,weather,"[11/11 11:44] RTE-CHI-20251111-001 / DRV-01011 @ CHI
Whiteout conditions Chicago. Held 5 pkgs at hub, road closures on the north loop. POD delayed."
DN-100140,RTE-CIN-20250115-002,DRV-01008,HUB-CIN,2025-01-15T19:50:00,traffic,"[01/15 19:50] RTE-CIN-20250115-002 / DRV-01008 @ CIN
I-94 closure, major backup. ETA +90m. 2 stops missed cutoff."
DN-100141,RTE-CIN-20251107-001,DRV-01023,HUB-CIN,2025-11-07T09:58:00,weather,"[11/07 09:58] RTE-CIN-20251107-001 / DRV-01023 @ CIN
Whiteout conditions Cincinnati. Held 3 pkgs at hub, road closures on the north loop. POD delayed."
DN-100142,RTE-CHI-20250226-001,DRV-01047,HUB-CHI,2025-02-26T11:38:00,weather,"[02/26 11:38] RTE-CHI-20250226-001 / DRV-01047 @ CHI
Freezing rain. Driver DRV-01047 pulled early for safety. 6 stops rolled to tomorrow."
DN-100143,RTE-CIN-20250203-003,DRV-01023,HUB-CIN,2025-02-03T14:44:00,mechanical,"[02/03 14:44] RTE-CIN-20250203-003 / DRV-01023 @ CIN
Check-engine light, reduced power. Swapped to spare, 1 stops late."
DN-100144,RTE-CMH-20251125-001,DRV-01039,HUB-CMH,2025-11-25T15:31:00,weather,"[11/25 15:31] RTE-CMH-20251125-001 / DRV-01039 @ CMH
Whiteout conditions Columbus. Held 3 pkgs at hub, road closures on the north loop. POD delayed."
DN-100145,RTE-IND-20251215-002,DRV-01188,HUB-IND,2025-12-15T18:20:00,traffic,"[12/15 18:20] RTE-IND-20251215-002 / DRV-01188 @ IND
Accident on route, detour added. 4 DEL slipped past commit."
DN-100146,RTE-CHI-20251202-001,DRV-01007,HUB-CHI,2025-12-02T16:37:00,traffic,"[12/02 16:37] RTE-CHI-20251202-001 / DRV-01007 @ CHI
I-71 closure, major backup. ETA +90m. 4 stops missed cutoff."
DN-100147,RTE-CIN-20251212-001,DRV-01034,HUB-CIN,2025-12-12T19:48:00,customer_nsf,"[12/12 19:48] RTE-CIN-20251212-001 / DRV-01034 @ CIN
the stop NSF - business closed. ATT 1440. Reattempt next biz day."
DN-100148,RTE-CMH-20251105-001,DRV-01036,HUB-CMH,2025-11-05T11:11:00,mechanical,"[11/05 11:11] RTE-CMH-20251105-001 / DRV-01036 @ CMH
Check-engine light, reduced power. Swapped to spare, 6 stops late."
DN-100149,RTE-CHI-20250103-002,DRV-01047,HUB-CHI,2025-01-03T14:22:00,traffic,"[01/03 14:22] RTE-CHI-20250103-002 / DRV-01047 @ CHI
Accident on route, detour added. 3 DEL slipped past commit."
DN-100150,RTE-DET-20251114-001,DRV-01021,HUB-DET,2025-11-14T09:21:00,weather,"[11/14 09:21] RTE-DET-20251114-001 / DRV-01021 @ DET
Whiteout conditions Detroit. Held 6 pkgs at hub, road closures on the north loop. POD delayed."
DN-100151,RTE-DET-20250909-001,DRV-01014,HUB-DET,2025-09-09T13:52:00,address,"[09/09 13:52] RTE-DET-20250909-001 / DRV-01014 @ DET
Bad address on the stop. Geocode off by ~3mi. Held for dispatch correction."
DN-100152,RTE-DET-20251115-001,DRV-01004,HUB-DET,2025-11-15T08:49:00,weather,"[11/15 08:49] RTE-DET-20251115-001 / DRV-01004 @ DET
Whiteout conditions Detroit. Held 1 pkgs at hub, road closures on the north loop. POD delayed."
DN-100153,RTE-CHI-20250210-003,DRV-01011,HUB-CHI,2025-02-10T15:29:00,weather,"[02/10 15:29] RTE-CHI-20250210-003 / DRV-01011 @ CHI
Whiteout conditions Chicago. Held 6 pkgs at hub, road closures on the north loop. POD delayed."
DN-100154,RTE-IND-20250218-001,DRV-01033,HUB-IND,2025-02-18T19:31:00,access,"[02/18 19:31] RTE-IND-20250218-001 / DRV-01033 @ IND
Dock closed early. 6 LTL stops could not unload. Rescheduling AM."
DN-100155,RTE-IND-20250317-001,DRV-01188,HUB-IND,2025-03-17T11:28:00,address,"[03/17 11:28] RTE-IND-20250317-001 / DRV-01188 @ IND
Suite # missing, 1 stops undeliverable. Contacting account for update."
DN-100156,RTE-IND-20251209-001,DRV-01031,HUB-IND,2025-12-09T19:15:00,customer_nsf,"[12/09 19:15] RTE-IND-20251209-001 / DRV-01031 @ IND
the stop NSF - business closed. ATT 1440. Reattempt next biz day."
DN-100157,RTE-DET-20250205-003,DRV-01046,HUB-DET,2025-02-05T08:14:00,customer_nsf,"[02/05 08:14] RTE-DET-20250205-003 / DRV-01046 @ DET
the stop NSF - business closed. ATT 1440. Reattempt next biz day."
DN-100158,RTE-DET-20250223-003,DRV-01021,HUB-DET,2025-02-23T09:31:00,address,"[02/23 09:31] RTE-DET-20250223-003 / DRV-01021 @ DET
Suite # missing, 4 stops undeliverable. Contacting account for update."
DN-100159,RTE-DET-20250128-005,DRV-01014,HUB-DET,2025-01-28T14:30:00,access,"[01/28 14:30] RTE-DET-20250128-005 / DRV-01014 @ DET
Gate locked at delivery, no answer. ATT x2. the stop left as NSF, reattempt scheduled."
DN-100160,RTE-CMH-20251218-001,DRV-01015,HUB-CMH,2025-12-18T16:32:00,access,"[12/18 16:32] RTE-CMH-20251218-001 / DRV-01015 @ CMH
Gate locked at delivery, no answer. ATT x2. the stop left as NSF, reattempt scheduled."
DN-100161,RTE-IND-20250221-002,DRV-01031,HUB-IND,2025-02-21T13:21:00,volume,"[02/21 13:21] RTE-IND-20250221-002 / DRV-01031 @ IND
Peak volume, truck full. 1 pkgs bumped to overflow route."
DN-100162,RTE-DET-20250313-001,DRV-01046,HUB-DET,2025-03-13T16:37:00,mechanical,"[03/13 16:37] RTE-DET-20250313-001 / DRV-01046 @ DET
Check-engine light, reduced power. Swapped to spare, 3 stops late."
DN-100163,RTE-CHI-20251205-001,DRV-01047,HUB-CHI,2025-12-05T12:35:00,mechanical,"[12/05 12:35] RTE-CHI-20251205-001 / DRV-01047 @ CHI
Check-engine light, reduced power. Swapped to spare, 2 stops late."
DN-100164,RTE-IND-20250221-003,DRV-01045,HUB-IND,2025-02-21T18:15:00,traffic,"[02/21 18:15] RTE-IND-20250221-003 / DRV-01045 @ IND
I-94 closure, major backup. ETA +90m. 6 stops missed cutoff."
DN-100165,RTE-IND-20251225-001,DRV-01045,HUB-IND,2025-12-25T18:58:00,volume,"[12/25 18:58] RTE-IND-20251225-001 / DRV-01045 @ IND
Peak volume, truck full. 2 pkgs bumped to overflow route."
DN-100166,RTE-CIN-20250811-004,DRV-01041,HUB-CIN,2025-08-11T17:09:00,volume,"[08/11 17:09] RTE-CIN-20250811-004 / DRV-01041 @ CIN
Peak volume, truck full. 1 pkgs bumped to overflow route."
DN-100167,RTE-DET-20250108-001,DRV-01014,HUB-DET,2025-01-08T12:55:00,traffic,"[01/08 12:55] RTE-DET-20250108-001 / DRV-01014 @ DET
I-94 closure, major backup. ETA +90m. 5 stops missed cutoff."
DN-100168,RTE-DET-20251002-001,DRV-01046,HUB-DET,2025-10-02T07:46:00,traffic,"[10/02 07:46] RTE-DET-20251002-001 / DRV-01046 @ DET
I-94 closure, major backup. ETA +90m. 2 stops missed cutoff."
DN-100169,RTE-CIN-20250227-002,DRV-01019,HUB-CIN,2025-02-27T08:30:00,traffic,"[02/27 08:30] RTE-CIN-20250227-002 / DRV-01019 @ CIN
Accident on route, detour added. 3 DEL slipped past commit."
DN-100170,RTE-CHI-20251112-002,DRV-01011,HUB-CHI,2025-11-12T08:54:00,access,"[11/12 08:54] RTE-CHI-20251112-002 / DRV-01011 @ CHI
Dock closed early. 6 LTL stops could not unload. Rescheduling AM."
DN-100171,RTE-CHI-20250822-004,DRV-01012,HUB-CHI,2025-08-22T15:02:00,volume,"[08/22 15:02] RTE-CHI-20250822-004 / DRV-01012 @ CHI
Overloaded manifest, 28 stops assigned. 1 could not be completed in service window."
DN-100172,RTE-CIN-20251121-003,DRV-01025,HUB-CIN,2025-11-21T10:47:00,traffic,"[11/21 10:47] RTE-CIN-20251121-003 / DRV-01025 @ CIN
I-94 closure, major backup. ETA +90m. 6 stops missed cutoff."
DN-100173,RTE-CHI-20251225-002,DRV-01005,HUB-CHI,2025-12-25T18:55:00,volume,"[12/25 18:55] RTE-CHI-20251225-002 / DRV-01005 @ CHI
Overloaded manifest, 40 stops assigned. 5 could not be completed in service window."
DN-100174,RTE-CHI-20251209-002,DRV-01005,HUB-CHI,2025-12-09T07:02:00,weather,"[12/09 07:02] RTE-CHI-20251209-002 / DRV-01005 @ CHI
Whiteout conditions Chicago. Held 2 pkgs at hub, road closures on the north loop. POD delayed."
DN-100175,RTE-CMH-20250103-002,DRV-01001,HUB-CMH,2025-01-03T09:15:00,access,"[01/03 09:15] RTE-CMH-20250103-002 / DRV-01001 @ CMH
Dock closed early. 3 LTL stops could not unload. Rescheduling AM."
DN-100176,RTE-CIN-20250106-002,DRV-01002,HUB-CIN,2025-01-06T09:05:00,weather,"[01/06 09:05] RTE-CIN-20250106-002 / DRV-01002 @ CIN
Freezing rain. Driver DRV-01002 pulled early for safety. 2 stops rolled to tomorrow."
DN-100177,RTE-DET-20250225-002,DRV-01022,HUB-DET,2025-02-25T16:09:00,weather,"[02/25 16:09] RTE-DET-20250225-002 / DRV-01022 @ DET
Snow/ice on route. 25 stops ATT, 3 DEL to next day. Salt trucks late. ETA slippage all afternoon."
DN-100178,RTE-IND-20250117-001,DRV-01031,HUB-IND,2025-01-17T17:00:00,mechanical,"[01/17 17:00] RTE-IND-20250117-001 / DRV-01031 @ IND
Check-engine light, reduced power. Swapped to spare, 2 stops late."
DN-100179,RTE-CHI-20251015-003,DRV-01005,HUB-CHI,2025-10-15T14:22:00,access,"[10/15 14:22] RTE-CHI-20251015-003 / DRV-01005 @ CHI
Dock closed early. 1 LTL stops could not unload. Rescheduling AM."
DN-100180,RTE-CMH-20251117-004,DRV-01001,HUB-CMH,2025-11-17T14:54:00,address,"[11/17 14:54] RTE-CMH-20251117-004 / DRV-01001 @ CMH
Suite # missing, 3 stops undeliverable. Contacting account for update."
DN-100181,RTE-CIN-20251214-001,DRV-01038,HUB-CIN,2025-12-14T08:15:00,traffic,"[12/14 08:15] RTE-CIN-20251214-001 / DRV-01038 @ CIN
Accident on route, detour added. 2 DEL slipped past commit."
DN-100182,RTE-CHI-20250220-001,DRV-01047,HUB-CHI,2025-02-20T18:18:00,weather,"[02/20 18:18] RTE-CHI-20250220-001 / DRV-01047 @ CHI
Snow/ice on route. 63 stops ATT, 2 DEL to next day. Salt trucks late. ETA slippage all afternoon."
DN-100183,RTE-CMH-20251111-001,DRV-01043,HUB-CMH,2025-11-11T17:49:00,weather,"[11/11 17:49] RTE-CMH-20251111-001 / DRV-01043 @ CMH
Freezing rain. Driver DRV-01043 pulled early for safety. 5 stops rolled to tomorrow."
DN-100184,RTE-CIN-20250225-005,DRV-01023,HUB-CIN,2025-02-25T11:49:00,volume,"[02/25 11:49] RTE-CIN-20250225-005 / DRV-01023 @ CIN
Overloaded manifest, 57 stops assigned. 4 could not be completed in service window."
DN-100185,RTE-IND-20251111-003,DRV-01033,HUB-IND,2025-11-11T10:39:00,weather,"[11/11 10:39] RTE-IND-20251111-003 / DRV-01033 @ IND
Freezing rain. Driver DRV-01033 pulled early for safety. 5 stops rolled to tomorrow."
DN-100186,RTE-CMH-20250109-003,DRV-01049,HUB-CMH,2025-01-09T11:50:00,address,"[01/09 11:50] RTE-CMH-20250109-003 / DRV-01049 @ CMH
Suite # missing, 4 stops undeliverable. Contacting account for update."
DN-100187,RTE-CHI-20250114-002,DRV-01047,HUB-CHI,2025-01-14T08:58:00,address,"[01/14 08:58] RTE-CHI-20250114-002 / DRV-01047 @ CHI
Suite # missing, 2 stops undeliverable. Contacting account for update."
DN-100188,RTE-CHI-20250111-002,DRV-01020,HUB-CHI,2025-01-11T09:50:00,weather,"[01/11 09:50] RTE-CHI-20250111-002 / DRV-01020 @ CHI
Freezing rain. Driver DRV-01020 pulled early for safety. 5 stops rolled to tomorrow."
DN-100189,RTE-CHI-20250203-002,DRV-01035,HUB-CHI,2025-02-03T09:16:00,traffic,"[02/03 09:16] RTE-CHI-20250203-002 / DRV-01035 @ CHI
Accident on route, detour added. 4 DEL slipped past commit."
DN-100190,RTE-CHI-20250111-002,DRV-01020,HUB-CHI,2025-01-11T08:29:00,access,"[01/11 08:29] RTE-CHI-20250111-002 / DRV-01020 @ CHI
Gate locked at delivery, no answer. ATT x2. the stop left as NSF, reattempt scheduled."
DN-100191,RTE-DET-20251121-002,DRV-01004,HUB-DET,2025-11-21T17:46:00,weather,"[11/21 17:46] RTE-DET-20251121-002 / DRV-01004 @ DET
Freezing rain. Driver DRV-01004 pulled early for safety. 4 stops rolled to tomorrow."
DN-100192,RTE-CHI-20251203-005,DRV-01020,HUB-CHI,2025-12-03T12:05:00,volume,"[12/03 12:05] RTE-CHI-20251203-005 / DRV-01020 @ CHI
Peak volume, truck full. 5 pkgs bumped to overflow route."
DN-100193,RTE-DET-20250213-001,DRV-01004,HUB-DET,2025-02-13T12:43:00,weather,"[02/13 12:43] RTE-DET-20250213-001 / DRV-01004 @ DET
Freezing rain. Driver DRV-01004 pulled early for safety. 4 stops rolled to tomorrow."
DN-100194,RTE-DET-20250331-002,DRV-01004,HUB-DET,2025-03-31T17:23:00,customer_nsf,"[03/31 17:23] RTE-DET-20250331-002 / DRV-01004 @ DET
the stop NSF - business closed. ATT 1440. Reattempt next biz day."
DN-100195,RTE-IND-20251202-001,DRV-01188,HUB-IND,2025-12-02T15:20:00,weather,"[12/02 15:20] RTE-IND-20251202-001 / DRV-01188 @ IND
Freezing rain. Driver DRV-01188 pulled early for safety. 6 stops rolled to tomorrow."
DN-100196,RTE-IND-20250214-002,DRV-01031,HUB-IND,2025-02-14T14:58:00,address,"[02/14 14:58] RTE-IND-20250214-002 / DRV-01031 @ IND
Suite # missing, 4 stops undeliverable. Contacting account for update."
DN-100197,RTE-CIN-20250627-001,DRV-01019,HUB-CIN,2025-06-27T07:19:00,access,"[06/27 07:19] RTE-CIN-20250627-001 / DRV-01019 @ CIN
Dock closed early. 3 LTL stops could not unload. Rescheduling AM."
DN-100198,RTE-CHI-20251104-002,DRV-01011,HUB-CHI,2025-11-04T09:24:00,traffic,"[11/04 09:24] RTE-CHI-20251104-002 / DRV-01011 @ CHI
Accident on route, detour added. 2 DEL slipped past commit."
DN-100199,RTE-IND-20251202-003,DRV-01024,HUB-IND,2025-12-02T15:26:00,volume,"[12/02 15:26] RTE-IND-20251202-003 / DRV-01024 @ IND
Overloaded manifest, 36 stops assigned. 2 could not be completed in service window."
DN-100200,RTE-CHI-20250220-002,DRV-01017,HUB-CHI,2025-02-20T16:26:00,volume,"[02/20 16:26] RTE-CHI-20250220-002 / DRV-01017 @ CHI
Peak volume, truck full. 6 pkgs bumped to overflow route."
DN-100201,RTE-DET-20251210-002,DRV-01037,HUB-DET,2025-12-10T14:15:00,weather,"[12/10 14:15] RTE-DET-20251210-002 / DRV-01037 @ DET
Snow/ice on route. 25 stops ATT, 3 DEL to next day. Salt trucks late. ETA slippage all afternoon."
DN-100202,RTE-IND-20251112-002,DRV-01006,HUB-IND,2025-11-12T17:22:00,traffic,"[11/12 17:22] RTE-IND-20251112-002 / DRV-01006 @ IND
I-94 closure, major backup. ETA +90m. 3 stops missed cutoff."
DN-100203,RTE-IND-20250221-002,DRV-01031,HUB-IND,2025-02-21T14:05:00,traffic,"[02/21 14:05] RTE-IND-20250221-002 / DRV-01031 @ IND
I-65 closure, major backup. ETA +90m. 1 stops missed cutoff."
DN-100204,RTE-CMH-20250311-002,DRV-01013,HUB-CMH,2025-03-11T09:50:00,mechanical,"[03/11 09:50] RTE-CMH-20250311-002 / DRV-01013 @ CMH
Liftgate fault mid-route. DRV-01013 completed 60 stops manual, 2 deferred. VEH flagged for shop."
DN-100205,RTE-CIN-20250718-003,DRV-01041,HUB-CIN,2025-07-18T16:13:00,address,"[07/18 16:13] RTE-CIN-20250718-003 / DRV-01041 @ CIN
Bad address on the stop. Geocode off by ~3mi. Held for dispatch correction."
DN-100206,RTE-IND-20250224-005,DRV-01024,HUB-IND,2025-02-24T16:00:00,volume,"[02/24 16:00] RTE-IND-20250224-005 / DRV-01024 @ IND
Overloaded manifest, 61 stops assigned. 6 could not be completed in service window."
DN-100207,RTE-IND-20250714-001,DRV-01006,HUB-IND,2025-07-14T17:55:00,access,"[07/14 17:55] RTE-IND-20250714-001 / DRV-01006 @ IND
Gate locked at delivery, no answer. ATT x2. the stop left as NSF, reattempt scheduled."
DN-100208,RTE-CIN-20250708-001,DRV-01003,HUB-CIN,2025-07-08T10:37:00,volume,"[07/08 10:37] RTE-CIN-20250708-001 / DRV-01003 @ CIN
Peak volume, truck full. 1 pkgs bumped to overflow route."
DN-100209,RTE-DET-20250116-001,DRV-01022,HUB-DET,2025-01-16T18:26:00,weather,"[01/16 18:26] RTE-DET-20250116-001 / DRV-01022 @ DET
Freezing rain. Driver DRV-01022 pulled early for safety. 3 stops rolled to tomorrow."
DN-100210,RTE-CHI-20250111-002,DRV-01020,HUB-CHI,2025-01-11T19:23:00,mechanical,"[01/11 19:23] RTE-CHI-20250111-002 / DRV-01020 @ CHI
Liftgate fault mid-route. DRV-01020 completed 30 stops manual, 5 deferred. VEH flagged for shop."
DN-100211,RTE-CHI-20250207-002,DRV-01047,HUB-CHI,2025-02-07T07:46:00,traffic,"[02/07 07:46] RTE-CHI-20250207-002 / DRV-01047 @ CHI
Accident on route, detour added. 3 DEL slipped past commit."
DN-100212,RTE-CIN-20250209-001,DRV-01041,HUB-CIN,2025-02-09T14:54:00,weather,"[02/09 14:54] RTE-CIN-20250209-001 / DRV-01041 @ CIN
Whiteout conditions Cincinnati. Held 6 pkgs at hub, road closures on the north loop. POD delayed."
DN-100213,RTE-CIN-20250115-002,DRV-01008,HUB-CIN,2025-01-15T14:04:00,mechanical,"[01/15 14:04] RTE-CIN-20250115-002 / DRV-01008 @ CIN
Liftgate fault mid-route. DRV-01008 completed 39 stops manual, 2 deferred. VEH flagged for shop."
DN-100214,RTE-IND-20250411-002,DRV-01188,HUB-IND,2025-04-11T11:39:00,access,"[04/11 11:39] RTE-IND-20250411-002 / DRV-01188 @ IND
Dock closed early. 3 LTL stops could not unload. Rescheduling AM."
DN-100215,RTE-CHI-20250913-001,DRV-01007,HUB-CHI,2025-09-13T14:32:00,address,"[09/13 14:32] RTE-CHI-20250913-001 / DRV-01007 @ CHI
Suite # missing, 1 stops undeliverable. Contacting account for update."
DN-100216,RTE-CIN-20250110-001,DRV-01003,HUB-CIN,2025-01-10T17:41:00,weather,"[01/10 17:41] RTE-CIN-20250110-001 / DRV-01003 @ CIN
Freezing rain. Driver DRV-01003 pulled early for safety. 3 stops rolled to tomorrow."
DN-100217,RTE-CIN-20251105-004,DRV-01002,HUB-CIN,2025-11-05T10:26:00,mechanical,"[11/05 10:26] RTE-CIN-20251105-004 / DRV-01002 @ CIN
Check-engine light, reduced power. Swapped to spare, 5 stops late."
DN-100218,RTE-CMH-20250112-002,DRV-01044,HUB-CMH,2025-01-12T12:27:00,address,"[01/12 12:27] RTE-CMH-20250112-002 / DRV-01044 @ CMH
Suite # missing, 4 stops undeliverable. Contacting account for update."
DN-100219,RTE-IND-20251217-003,DRV-01188,HUB-IND,2025-12-17T17:59:00,traffic,"[12/17 17:59] RTE-IND-20251217-003 / DRV-01188 @ IND
Accident on route, detour added. 6 DEL slipped past commit."
DN-100220,RTE-CHI-20251202-001,DRV-01007,HUB-CHI,2025-12-02T13:06:00,weather,"[12/02 13:06] RTE-CHI-20251202-001 / DRV-01007 @ CHI
Freezing rain. Driver DRV-01007 pulled early for safety. 4 stops rolled to tomorrow."
DN-100221,RTE-CMH-20251018-001,DRV-01001,HUB-CMH,2025-10-18T07:37:00,access,"[10/18 07:37] RTE-CMH-20251018-001 / DRV-01001 @ CMH
Dock closed early. 2 LTL stops could not unload. Rescheduling AM."
DN-100222,RTE-CHI-20250919-001,DRV-01011,HUB-CHI,2025-09-19T17:48:00,customer_nsf,"[09/19 17:48] RTE-CHI-20250919-001 / DRV-01011 @ CHI
Consignee refused delivery the stop. Return to hub initiated."
DN-100223,RTE-CHI-20251224-001,DRV-01005,HUB-CHI,2025-12-24T11:22:00,weather,"[12/24 11:22] RTE-CHI-20251224-001 / DRV-01005 @ CHI
Snow/ice on route. 35 stops ATT, 2 DEL to next day. Salt trucks late. ETA slippage all afternoon."
DN-100224,RTE-DET-20250110-002,DRV-01021,HUB-DET,2025-01-10T12:54:00,traffic,"[01/10 12:54] RTE-DET-20250110-002 / DRV-01021 @ DET
Accident on route, detour added. 3 DEL slipped past commit."
DN-100225,RTE-DET-20250108-006,DRV-01021,HUB-DET,2025-01-08T19:27:00,customer_nsf,"[01/08 19:27] RTE-DET-20250108-006 / DRV-01021 @ DET
the stop NSF - business closed. ATT 1440. Reattempt next biz day."
DN-100226,RTE-IND-20250212-003,DRV-01033,HUB-IND,2025-02-12T11:01:00,volume,"[02/12 11:01] RTE-IND-20250212-003 / DRV-01033 @ IND
Overloaded manifest, 37 stops assigned. 1 could not be completed in service window."
DN-100227,RTE-CMH-20251124-003,DRV-01028,HUB-CMH,2025-11-24T12:22:00,weather,"[11/24 12:22] RTE-CMH-20251124-003 / DRV-01028 @ CMH
Snow/ice on route. 32 stops ATT, 3 DEL to next day. Salt trucks late. ETA slippage all afternoon."
DN-100228,RTE-CIN-20250227-002,DRV-01019,HUB-CIN,2025-02-27T13:04:00,customer_nsf,"[02/27 13:04] RTE-CIN-20250227-002 / DRV-01019 @ CIN
the stop NSF - business closed. ATT 1440. Reattempt next biz day."
DN-100229,RTE-CHI-20250311-002,DRV-01005,HUB-CHI,2025-03-11T18:33:00,access,"[03/11 18:33] RTE-CHI-20250311-002 / DRV-01005 @ CHI
Dock closed early. 1 LTL stops could not unload. Rescheduling AM."
DN-100230,RTE-CHI-20250204-001,DRV-01035,HUB-CHI,2025-02-04T12:49:00,weather,"[02/04 12:49] RTE-CHI-20250204-001 / DRV-01035 @ CHI
Freezing rain. Driver DRV-01035 pulled early for safety. 5 stops rolled to tomorrow."
DN-100231,RTE-IND-20250221-001,DRV-01045,HUB-IND,2025-02-21T09:48:00,weather,"[02/21 09:48] RTE-IND-20250221-001 / DRV-01045 @ IND
Freezing rain. Driver DRV-01045 pulled early for safety. 4 stops rolled to tomorrow."
DN-100232,RTE-DET-20251125-001,DRV-01046,HUB-DET,2025-11-25T14:38:00,address,"[11/25 14:38] RTE-DET-20251125-001 / DRV-01046 @ DET
Suite # missing, 6 stops undeliverable. Contacting account for update."
DN-100233,RTE-CIN-20250912-001,DRV-01034,HUB-CIN,2025-09-12T08:22:00,volume,"[09/12 08:22] RTE-CIN-20250912-001 / DRV-01034 @ CIN
Peak volume, truck full. 2 pkgs bumped to overflow route."
DN-100234,RTE-DET-20250313-001,DRV-01046,HUB-DET,2025-03-13T14:33:00,address,"[03/13 14:33] RTE-DET-20250313-001 / DRV-01046 @ DET
Suite # missing, 3 stops undeliverable. Contacting account for update."
DN-100235,RTE-IND-20251209-002,DRV-01188,HUB-IND,2025-12-09T07:00:00,traffic,"[12/09 07:00] RTE-IND-20251209-002 / DRV-01188 @ IND
I-74 closure, major backup. ETA +90m. 1 stops missed cutoff."
DN-100236,RTE-CIN-20250113-002,DRV-01002,HUB-CIN,2025-01-13T19:16:00,volume,"[01/13 19:16] RTE-CIN-20250113-002 / DRV-01002 @ CIN
Peak volume, truck full. 3 pkgs bumped to overflow route."
DN-100237,RTE-CMH-20250102-002,DRV-01028,HUB-CMH,2025-01-02T13:11:00,mechanical,"[01/02 13:11] RTE-CMH-20250102-002 / DRV-01028 @ CMH
Liftgate fault mid-route. DRV-01028 completed 25 stops manual, 6 deferred. VEH flagged for shop."
DN-100238,RTE-CHI-20250203-002,DRV-01035,HUB-CHI,2025-02-03T15:53:00,weather,"[02/03 15:53] RTE-CHI-20250203-002 / DRV-01035 @ CHI
Freezing rain. Driver DRV-01035 pulled early for safety. 4 stops rolled to tomorrow."
DN-100239,RTE-CHI-20250226-001,DRV-01047,HUB-CHI,2025-02-26T07:27:00,traffic,"[02/26 07:27] RTE-CHI-20250226-001 / DRV-01047 @ CHI
I-94 closure, major backup. ETA +90m. 6 stops missed cutoff."
DN-100240,RTE-CIN-20250203-003,DRV-01023,HUB-CIN,2025-02-03T16:27:00,traffic,"[02/03 16:27] RTE-CIN-20250203-003 / DRV-01023 @ CIN
Accident on route, detour added. 1 DEL slipped past commit."
DN-100241,RTE-CIN-20251204-001,DRV-01034,HUB-CIN,2025-12-04T13:01:00,weather,"[12/04 13:01] RTE-CIN-20251204-001 / DRV-01034 @ CIN
Whiteout conditions Cincinnati. Held 3 pkgs at hub, road closures on the north loop. POD delayed."
DN-100242,RTE-CHI-20250623-003,DRV-01012,HUB-CHI,2025-06-23T18:58:00,address,"[06/23 18:58] RTE-CHI-20250623-003 / DRV-01012 @ CHI
Suite # missing, 3 stops undeliverable. Contacting account for update."
DN-100243,RTE-IND-20251031-002,DRV-01032,HUB-IND,2025-10-31T13:37:00,access,"[10/31 13:37] RTE-IND-20251031-002 / DRV-01032 @ IND
Dock closed early. 3 LTL stops could not unload. Rescheduling AM."
DN-100244,RTE-CHI-20250130-001,DRV-01047,HUB-CHI,2025-01-30T18:21:00,traffic,"[01/30 18:21] RTE-CHI-20250130-001 / DRV-01047 @ CHI
I-74 closure, major backup. ETA +90m. 4 stops missed cutoff."
DN-100245,RTE-CHI-20251106-006,DRV-01007,HUB-CHI,2025-11-06T17:07:00,weather,"[11/06 17:07] RTE-CHI-20251106-006 / DRV-01007 @ CHI
Freezing rain. Driver DRV-01007 pulled early for safety. 5 stops rolled to tomorrow."
DN-100246,RTE-CMH-20250102-004,DRV-01015,HUB-CMH,2025-01-02T12:46:00,volume,"[01/02 12:46] RTE-CMH-20250102-004 / DRV-01015 @ CMH
Overloaded manifest, 62 stops assigned. 5 could not be completed in service window."
DN-100247,RTE-CMH-20251001-001,DRV-01009,HUB-CMH,2025-10-01T09:38:00,mechanical,"[10/01 09:38] RTE-CMH-20251001-001 / DRV-01009 @ CMH
Liftgate fault mid-route. DRV-01009 completed 41 stops manual, 2 deferred. VEH flagged for shop."
DN-100248,RTE-CHI-20250422-001,DRV-01048,HUB-CHI,2025-04-22T17:31:00,traffic,"[04/22 17:31] RTE-CHI-20250422-001 / DRV-01048 @ CHI
Accident on route, detour added. 1 DEL slipped past commit."
DN-100249,RTE-CIN-20250505-001,DRV-01023,HUB-CIN,2025-05-05T16:41:00,customer_nsf,"[05/05 16:41] RTE-CIN-20250505-001 / DRV-01023 @ CIN
Consignee refused delivery the stop. Return to hub initiated."
DN-100250,RTE-IND-20251213-001,DRV-01031,HUB-IND,2025-12-13T14:28:00,mechanical,"[12/13 14:28] RTE-IND-20251213-001 / DRV-01031 @ IND
Check-engine light, reduced power. Swapped to spare, 2 stops late."
DN-100251,RTE-IND-20250122-003,DRV-01033,HUB-IND,2025-01-22T08:19:00,access,"[01/22 08:19] RTE-IND-20250122-003 / DRV-01033 @ IND
Dock closed early. 2 LTL stops could not unload. Rescheduling AM."
DN-100252,RTE-CHI-20251105-001,DRV-01005,HUB-CHI,2025-11-05T11:04:00,access,"[11/05 11:04] RTE-CHI-20251105-001 / DRV-01005 @ CHI
Gate locked at delivery, no answer. ATT x2. the stop left as NSF, reattempt scheduled."
DN-100253,RTE-CHI-20251123-001,DRV-01017,HUB-CHI,2025-11-23T16:35:00,access,"[11/23 16:35] RTE-CHI-20251123-001 / DRV-01017 @ CHI
Gate locked at delivery, no answer. ATT x2. the stop left as NSF, reattempt scheduled."
DN-100254,RTE-DET-20250709-007,DRV-01021,HUB-DET,2025-07-09T10:20:00,address,"[07/09 10:20] RTE-DET-20250709-007 / DRV-01021 @ DET
Suite # missing, 3 stops undeliverable. Contacting account for update."
DN-100255,RTE-CMH-20251230-001,DRV-01013,HUB-CMH,2025-12-30T08:51:00,weather,"[12/30 08:51] RTE-CMH-20251230-001 / DRV-01013 @ CMH
Whiteout conditions Columbus. Held 2 pkgs at hub, road closures on the north loop. POD delayed."
DN-100256,RTE-IND-20250221-001,DRV-01045,HUB-IND,2025-02-21T07:15:00,address,"[02/21 07:15] RTE-IND-20250221-001 / DRV-01045 @ IND
Suite # missing, 4 stops undeliverable. Contacting account for update."
DN-100257,RTE-DET-20251125-003,DRV-01021,HUB-DET,2025-11-25T12:58:00,weather,"[11/25 12:58] RTE-DET-20251125-003 / DRV-01021 @ DET
Whiteout conditions Detroit. Held 3 pkgs at hub, road closures on the north loop. POD delayed."
DN-100258,RTE-CHI-20250106-002,DRV-01035,HUB-CHI,2025-01-06T16:03:00,access,"[01/06 16:03] RTE-CHI-20250106-002 / DRV-01035 @ CHI
Dock closed early. 5 LTL stops could not unload. Rescheduling AM."
DN-100259,RTE-IND-20250126-001,DRV-01042,HUB-IND,2025-01-26T13:18:00,customer_nsf,"[01/26 13:18] RTE-IND-20250126-001 / DRV-01042 @ IND
Consignee refused delivery the stop. Return to hub initiated."
DN-100260,RTE-CIN-20250101-003,DRV-01002,HUB-CIN,2025-01-01T16:55:00,traffic,"[01/01 16:55] RTE-CIN-20250101-003 / DRV-01002 @ CIN
I-74 closure, major backup. ETA +90m. 1 stops missed cutoff."
DN-100261,RTE-IND-20250214-001,DRV-01045,HUB-IND,2025-02-14T12:19:00,address,"[02/14 12:19] RTE-IND-20250214-001 / DRV-01045 @ IND
Suite # missing, 4 stops undeliverable. Contacting account for update."
DN-100262,RTE-CHI-20251123-001,DRV-01017,HUB-CHI,2025-11-23T11:35:00,traffic,"[11/23 11:35] RTE-CHI-20251123-001 / DRV-01017 @ CHI
Accident on route, detour added. 5 DEL slipped past commit."
DN-100263,RTE-IND-20251204-005,DRV-01031,HUB-IND,2025-12-04T17:44:00,volume,"[12/04 17:44] RTE-IND-20251204-005 / DRV-01031 @ IND
Overloaded manifest, 57 stops assigned. 1 could not be completed in service window."
DN-100264,RTE-IND-20251202-003,DRV-01024,HUB-IND,2025-12-02T07:23:00,mechanical,"[12/02 07:23] RTE-IND-20251202-003 / DRV-01024 @ IND
Check-engine light, reduced power. Swapped to spare, 2 stops late."
DN-100265,RTE-CIN-20251202-001,DRV-01008,HUB-CIN,2025-12-02T19:31:00,access,"[12/02 19:31] RTE-CIN-20251202-001 / DRV-01008 @ CIN
Gate locked at delivery, no answer. ATT x2. the stop left as NSF, reattempt scheduled."
DN-100266,RTE-CIN-20251214-001,DRV-01038,HUB-CIN,2025-12-14T11:54:00,weather,"[12/14 11:54] RTE-CIN-20251214-001 / DRV-01038 @ CIN
Snow/ice on route. 53 stops ATT, 2 DEL to next day. Salt trucks late. ETA slippage all afternoon."
DN-100267,RTE-CIN-20251229-001,DRV-01025,HUB-CIN,2025-12-29T15:02:00,volume,"[12/29 15:02] RTE-CIN-20251229-001 / DRV-01025 @ CIN
Peak volume, truck full. 6 pkgs bumped to overflow route."
DN-100268,RTE-CHI-20251107-002,DRV-01020,HUB-CHI,2025-11-07T09:11:00,access,"[11/07 09:11] RTE-CHI-20251107-002 / DRV-01020 @ CHI
Gate locked at delivery, no answer. ATT x2. the stop left as NSF, reattempt scheduled."
DN-100269,RTE-CMH-20250414-002,DRV-01013,HUB-CMH,2025-04-14T17:46:00,customer_nsf,"[04/14 17:46] RTE-CMH-20250414-002 / DRV-01013 @ CMH
the stop NSF - business closed. ATT 1440. Reattempt next biz day."
DN-100270,RTE-CMH-20251218-002,DRV-01036,HUB-CMH,2025-12-18T19:28:00,volume,"[12/18 19:28] RTE-CMH-20251218-002 / DRV-01036 @ CMH
Overloaded manifest, 27 stops assigned. 5 could not be completed in service window."
DN-100271,RTE-CMH-20250115-003,DRV-01016,HUB-CMH,2025-01-15T19:30:00,traffic,"[01/15 19:30] RTE-CMH-20250115-003 / DRV-01016 @ CMH
I-74 closure, major backup. ETA +90m. 6 stops missed cutoff."
DN-100272,RTE-CMH-20250319-003,DRV-01039,HUB-CMH,2025-03-19T14:29:00,address,"[03/19 14:29] RTE-CMH-20250319-003 / DRV-01039 @ CMH
Suite # missing, 2 stops undeliverable. Contacting account for update."
DN-100273,RTE-IND-20250602-001,DRV-01033,HUB-IND,2025-06-02T09:52:00,customer_nsf,"[06/02 09:52] RTE-IND-20250602-001 / DRV-01033 @ IND
the stop NSF - business closed. ATT 1440. Reattempt next biz day."
DN-100274,RTE-CMH-20250225-002,DRV-01010,HUB-CMH,2025-02-25T17:30:00,weather,"[02/25 17:30] RTE-CMH-20250225-002 / DRV-01010 @ CMH
Whiteout conditions Columbus. Held 3 pkgs at hub, road closures on the north loop. POD delayed."
DN-100275,RTE-CMH-20251209-002,DRV-01010,HUB-CMH,2025-12-09T15:54:00,address,"[12/09 15:54] RTE-CMH-20251209-002 / DRV-01010 @ CMH
Bad address on SHP-202512-000438. Geocode off by ~3mi. Held for dispatch correction."
DN-100276,RTE-CMH-20250110-004,DRV-01030,HUB-CMH,2025-01-10T13:05:00,mechanical,"[01/10 13:05] RTE-CMH-20250110-004 / DRV-01030 @ CMH
Liftgate fault mid-route. DRV-01030 completed 56 stops manual, 5 deferred. VEH flagged for shop."
DN-100277,RTE-CMH-20250729-003,DRV-01043,HUB-CMH,2025-07-29T13:03:00,traffic,"[07/29 13:03] RTE-CMH-20250729-003 / DRV-01043 @ CMH
Accident on route, detour added. 3 DEL slipped past commit."
DN-100278,RTE-CMH-20250203-002,DRV-01044,HUB-CMH,2025-02-03T08:23:00,access,"[02/03 08:23] RTE-CMH-20250203-002 / DRV-01044 @ CMH
Gate locked at delivery, no answer. ATT x2. the stop left as NSF, reattempt scheduled."
DN-100279,RTE-IND-20251202-002,DRV-01032,HUB-IND,2025-12-02T18:41:00,weather,"[12/02 18:41] RTE-IND-20251202-002 / DRV-01032 @ IND
Whiteout conditions Indianapolis. Held 5 pkgs at hub, road closures on the north loop. POD delayed."
DN-100280,RTE-CMH-20251113-001,DRV-01013,HUB-CMH,2025-11-13T14:44:00,weather,"[11/13 14:44] RTE-CMH-20251113-001 / DRV-01013 @ CMH
Snow/ice on route. 50 stops ATT, 3 DEL to next day. Salt trucks late. ETA slippage all afternoon."
DN-100281,RTE-CHI-20250518-001,DRV-01017,HUB-CHI,2025-05-18T08:01:00,address,"[05/18 08:01] RTE-CHI-20250518-001 / DRV-01017 @ CHI
Suite # missing, 1 stops undeliverable. Contacting account for update."
DN-100282,RTE-CHI-20251219-004,DRV-01011,HUB-CHI,2025-12-19T18:38:00,customer_nsf,"[12/19 18:38] RTE-CHI-20251219-004 / DRV-01011 @ CHI
the stop NSF - business closed. ATT 1440. Reattempt next biz day."
DN-100283,RTE-CIN-20251209-001,DRV-01019,HUB-CIN,2025-12-09T10:26:00,weather,"[12/09 10:26] RTE-CIN-20251209-001 / DRV-01019 @ CIN
Freezing rain. Driver DRV-01019 pulled early for safety. 5 stops rolled to tomorrow."
DN-100284,RTE-IND-20250404-001,DRV-01045,HUB-IND,2025-04-04T14:38:00,access,"[04/04 14:38] RTE-IND-20250404-001 / DRV-01045 @ IND
Gate locked at delivery, no answer. ATT x2. the stop left as NSF, reattempt scheduled."
DN-100285,RTE-CMH-20250101-003,DRV-01016,HUB-CMH,2025-01-01T09:18:00,weather,"[01/01 09:18] RTE-CMH-20250101-003 / DRV-01016 @ CMH
Whiteout conditions Columbus. Held 2 pkgs at hub, road closures on the north loop. POD delayed."
DN-100286,RTE-CMH-20250717-003,DRV-01028,HUB-CMH,2025-07-17T13:11:00,mechanical,"[07/17 13:11] RTE-CMH-20250717-003 / DRV-01028 @ CMH
Liftgate fault mid-route. DRV-01028 completed 18 stops manual, 2 deferred. VEH flagged for shop."
DN-100287,RTE-CIN-20250217-004,DRV-01029,HUB-CIN,2025-02-17T15:34:00,weather,"[02/17 15:34] RTE-CIN-20250217-004 / DRV-01029 @ CIN
Freezing rain. Driver DRV-01029 pulled early for safety. 2 stops rolled to tomorrow."
DN-100288,RTE-IND-20251119-001,DRV-01031,HUB-IND,2025-11-19T14:02:00,access,"[11/19 14:02] RTE-IND-20251119-001 / DRV-01031 @ IND
Dock closed early. 5 LTL stops could not unload. Rescheduling AM."
DN-100289,RTE-IND-20251217-003,DRV-01188,HUB-IND,2025-12-17T19:04:00,weather,"[12/17 19:04] RTE-IND-20251217-003 / DRV-01188 @ IND
Whiteout conditions Indianapolis. Held 6 pkgs at hub, road closures on the north loop. POD delayed."
DN-100290,RTE-CHI-20250621-001,DRV-01017,HUB-CHI,2025-06-21T19:37:00,address,"[06/21 19:37] RTE-CHI-20250621-001 / DRV-01017 @ CHI
Suite # missing, 3 stops undeliverable. Contacting account for update."
DN-100291,RTE-IND-20251225-001,DRV-01045,HUB-IND,2025-12-25T17:11:00,customer_nsf,"[12/25 17:11] RTE-IND-20251225-001 / DRV-01045 @ IND
Consignee refused delivery the stop. Return to hub initiated."
DN-100292,RTE-CHI-20250101-001,DRV-01007,HUB-CHI,2025-01-01T09:04:00,weather,"[01/01 09:04] RTE-CHI-20250101-001 / DRV-01007 @ CHI
Freezing rain. Driver DRV-01007 pulled early for safety. 3 stops rolled to tomorrow."
DN-100293,RTE-CMH-20250916-001,DRV-01009,HUB-CMH,2025-09-16T19:12:00,mechanical,"[09/16 19:12] RTE-CMH-20250916-001 / DRV-01009 @ CMH
Liftgate fault mid-route. DRV-01009 completed 40 stops manual, 1 deferred. VEH flagged for shop."
DN-100294,RTE-IND-20250221-003,DRV-01045,HUB-IND,2025-02-21T15:30:00,mechanical,"[02/21 15:30] RTE-IND-20250221-003 / DRV-01045 @ IND
Check-engine light, reduced power. Swapped to spare, 6 stops late."
DN-100295,RTE-CIN-20251203-004,DRV-01038,HUB-CIN,2025-12-03T17:21:00,weather,"[12/03 17:21] RTE-CIN-20251203-004 / DRV-01038 @ CIN
Whiteout conditions Cincinnati. Held 3 pkgs at hub, road closures on the north loop. POD delayed."
DN-100296,RTE-IND-20250213-003,DRV-01032,HUB-IND,2025-02-13T13:47:00,mechanical,"[02/13 13:47] RTE-IND-20250213-003 / DRV-01032 @ IND
Check-engine light, reduced power. Swapped to spare, 4 stops late."
DN-100297,RTE-DET-20250306-002,DRV-01046,HUB-DET,2025-03-06T18:31:00,mechanical,"[03/06 18:31] RTE-DET-20250306-002 / DRV-01046 @ DET
Check-engine light, reduced power. Swapped to spare, 2 stops late."
DN-100298,RTE-CHI-20250814-002,DRV-01007,HUB-CHI,2025-08-14T13:05:00,access,"[08/14 13:05] RTE-CHI-20250814-002 / DRV-01007 @ CHI
Dock closed early. 3 LTL stops could not unload. Rescheduling AM."
DN-100299,RTE-DET-20251001-003,DRV-01046,HUB-DET,2025-10-01T11:20:00,mechanical,"[10/01 11:20] RTE-DET-20251001-003 / DRV-01046 @ DET
Liftgate fault mid-route. DRV-01046 completed 23 stops manual, 3 deferred. VEH flagged for shop."
DN-100300,RTE-IND-20250212-001,DRV-01032,HUB-IND,2025-02-12T14:38:00,weather,"[02/12 14:38] RTE-IND-20250212-001 / DRV-01032 @ IND
Freezing rain. Driver DRV-01032 pulled early for safety. 3 stops rolled to tomorrow."
DN-100301,RTE-CHI-20251209-002,DRV-01005,HUB-CHI,2025-12-09T14:02:00,mechanical,"[12/09 14:02] RTE-CHI-20251209-002 / DRV-01005 @ CHI
Check-engine light, reduced power. Swapped to spare, 2 stops late."
DN-100302,RTE-CIN-20251214-001,DRV-01038,HUB-CIN,2025-12-14T19:03:00,weather,"[12/14 19:03] RTE-CIN-20251214-001 / DRV-01038 @ CIN
Snow/ice on route. 53 stops ATT, 2 DEL to next day. Salt trucks late. ETA slippage all afternoon."
DN-100303,RTE-IND-20250117-001,DRV-01031,HUB-IND,2025-01-17T19:47:00,access,"[01/17 19:47] RTE-IND-20250117-001 / DRV-01031 @ IND
Gate locked at delivery, no answer. ATT x2. the stop left as NSF, reattempt scheduled."
DN-100304,RTE-CHI-20250227-002,DRV-01020,HUB-CHI,2025-02-27T19:28:00,customer_nsf,"[02/27 19:28] RTE-CHI-20250227-002 / DRV-01020 @ CHI
the stop NSF - business closed. ATT 1440. Reattempt next biz day."
DN-100305,RTE-IND-20250307-001,DRV-01032,HUB-IND,2025-03-07T12:23:00,volume,"[03/07 12:23] RTE-IND-20250307-001 / DRV-01032 @ IND
Peak volume, truck full. 2 pkgs bumped to overflow route."
DN-100306,RTE-CHI-20251111-001,DRV-01011,HUB-CHI,2025-11-11T14:23:00,weather,"[11/11 14:23] RTE-CHI-20251111-001 / DRV-01011 @ CHI
Whiteout conditions Chicago. Held 5 pkgs at hub, road closures on the north loop. POD delayed."
DN-100307,RTE-CHI-20251130-002,DRV-01007,HUB-CHI,2025-11-30T15:23:00,customer_nsf,"[11/30 15:23] RTE-CHI-20251130-002 / DRV-01007 @ CHI
Consignee refused delivery the stop. Return to hub initiated."
DN-100308,RTE-DET-20251230-003,DRV-01014,HUB-DET,2025-12-30T08:01:00,weather,"[12/30 08:01] RTE-DET-20251230-003 / DRV-01014 @ DET
Freezing rain. Driver DRV-01014 pulled early for safety. 3 stops rolled to tomorrow."
DN-100309,RTE-CHI-20251105-002,DRV-01011,HUB-CHI,2025-11-05T15:07:00,access,"[11/05 15:07] RTE-CHI-20251105-002 / DRV-01011 @ CHI
Dock closed early. 3 LTL stops could not unload. Rescheduling AM."
DN-100310,RTE-IND-20250708-005,DRV-01045,HUB-IND,2025-07-08T16:18:00,mechanical,"[07/08 16:18] RTE-IND-20250708-005 / DRV-01045 @ IND
Check-engine light, reduced power. Swapped to spare, 2 stops late."
DN-100311,RTE-CHI-20250919-001,DRV-01011,HUB-CHI,2025-09-19T14:11:00,traffic,"[09/19 14:11] RTE-CHI-20250919-001 / DRV-01011 @ CHI
Accident on route, detour added. 2 DEL slipped past commit."
DN-100312,RTE-CIN-20250726-003,DRV-01026,HUB-CIN,2025-07-26T12:42:00,traffic,"[07/26 12:42] RTE-CIN-20250726-003 / DRV-01026 @ CIN
Accident on route, detour added. 3 DEL slipped past commit."
DN-100313,RTE-CHI-20250221-001,DRV-01007,HUB-CHI,2025-02-21T11:54:00,customer_nsf,"[02/21 11:54] RTE-CHI-20250221-001 / DRV-01007 @ CHI
the stop NSF - business closed. ATT 1440. Reattempt next biz day."
DN-100314,RTE-CIN-20251219-003,DRV-01025,HUB-CIN,2025-12-19T09:50:00,address,"[12/19 09:50] RTE-CIN-20251219-003 / DRV-01025 @ CIN
Suite # missing, 5 stops undeliverable. Contacting account for update."
DN-100315,RTE-CMH-20251231-001,DRV-01044,HUB-CMH,2025-12-31T19:08:00,traffic,"[12/31 19:08] RTE-CMH-20251231-001 / DRV-01044 @ CMH
I-94 closure, major backup. ETA +90m. 2 stops missed cutoff."
DN-100316,RTE-IND-20251203-001,DRV-01006,HUB-IND,2025-12-03T12:29:00,customer_nsf,"[12/03 12:29] RTE-IND-20251203-001 / DRV-01006 @ IND
the stop NSF - business closed. ATT 1440. Reattempt next biz day."
DN-100317,RTE-CIN-20250411-002,DRV-01027,HUB-CIN,2025-04-11T13:45:00,access,"[04/11 13:45] RTE-CIN-20250411-002 / DRV-01027 @ CIN
Dock closed early. 1 LTL stops could not unload. Rescheduling AM."
DN-100318,RTE-CHI-20250508-002,DRV-01012,HUB-CHI,2025-05-08T16:04:00,customer_nsf,"[05/08 16:04] RTE-CHI-20250508-002 / DRV-01012 @ CHI
the stop NSF - business closed. ATT 1440. Reattempt next biz day."
DN-100319,RTE-CIN-20250209-001,DRV-01041,HUB-CIN,2025-02-09T17:33:00,mechanical,"[02/09 17:33] RTE-CIN-20250209-001 / DRV-01041 @ CIN
Check-engine light, reduced power. Swapped to spare, 6 stops late."
DN-100320,RTE-IND-20250914-001,DRV-01045,HUB-IND,2025-09-14T17:37:00,volume,"[09/14 17:37] RTE-IND-20250914-001 / DRV-01045 @ IND
Overloaded manifest, 44 stops assigned. 1 could not be completed in service window."
DN-100321,RTE-CMH-20251103-001,DRV-01010,HUB-CMH,2025-11-03T07:53:00,traffic,"[11/03 07:53] RTE-CMH-20251103-001 / DRV-01010 @ CMH
I-90 closure, major backup. ETA +90m. 4 stops missed cutoff."
DN-100322,RTE-IND-20251112-001,DRV-01188,HUB-IND,2025-11-12T12:59:00,weather,"[11/12 12:59] RTE-IND-20251112-001 / DRV-01188 @ IND
Freezing rain. Driver DRV-01188 pulled early for safety. 2 stops rolled to tomorrow."
DN-100323,RTE-CMH-20250717-002,DRV-01043,HUB-CMH,2025-07-17T11:54:00,traffic,"[07/17 11:54] RTE-CMH-20250717-002 / DRV-01043 @ CMH
I-74 closure, major backup. ETA +90m. 3 stops missed cutoff."
DN-100324,RTE-CIN-20250207-001,DRV-01029,HUB-CIN,2025-02-07T11:08:00,traffic,"[02/07 11:08] RTE-CIN-20250207-001 / DRV-01029 @ CIN
Accident on route, detour added. 5 DEL slipped past commit."
DN-100325,RTE-CHI-20250218-002,DRV-01035,HUB-CHI,2025-02-18T09:37:00,mechanical,"[02/18 09:37] RTE-CHI-20250218-002 / DRV-01035 @ CHI
Liftgate fault mid-route. DRV-01035 completed 32 stops manual, 5 deferred. VEH flagged for shop."
DN-100326,RTE-CHI-20251209-006,DRV-01035,HUB-CHI,2025-12-09T16:21:00,address,"[12/09 16:21] RTE-CHI-20251209-006 / DRV-01035 @ CHI
Bad address on the stop. Geocode off by ~3mi. Held for dispatch correction."
DN-100327,RTE-IND-20250214-001,DRV-01045,HUB-IND,2025-02-14T19:36:00,traffic,"[02/14 19:36] RTE-IND-20250214-001 / DRV-01045 @ IND
Accident on route, detour added. 4 DEL slipped past commit."
DN-100328,RTE-DET-20251229-001,DRV-01037,HUB-DET,2025-12-29T16:40:00,customer_nsf,"[12/29 16:40] RTE-DET-20251229-001 / DRV-01037 @ DET
the stop NSF - business closed. ATT 1440. Reattempt next biz day."
DN-100329,RTE-CHI-20251128-003,DRV-01047,HUB-CHI,2025-11-28T17:19:00,customer_nsf,"[11/28 17:19] RTE-CHI-20251128-003 / DRV-01047 @ CHI
Consignee refused delivery the stop. Return to hub initiated."
DN-100330,RTE-DET-20251204-002,DRV-01037,HUB-DET,2025-12-04T11:29:00,address,"[12/04 11:29] RTE-DET-20251204-002 / DRV-01037 @ DET
Bad address on the stop. Geocode off by ~3mi. Held for dispatch correction."
DN-100331,RTE-CHI-20250120-001,DRV-01011,HUB-CHI,2025-01-20T14:29:00,mechanical,"[01/20 14:29] RTE-CHI-20250120-001 / DRV-01011 @ CHI
Liftgate fault mid-route. DRV-01011 completed 34 stops manual, 2 deferred. VEH flagged for shop."
DN-100332,RTE-CMH-20251230-004,DRV-01015,HUB-CMH,2025-12-30T18:20:00,weather,"[12/30 18:20] RTE-CMH-20251230-004 / DRV-01015 @ CMH
Freezing rain. Driver DRV-01015 pulled early for safety. 5 stops rolled to tomorrow."
DN-100333,RTE-CIN-20250217-004,DRV-01029,HUB-CIN,2025-02-17T12:32:00,weather,"[02/17 12:32] RTE-CIN-20250217-004 / DRV-01029 @ CIN
Freezing rain. Driver DRV-01029 pulled early for safety. 2 stops rolled to tomorrow."
DN-100334,RTE-IND-20251202-002,DRV-01032,HUB-IND,2025-12-02T11:28:00,mechanical,"[12/02 11:28] RTE-IND-20251202-002 / DRV-01032 @ IND
Liftgate fault mid-route. DRV-01032 completed 47 stops manual, 5 deferred. VEH flagged for shop."
DN-100335,RTE-CHI-20251104-002,DRV-01011,HUB-CHI,2025-11-04T13:55:00,weather,"[11/04 13:55] RTE-CHI-20251104-002 / DRV-01011 @ CHI
Freezing rain. Driver DRV-01011 pulled early for safety. 2 stops rolled to tomorrow."
DN-100336,RTE-CIN-20251117-001,DRV-01023,HUB-CIN,2025-11-17T09:52:00,traffic,"[11/17 09:52] RTE-CIN-20251117-001 / DRV-01023 @ CIN
Accident on route, detour added. 2 DEL slipped past commit."
DN-100337,RTE-CIN-20250526-001,DRV-01038,HUB-CIN,2025-05-26T09:31:00,mechanical,"[05/26 09:31] RTE-CIN-20250526-001 / DRV-01038 @ CIN
Check-engine light, reduced power. Swapped to spare, 3 stops late."
DN-100338,RTE-CIN-20250130-002,DRV-01002,HUB-CIN,2025-01-30T08:25:00,mechanical,"[01/30 08:25] RTE-CIN-20250130-002 / DRV-01002 @ CIN
Check-engine light, reduced power. Swapped to spare, 4 stops late."
DN-100339,RTE-CIN-20250108-002,DRV-01002,HUB-CIN,2025-01-08T07:18:00,access,"[01/08 07:18] RTE-CIN-20250108-002 / DRV-01002 @ CIN
Dock closed early. 3 LTL stops could not unload. Rescheduling AM."
DN-100340,RTE-CMH-20251225-002,DRV-01016,HUB-CMH,2025-12-25T14:18:00,address,"[12/25 14:18] RTE-CMH-20251225-002 / DRV-01016 @ CMH
Bad address on the stop. Geocode off by ~3mi. Held for dispatch correction."
DN-100341,RTE-IND-20250122-001,DRV-01024,HUB-IND,2025-01-22T12:48:00,weather,"[01/22 12:48] RTE-IND-20250122-001 / DRV-01024 @ IND
Whiteout conditions Indianapolis. Held 1 pkgs at hub, road closures on the north loop. POD delayed."
DN-100342,RTE-IND-20250328-001,DRV-01024,HUB-IND,2025-03-28T15:12:00,access,"[03/28 15:12] RTE-IND-20250328-001 / DRV-01024 @ IND
Dock closed early. 3 LTL stops could not unload. Rescheduling AM."
DN-100343,RTE-IND-20251030-002,DRV-01042,HUB-IND,2025-10-30T14:48:00,customer_nsf,"[10/30 14:48] RTE-IND-20251030-002 / DRV-01042 @ IND
Consignee refused delivery the stop. Return to hub initiated."
DN-100344,RTE-IND-20251226-002,DRV-01031,HUB-IND,2025-12-26T08:25:00,weather,"[12/26 08:25] RTE-IND-20251226-002 / DRV-01031 @ IND
Freezing rain. Driver DRV-01031 pulled early for safety. 6 stops rolled to tomorrow."
DN-100345,RTE-DET-20251121-002,DRV-01004,HUB-DET,2025-11-21T15:25:00,weather,"[11/21 15:25] RTE-DET-20251121-002 / DRV-01004 @ DET
Freezing rain. Driver DRV-01004 pulled early for safety. 4 stops rolled to tomorrow."
DN-100346,RTE-IND-20250328-001,DRV-01024,HUB-IND,2025-03-28T12:51:00,access,"[03/28 12:51] RTE-IND-20250328-001 / DRV-01024 @ IND
Dock closed early. 3 LTL stops could not unload. Rescheduling AM."
DN-100347,RTE-IND-20250404-001,DRV-01045,HUB-IND,2025-04-04T15:08:00,address,"[04/04 15:08] RTE-IND-20250404-001 / DRV-01045 @ IND
Suite # missing, 1 stops undeliverable. Contacting account for update."
DN-100348,RTE-IND-20251202-002,DRV-01032,HUB-IND,2025-12-02T16:47:00,access,"[12/02 16:47] RTE-IND-20251202-002 / DRV-01032 @ IND
Dock closed early. 5 LTL stops could not unload. Rescheduling AM."
DN-100349,RTE-CIN-20250128-001,DRV-01038,HUB-CIN,2025-01-28T15:31:00,volume,"[01/28 15:31] RTE-CIN-20250128-001 / DRV-01038 @ CIN
Peak volume, truck full. 1 pkgs bumped to overflow route."
DN-100350,RTE-CHI-20250103-002,DRV-01047,HUB-CHI,2025-01-03T17:07:00,access,"[01/03 17:07] RTE-CHI-20250103-002 / DRV-01047 @ CHI
Dock closed early. 3 LTL stops could not unload. Rescheduling AM."
DN-100351,RTE-DET-20251210-001,DRV-01022,HUB-DET,2025-12-10T18:40:00,traffic,"[12/10 18:40] RTE-DET-20251210-001 / DRV-01022 @ DET
Accident on route, detour added. 3 DEL slipped past commit."
DN-100352,RTE-IND-20250410-001,DRV-01024,HUB-IND,2025-04-10T16:14:00,volume,"[04/10 16:14] RTE-IND-20250410-001 / DRV-01024 @ IND
Overloaded manifest, 39 stops assigned. 1 could not be completed in service window."
DN-100353,RTE-CIN-20251105-002,DRV-01023,HUB-CIN,2025-11-05T18:39:00,mechanical,"[11/05 18:39] RTE-CIN-20251105-002 / DRV-01023 @ CIN
Check-engine light, reduced power. Swapped to spare, 6 stops late."
DN-100354,RTE-CIN-20251212-001,DRV-01034,HUB-CIN,2025-12-12T16:44:00,weather,"[12/12 16:44] RTE-CIN-20251212-001 / DRV-01034 @ CIN
Snow/ice on route. 50 stops ATT, 5 DEL to next day. Salt trucks late. ETA slippage all afternoon."
DN-100355,RTE-CHI-20251209-001,DRV-01020,HUB-CHI,2025-12-09T09:26:00,weather,"[12/09 09:26] RTE-CHI-20251209-001 / DRV-01020 @ CHI
Freezing rain. Driver DRV-01020 pulled early for safety. 4 stops rolled to tomorrow."
DN-100356,RTE-CHI-20250106-002,DRV-01035,HUB-CHI,2025-01-06T14:55:00,volume,"[01/06 14:55] RTE-CHI-20250106-002 / DRV-01035 @ CHI
Overloaded manifest, 31 stops assigned. 5 could not be completed in service window."
DN-100357,RTE-CMH-20250225-002,DRV-01010,HUB-CMH,2025-02-25T12:42:00,weather,"[02/25 12:42] RTE-CMH-20250225-002 / DRV-01010 @ CMH
Whiteout conditions Columbus. Held 3 pkgs at hub, road closures on the north loop. POD delayed."
DN-100358,RTE-DET-20250106-001,DRV-01022,HUB-DET,2025-01-06T14:58:00,traffic,"[01/06 14:58] RTE-DET-20250106-001 / DRV-01022 @ DET
Accident on route, detour added. 5 DEL slipped past commit."
DN-100359,RTE-IND-20250513-001,DRV-01188,HUB-IND,2025-05-13T18:43:00,volume,"[05/13 18:43] RTE-IND-20250513-001 / DRV-01188 @ IND
Peak volume, truck full. 2 pkgs bumped to overflow route."
DN-100360,RTE-CIN-20251201-004,DRV-01041,HUB-CIN,2025-12-01T11:35:00,traffic,"[12/01 11:35] RTE-CIN-20251201-004 / DRV-01041 @ CIN
Accident on route, detour added. 2 DEL slipped past commit."
DN-100361,RTE-DET-20250214-003,DRV-01021,HUB-DET,2025-02-14T19:18:00,traffic,"[02/14 19:18] RTE-DET-20250214-003 / DRV-01021 @ DET
I-71 closure, major backup. ETA +90m. 1 stops missed cutoff."
DN-100362,RTE-DET-20250128-005,DRV-01014,HUB-DET,2025-01-28T12:35:00,access,"[01/28 12:35] RTE-DET-20250128-005 / DRV-01014 @ DET
Dock closed early. 1 LTL stops could not unload. Rescheduling AM."
DN-100363,RTE-CMH-20250102-002,DRV-01028,HUB-CMH,2025-01-02T13:57:00,address,"[01/02 13:57] RTE-CMH-20250102-002 / DRV-01028 @ CMH
Suite # missing, 6 stops undeliverable. Contacting account for update."
DN-100364,RTE-CMH-20251223-006,DRV-01028,HUB-CMH,2025-12-23T11:02:00,volume,"[12/23 11:02] RTE-CMH-20251223-006 / DRV-01028 @ CMH
Peak volume, truck full. 3 pkgs bumped to overflow route."
DN-100365,RTE-CHI-20250130-001,DRV-01047,HUB-CHI,2025-01-30T17:16:00,traffic,"[01/30 17:16] RTE-CHI-20250130-001 / DRV-01047 @ CHI
Accident on route, detour added. 4 DEL slipped past commit."
DN-100366,RTE-IND-20251217-002,DRV-01032,HUB-IND,2025-12-17T15:44:00,customer_nsf,"[12/17 15:44] RTE-IND-20251217-002 / DRV-01032 @ IND
Consignee refused delivery the stop. Return to hub initiated."
DN-100367,RTE-CHI-20250121-001,DRV-01011,HUB-CHI,2025-01-21T10:15:00,volume,"[01/21 10:15] RTE-CHI-20250121-001 / DRV-01011 @ CHI
Overloaded manifest, 53 stops assigned. 6 could not be completed in service window."
DN-100368,RTE-CMH-20250109-003,DRV-01049,HUB-CMH,2025-01-09T10:03:00,weather,"[01/09 10:03] RTE-CMH-20250109-003 / DRV-01049 @ CMH
Snow/ice on route. 62 stops ATT, 4 DEL to next day. Salt trucks late. ETA slippage all afternoon."
DN-100369,RTE-IND-20250126-001,DRV-01042,HUB-IND,2025-01-26T17:49:00,mechanical,"[01/26 17:49] RTE-IND-20250126-001 / DRV-01042 @ IND
Liftgate fault mid-route. DRV-01042 completed 27 stops manual, 3 deferred. VEH flagged for shop."
DN-100370,RTE-IND-20250226-003,DRV-01006,HUB-IND,2025-02-26T09:26:00,traffic,"[02/26 09:26] RTE-IND-20250226-003 / DRV-01006 @ IND
Accident on route, detour added. 5 DEL slipped past commit."
DN-100371,RTE-DET-20250213-002,DRV-01021,HUB-DET,2025-02-13T11:20:00,volume,"[02/13 11:20] RTE-DET-20250213-002 / DRV-01021 @ DET
Peak volume, truck full. 4 pkgs bumped to overflow route."
DN-100372,RTE-CHI-20251107-001,DRV-01048,HUB-CHI,2025-11-07T17:36:00,volume,"[11/07 17:36] RTE-CHI-20251107-001 / DRV-01048 @ CHI
Overloaded manifest, 61 stops assigned. 5 could not be completed in service window."
DN-100373,RTE-IND-20251216-005,DRV-01033,HUB-IND,2025-12-16T07:58:00,traffic,"[12/16 07:58] RTE-IND-20251216-005 / DRV-01033 @ IND
I-94 closure, major backup. ETA +90m. 1 stops missed cutoff."
DN-100374,RTE-CMH-20251225-002,DRV-01016,HUB-CMH,2025-12-25T07:53:00,weather,"[12/25 07:53] RTE-CMH-20251225-002 / DRV-01016 @ CMH
Snow/ice on route. 47 stops ATT, 6 DEL to next day. Salt trucks late. ETA slippage all afternoon."
DN-100375,RTE-CMH-20251117-004,DRV-01001,HUB-CMH,2025-11-17T07:00:00,traffic,"[11/17 07:00] RTE-CMH-20251117-004 / DRV-01001 @ CMH
Accident on route, detour added. 3 DEL slipped past commit."
DN-100376,RTE-IND-20251106-001,DRV-01188,HUB-IND,2025-11-06T12:18:00,traffic,"[11/06 12:18] RTE-IND-20251106-001 / DRV-01188 @ IND
Accident on route, detour added. 6 DEL slipped past commit."
DN-100377,RTE-CIN-20250101-003,DRV-01002,HUB-CIN,2025-01-01T10:51:00,mechanical,"[01/01 10:51] RTE-CIN-20250101-003 / DRV-01002 @ CIN
Liftgate fault mid-route. DRV-01002 completed 51 stops manual, 1 deferred. VEH flagged for shop."
DN-100378,RTE-CHI-20251230-002,DRV-01017,HUB-CHI,2025-12-30T11:45:00,mechanical,"[12/30 11:45] RTE-CHI-20251230-002 / DRV-01017 @ CHI
Liftgate fault mid-route. DRV-01017 completed 36 stops manual, 4 deferred. VEH flagged for shop."
DN-100379,RTE-CHI-20250121-002,DRV-01017,HUB-CHI,2025-01-21T16:43:00,volume,"[01/21 16:43] RTE-CHI-20250121-002 / DRV-01017 @ CHI
Overloaded manifest, 32 stops assigned. 4 could not be completed in service window."
DN-100380,RTE-CMH-20251218-002,DRV-01036,HUB-CMH,2025-12-18T13:52:00,address,"[12/18 13:52] RTE-CMH-20251218-002 / DRV-01036 @ CMH
Suite # missing, 5 stops undeliverable. Contacting account for update."
DN-100381,RTE-IND-20250212-001,DRV-01032,HUB-IND,2025-02-12T08:11:00,access,"[02/12 08:11] RTE-IND-20250212-001 / DRV-01032 @ IND
Gate locked at delivery, no answer. ATT x2. the stop left as NSF, reattempt scheduled."
DN-100382,RTE-DET-20250203-002,DRV-01021,HUB-DET,2025-02-03T11:24:00,weather,"[02/03 11:24] RTE-DET-20250203-002 / DRV-01021 @ DET
Snow/ice on route. 30 stops ATT, 4 DEL to next day. Salt trucks late. ETA slippage all afternoon."
DN-100383,RTE-DET-20251121-002,DRV-01004,HUB-DET,2025-11-21T11:37:00,traffic,"[11/21 11:37] RTE-DET-20251121-002 / DRV-01004 @ DET
I-74 closure, major backup. ETA +90m. 4 stops missed cutoff."
DN-100384,RTE-CHI-20250220-002,DRV-01017,HUB-CHI,2025-02-20T07:42:00,address,"[02/20 07:42] RTE-CHI-20250220-002 / DRV-01017 @ CHI
Bad address on the stop. Geocode off by ~3mi. Held for dispatch correction."
DN-100385,RTE-DET-20251210-001,DRV-01022,HUB-DET,2025-12-10T15:59:00,access,"[12/10 15:59] RTE-DET-20251210-001 / DRV-01022 @ DET
Dock closed early. 3 LTL stops could not unload. Rescheduling AM."
DN-100386,RTE-CHI-20250404-001,DRV-01012,HUB-CHI,2025-04-04T11:23:00,traffic,"[04/04 11:23] RTE-CHI-20250404-001 / DRV-01012 @ CHI
I-70 closure, major backup. ETA +90m. 2 stops missed cutoff."
DN-100387,RTE-CIN-20250127-004,DRV-01002,HUB-CIN,2025-01-27T14:47:00,mechanical,"[01/27 14:47] RTE-CIN-20250127-004 / DRV-01002 @ CIN
Check-engine light, reduced power. Swapped to spare, 4 stops late."
DN-100388,RTE-CMH-20251124-003,DRV-01028,HUB-CMH,2025-11-24T19:34:00,traffic,"[11/24 19:34] RTE-CMH-20251124-003 / DRV-01028 @ CMH
I-70 closure, major backup. ETA +90m. 3 stops missed cutoff."
DN-100389,RTE-IND-20251226-002,DRV-01031,HUB-IND,2025-12-26T19:05:00,customer_nsf,"[12/26 19:05] RTE-IND-20251226-002 / DRV-01031 @ IND
Consignee refused delivery the stop. Return to hub initiated."
DN-100390,RTE-CHI-20251117-003,DRV-01017,HUB-CHI,2025-11-17T15:57:00,weather,"[11/17 15:57] RTE-CHI-20251117-003 / DRV-01017 @ CHI
Freezing rain. Driver DRV-01017 pulled early for safety. 1 stops rolled to tomorrow."
DN-100391,RTE-CMH-20251230-001,DRV-01013,HUB-CMH,2025-12-30T15:28:00,access,"[12/30 15:28] RTE-CMH-20251230-001 / DRV-01013 @ CMH
Gate locked at delivery, no answer. ATT x2. the stop left as NSF, reattempt scheduled."
DN-100392,RTE-IND-20250107-001,DRV-01032,HUB-IND,2025-01-07T08:57:00,customer_nsf,"[01/07 08:57] RTE-IND-20250107-001 / DRV-01032 @ IND
the stop NSF - business closed. ATT 1440. Reattempt next biz day."
DN-100393,RTE-CHI-20250205-001,DRV-01047,HUB-CHI,2025-02-05T16:03:00,access,"[02/05 16:03] RTE-CHI-20250205-001 / DRV-01047 @ CHI
Dock closed early. 2 LTL stops could not unload. Rescheduling AM."
DN-100394,RTE-CHI-20251022-003,DRV-01047,HUB-CHI,2025-10-22T13:16:00,volume,"[10/22 13:16] RTE-CHI-20251022-003 / DRV-01047 @ CHI
Overloaded manifest, 55 stops assigned. 3 could not be completed in service window."
DN-100395,RTE-DET-20251030-002,DRV-01037,HUB-DET,2025-10-30T13:22:00,access,"[10/30 13:22] RTE-DET-20251030-002 / DRV-01037 @ DET
Gate locked at delivery, no answer. ATT x2. the stop left as NSF, reattempt scheduled."
DN-100396,RTE-CHI-20250125-001,DRV-01017,HUB-CHI,2025-01-25T08:59:00,traffic,"[01/25 08:59] RTE-CHI-20250125-001 / DRV-01017 @ CHI
Accident on route, detour added. 4 DEL slipped past commit."
DN-100397,RTE-IND-20250205-002,DRV-01045,HUB-IND,2025-02-05T09:49:00,weather,"[02/05 09:49] RTE-IND-20250205-002 / DRV-01045 @ IND
Freezing rain. Driver DRV-01045 pulled early for safety. 2 stops rolled to tomorrow."
DN-100398,RTE-CIN-20250103-004,DRV-01008,HUB-CIN,2025-01-03T13:28:00,access,"[01/03 13:28] RTE-CIN-20250103-004 / DRV-01008 @ CIN
Dock closed early. 2 LTL stops could not unload. Rescheduling AM."
DN-100399,RTE-CHI-20250130-001,DRV-01047,HUB-CHI,2025-01-30T15:08:00,traffic,"[01/30 15:08] RTE-CHI-20250130-001 / DRV-01047 @ CHI
Accident on route, detour added. 4 DEL slipped past commit."
DN-100400,RTE-DET-20251214-001,DRV-01046,HUB-DET,2025-12-14T15:08:00,customer_nsf,"[12/14 15:08] RTE-DET-20251214-001 / DRV-01046 @ DET
the stop NSF - business closed. ATT 1440. Reattempt next biz day."
DN-100401,RTE-CMH-20251128-003,DRV-01013,HUB-CMH,2025-11-28T14:43:00,traffic,"[11/28 14:43] RTE-CMH-20251128-003 / DRV-01013 @ CMH
Accident on route, detour added. 6 DEL slipped past commit."
DN-100402,RTE-IND-20250425-002,DRV-01032,HUB-IND,2025-04-25T14:22:00,mechanical,"[04/25 14:22] RTE-IND-20250425-002 / DRV-01032 @ IND
Liftgate fault mid-route. DRV-01032 completed 35 stops manual, 2 deferred. VEH flagged for shop."
DN-100403,RTE-IND-20250218-001,DRV-01033,HUB-IND,2025-02-18T19:07:00,traffic,"[02/18 19:07] RTE-IND-20250218-001 / DRV-01033 @ IND
I-71 closure, major backup. ETA +90m. 6 stops missed cutoff."
DN-100404,RTE-IND-20251111-002,DRV-01024,HUB-IND,2025-11-11T07:15:00,volume,"[11/11 07:15] RTE-IND-20251111-002 / DRV-01024 @ IND
Overloaded manifest, 31 stops assigned. 5 could not be completed in service window."
DN-100405,RTE-IND-20251215-002,DRV-01188,HUB-IND,2025-12-15T07:15:00,address,"[12/15 07:15] RTE-IND-20251215-002 / DRV-01188 @ IND
Bad address on the stop. Geocode off by ~3mi. Held for dispatch correction."
DN-100406,RTE-CIN-20250108-004,DRV-01019,HUB-CIN,2025-01-08T19:55:00,customer_nsf,"[01/08 19:55] RTE-CIN-20250108-004 / DRV-01019 @ CIN
the stop NSF - business closed. ATT 1440. Reattempt next biz day."
DN-100407,RTE-CHI-20250207-002,DRV-01047,HUB-CHI,2025-02-07T18:36:00,weather,"[02/07 18:36] RTE-CHI-20250207-002 / DRV-01047 @ CHI
Whiteout conditions Chicago. Held 3 pkgs at hub, road closures on the north loop. POD delayed."
DN-100408,RTE-IND-20251215-002,DRV-01188,HUB-IND,2025-12-15T12:15:00,address,"[12/15 12:15] RTE-IND-20251215-002 / DRV-01188 @ IND
Suite # missing, 4 stops undeliverable. Contacting account for update."
DN-100409,RTE-CIN-20250218-003,DRV-01041,HUB-CIN,2025-02-18T13:19:00,mechanical,"[02/18 13:19] RTE-CIN-20250218-003 / DRV-01041 @ CIN
Check-engine light, reduced power. Swapped to spare, 1 stops late."
DN-100411,RTE-DET-20250103-004,DRV-01014,HUB-DET,2025-01-03T17:24:00,traffic,"[01/03 17:24] RTE-DET-20250103-004 / DRV-01014 @ DET
Accident on route, detour added. 3 DEL slipped past commit."
DN-100412,RTE-CIN-20251203-002,DRV-01019,HUB-CIN,2025-12-03T13:11:00,weather,"[12/03 13:11] RTE-CIN-20251203-002 / DRV-01019 @ CIN
Freezing rain. Driver DRV-01019 pulled early for safety. 2 stops rolled to tomorrow."
DN-100413,RTE-CHI-20250815-003,DRV-01017,HUB-CHI,2025-08-15T18:09:00,mechanical,"[08/15 18:09] RTE-CHI-20250815-003 / DRV-01017 @ CHI
Check-engine light, reduced power. Swapped to spare, 3 stops late."
DN-100414,RTE-CMH-20250205-002,DRV-01039,HUB-CMH,2025-02-05T15:33:00,traffic,"[02/05 15:33] RTE-CMH-20250205-002 / DRV-01039 @ CMH
Accident on route, detour added. 2 DEL slipped past commit."
DN-100415,RTE-IND-20250126-001,DRV-01042,HUB-IND,2025-01-26T14:54:00,weather,"[01/26 14:54] RTE-IND-20250126-001 / DRV-01042 @ IND
Whiteout conditions Indianapolis. Held 3 pkgs at hub, road closures on the north loop. POD delayed."
DN-100416,RTE-DET-20251225-002,DRV-01021,HUB-DET,2025-12-25T07:17:00,volume,"[12/25 07:17] RTE-DET-20251225-002 / DRV-01021 @ DET
Overloaded manifest, 39 stops assigned. 3 could not be completed in service window."
DN-100417,RTE-DET-20251204-002,DRV-01037,HUB-DET,2025-12-04T17:35:00,customer_nsf,"[12/04 17:35] RTE-DET-20251204-002 / DRV-01037 @ DET
the stop NSF - business closed. ATT 1440. Reattempt next biz day."
DN-100418,RTE-DET-20250507-002,DRV-01037,HUB-DET,2025-05-07T11:58:00,traffic,"[05/07 11:58] RTE-DET-20250507-002 / DRV-01037 @ DET
I-70 closure, major backup. ETA +90m. 1 stops missed cutoff."
DN-100419,RTE-DET-20250216-002,DRV-01046,HUB-DET,2025-02-16T08:47:00,traffic,"[02/16 08:47] RTE-DET-20250216-002 / DRV-01046 @ DET
Accident on route, detour added. 3 DEL slipped past commit."
DN-100420,RTE-DET-20250211-005,DRV-01004,HUB-DET,2025-02-11T13:58:00,address,"[02/11 13:58] RTE-DET-20250211-005 / DRV-01004 @ DET
Suite # missing, 5 stops undeliverable. Contacting account for update."
DN-100421,RTE-IND-20251014-004,DRV-01188,HUB-IND,2025-10-14T11:16:00,address,"[10/14 11:16] RTE-IND-20251014-004 / DRV-01188 @ IND
Suite # missing, 3 stops undeliverable. Contacting account for update."
DN-100422,RTE-IND-20251111-003,DRV-01033,HUB-IND,2025-11-11T19:53:00,address,"[11/11 19:53] RTE-IND-20251111-003 / DRV-01033 @ IND
Suite # missing, 5 stops undeliverable. Contacting account for update."
DN-100423,RTE-DET-20251218-006,DRV-01004,HUB-DET,2025-12-18T10:47:00,customer_nsf,"[12/18 10:47] RTE-DET-20251218-006 / DRV-01004 @ DET
the stop NSF - business closed. ATT 1440. Reattempt next biz day."
DN-100424,RTE-IND-20250226-002,DRV-01045,HUB-IND,2025-02-26T16:46:00,traffic,"[02/26 16:46] RTE-IND-20250226-002 / DRV-01045 @ IND
Accident on route, detour added. 1 DEL slipped past commit."
DN-100425,RTE-IND-20251112-001,DRV-01188,HUB-IND,2025-11-12T13:36:00,access,"[11/12 13:36] RTE-IND-20251112-001 / DRV-01188 @ IND
Gate locked at delivery, no answer. ATT x2. the stop left as NSF, reattempt scheduled."
DN-100426,RTE-DET-20250205-003,DRV-01046,HUB-DET,2025-02-05T12:16:00,traffic,"[02/05 12:16] RTE-DET-20250205-003 / DRV-01046 @ DET
Accident on route, detour added. 2 DEL slipped past commit."
DN-100427,RTE-CIN-20251204-001,DRV-01034,HUB-CIN,2025-12-04T09:46:00,mechanical,"[12/04 09:46] RTE-CIN-20251204-001 / DRV-01034 @ CIN
Check-engine light, reduced power. Swapped to spare, 3 stops late."
DN-100428,RTE-CMH-20250225-002,DRV-01010,HUB-CMH,2025-02-25T09:58:00,customer_nsf,"[02/25 09:58] RTE-CMH-20250225-002 / DRV-01010 @ CMH
the stop NSF - business closed. ATT 1440. Reattempt next biz day."
DN-100429,RTE-CHI-20251111-001,DRV-01011,HUB-CHI,2025-11-11T17:03:00,traffic,"[11/11 17:03] RTE-CHI-20251111-001 / DRV-01011 @ CHI
I-94 closure, major backup. ETA +90m. 5 stops missed cutoff."
DN-100430,RTE-CMH-20251113-001,DRV-01013,HUB-CMH,2025-11-13T08:45:00,customer_nsf,"[11/13 08:45] RTE-CMH-20251113-001 / DRV-01013 @ CMH
the stop NSF - business closed. ATT 1440. Reattempt next biz day."
DN-100431,RTE-CHI-20251218-001,DRV-01048,HUB-CHI,2025-12-18T07:39:00,mechanical,"[12/18 07:39] RTE-CHI-20251218-001 / DRV-01048 @ CHI
Check-engine light, reduced power. Swapped to spare, 6 stops late."
DN-100432,RTE-CMH-20250121-002,DRV-01028,HUB-CMH,2025-01-21T15:26:00,weather,"[01/21 15:26] RTE-CMH-20250121-002 / DRV-01028 @ CMH
Snow/ice on route. 56 stops ATT, 6 DEL to next day. Salt trucks late. ETA slippage all afternoon."
DN-100433,RTE-CIN-20250211-001,DRV-01026,HUB-CIN,2025-02-11T11:01:00,weather,"[02/11 11:01] RTE-CIN-20250211-001 / DRV-01026 @ CIN
Freezing rain. Driver DRV-01026 pulled early for safety. 1 stops rolled to tomorrow."
DN-100434,RTE-CMH-20250115-004,DRV-01010,HUB-CMH,2025-01-15T09:06:00,volume,"[01/15 09:06] RTE-CMH-20250115-004 / DRV-01010 @ CMH
Overloaded manifest, 20 stops assigned. 6 could not be completed in service window."
DN-100435,RTE-CHI-20250729-001,DRV-01007,HUB-CHI,2025-07-29T15:16:00,mechanical,"[07/29 15:16] RTE-CHI-20250729-001 / DRV-01007 @ CHI
Check-engine light, reduced power. Swapped to spare, 1 stops late."
DN-100436,RTE-CIN-20250110-001,DRV-01003,HUB-CIN,2025-01-10T13:29:00,weather,"[01/10 13:29] RTE-CIN-20250110-001 / DRV-01003 @ CIN
Freezing rain. Driver DRV-01003 pulled early for safety. 3 stops rolled to tomorrow."
DN-100437,RTE-CMH-20251211-004,DRV-01049,HUB-CMH,2025-12-11T17:52:00,weather,"[12/11 17:52] RTE-CMH-20251211-004 / DRV-01049 @ CMH
Snow/ice on route. 41 stops ATT, 1 DEL to next day. Salt trucks late. ETA slippage all afternoon."
DN-100438,RTE-CHI-20250408-001,DRV-01017,HUB-CHI,2025-04-08T07:05:00,address,"[04/08 07:05] RTE-CHI-20250408-001 / DRV-01017 @ CHI
Suite # missing, 3 stops undeliverable. Contacting account for update."
DN-100439,RTE-DET-20250106-001,DRV-01022,HUB-DET,2025-01-06T17:00:00,mechanical,"[01/06 17:00] RTE-DET-20250106-001 / DRV-01022 @ DET
Liftgate fault mid-route. DRV-01022 completed 19 stops manual, 5 deferred. VEH flagged for shop."
DN-100440,RTE-CHI-20251105-002,DRV-01011,HUB-CHI,2025-11-05T19:21:00,mechanical,"[11/05 19:21] RTE-CHI-20251105-002 / DRV-01011 @ CHI
Liftgate fault mid-route. DRV-01011 completed 51 stops manual, 3 deferred. VEH flagged for shop."
DN-100441,RTE-DET-20250909-003,DRV-01046,HUB-DET,2025-09-09T18:56:00,mechanical,"[09/09 18:56] RTE-DET-20250909-003 / DRV-01046 @ DET
Check-engine light, reduced power. Swapped to spare, 2 stops late."
DN-100442,RTE-CHI-20250719-001,DRV-01007,HUB-CHI,2025-07-19T11:57:00,access,"[07/19 11:57] RTE-CHI-20250719-001 / DRV-01007 @ CHI
Gate locked at delivery, no answer. ATT x2. the stop left as NSF, reattempt scheduled."
DN-100443,RTE-IND-20250212-003,DRV-01033,HUB-IND,2025-02-12T10:37:00,weather,"[02/12 10:37] RTE-IND-20250212-003 / DRV-01033 @ IND
Snow/ice on route. 37 stops ATT, 1 DEL to next day. Salt trucks late. ETA slippage all afternoon."
DN-100444,RTE-CIN-20251212-001,DRV-01034,HUB-CIN,2025-12-12T11:10:00,traffic,"[12/12 11:10] RTE-CIN-20251212-001 / DRV-01034 @ CIN
I-90 closure, major backup. ETA +90m. 5 stops missed cutoff."
DN-100446,RTE-CIN-20251112-001,DRV-01008,HUB-CIN,2025-11-12T08:27:00,access,"[11/12 08:27] RTE-CIN-20251112-001 / DRV-01008 @ CIN
Gate locked at delivery, no answer. ATT x2. the stop left as NSF, reattempt scheduled."
DN-100447,RTE-CIN-20250101-001,DRV-01023,HUB-CIN,2025-01-01T16:25:00,volume,"[01/01 16:25] RTE-CIN-20250101-001 / DRV-01023 @ CIN
Peak volume, truck full. 4 pkgs bumped to overflow route."
DN-100448,RTE-DET-20250429-003,DRV-01014,HUB-DET,2025-04-29T14:31:00,volume,"[04/29 14:31] RTE-DET-20250429-003 / DRV-01014 @ DET
Overloaded manifest, 20 stops assigned. 1 could not be completed in service window."
DN-100449,RTE-CMH-20251218-001,DRV-01015,HUB-CMH,2025-12-18T09:43:00,access,"[12/18 09:43] RTE-CMH-20251218-001 / DRV-01015 @ CMH
Dock closed early. 3 LTL stops could not unload. Rescheduling AM."
DN-100450,RTE-CHI-20250106-003,DRV-01035,HUB-CHI,2025-01-06T10:45:00,weather,"[01/06 10:45] RTE-CHI-20250106-003 / DRV-01035 @ CHI
Snow/ice on route. 28 stops ATT, 3 DEL to next day. Salt trucks late. ETA slippage all afternoon."
DN-100451,RTE-DET-20250130-001,DRV-01037,HUB-DET,2025-01-30T19:40:00,access,"[01/30 19:40] RTE-DET-20250130-001 / DRV-01037 @ DET
Gate locked at delivery, no answer. ATT x2. the stop left as NSF, reattempt scheduled."
DN-100452,RTE-DET-20251128-001,DRV-01004,HUB-DET,2025-11-28T08:00:00,access,"[11/28 08:00] RTE-DET-20251128-001 / DRV-01004 @ DET
Dock closed early. 5 LTL stops could not unload. Rescheduling AM."
DN-100453,RTE-DET-20250226-003,DRV-01037,HUB-DET,2025-02-26T09:05:00,weather,"[02/26 09:05] RTE-DET-20250226-003 / DRV-01037 @ DET
Snow/ice on route. 46 stops ATT, 1 DEL to next day. Salt trucks late. ETA slippage all afternoon."
DN-100454,RTE-DET-20250615-001,DRV-01021,HUB-DET,2025-06-15T13:06:00,address,"[06/15 13:06] RTE-DET-20250615-001 / DRV-01021 @ DET
Bad address on the stop. Geocode off by ~3mi. Held for dispatch correction."
DN-100455,RTE-CMH-20250116-002,DRV-01036,HUB-CMH,2025-01-16T16:50:00,weather,"[01/16 16:50] RTE-CMH-20250116-002 / DRV-01036 @ CMH
Whiteout conditions Columbus. Held 4 pkgs at hub, road closures on the north loop. POD delayed."
DN-100456,RTE-CIN-20250217-001,DRV-01026,HUB-CIN,2025-02-17T19:05:00,access,"[02/17 19:05] RTE-CIN-20250217-001 / DRV-01026 @ CIN
Gate locked at delivery, no answer. ATT x2. the stop left as NSF, reattempt scheduled."
DN-100457,RTE-DET-20251125-003,DRV-01021,HUB-DET,2025-11-25T09:08:00,address,"[11/25 09:08] RTE-DET-20251125-003 / DRV-01021 @ DET
Suite # missing, 3 stops undeliverable. Contacting account for update."
DN-100458,RTE-DET-20250130-001,DRV-01037,HUB-DET,2025-01-30T09:27:00,weather,"[01/30 09:27] RTE-DET-20250130-001 / DRV-01037 @ DET
Whiteout conditions Detroit. Held 4 pkgs at hub, road closures on the north loop. POD delayed."
DN-100459,RTE-CMH-20251208-001,DRV-01043,HUB-CMH,2025-12-08T12:16:00,volume,"[12/08 12:16] RTE-CMH-20251208-001 / DRV-01043 @ CMH
Overloaded manifest, 40 stops assigned. 6 could not be completed in service window."
DN-100460,RTE-DET-20251030-004,DRV-01046,HUB-DET,2025-10-30T10:29:00,address,"[10/30 10:29] RTE-DET-20251030-004 / DRV-01046 @ DET
Bad address on the stop. Geocode off by ~3mi. Held for dispatch correction."
DN-100461,RTE-CHI-20251024-004,DRV-01017,HUB-CHI,2025-10-24T12:53:00,traffic,"[10/24 12:53] RTE-CHI-20251024-004 / DRV-01017 @ CHI
Accident on route, detour added. 2 DEL slipped past commit."
DN-100462,RTE-CIN-20250108-004,DRV-01019,HUB-CIN,2025-01-08T17:38:00,mechanical,"[01/08 17:38] RTE-CIN-20250108-004 / DRV-01019 @ CIN
Liftgate fault mid-route. DRV-01019 completed 21 stops manual, 5 deferred. VEH flagged for shop."
DN-100463,RTE-DET-20251114-001,DRV-01021,HUB-DET,2025-11-14T10:30:00,traffic,"[11/14 10:30] RTE-DET-20251114-001 / DRV-01021 @ DET
Accident on route, detour added. 6 DEL slipped past commit."
DN-100464,RTE-IND-20250226-003,DRV-01006,HUB-IND,2025-02-26T11:47:00,traffic,"[02/26 11:47] RTE-IND-20250226-003 / DRV-01006 @ IND
Accident on route, detour added. 5 DEL slipped past commit."
DN-100465,RTE-CMH-20250622-002,DRV-01028,HUB-CMH,2025-06-22T11:52:00,mechanical,"[06/22 11:52] RTE-CMH-20250622-002 / DRV-01028 @ CMH
Check-engine light, reduced power. Swapped to spare, 1 stops late."
DN-100466,RTE-CIN-20251107-001,DRV-01023,HUB-CIN,2025-11-07T16:34:00,customer_nsf,"[11/07 16:34] RTE-CIN-20251107-001 / DRV-01023 @ CIN
the stop NSF - business closed. ATT 1440. Reattempt next biz day."
DN-100467,RTE-CMH-20250414-004,DRV-01018,HUB-CMH,2025-04-14T18:29:00,access,"[04/14 18:29] RTE-CMH-20250414-004 / DRV-01018 @ CMH
Gate locked at delivery, no answer. ATT x2. the stop left as NSF, reattempt scheduled."
DN-100468,RTE-IND-20250117-003,DRV-01032,HUB-IND,2025-01-17T08:52:00,volume,"[01/17 08:52] RTE-IND-20250117-003 / DRV-01032 @ IND
Peak volume, truck full. 6 pkgs bumped to overflow route."
DN-100469,RTE-CHI-20251105-002,DRV-01011,HUB-CHI,2025-11-05T10:16:00,address,"[11/05 10:16] RTE-CHI-20251105-002 / DRV-01011 @ CHI
Bad address on the stop. Geocode off by ~3mi. Held for dispatch correction."
DN-100470,RTE-DET-20250205-002,DRV-01037,HUB-DET,2025-02-05T14:38:00,access,"[02/05 14:38] RTE-DET-20250205-002 / DRV-01037 @ DET
Dock closed early. 4 LTL stops could not unload. Rescheduling AM."
DN-100471,RTE-CIN-20251222-001,DRV-01019,HUB-CIN,2025-12-22T18:26:00,traffic,"[12/22 18:26] RTE-CIN-20251222-001 / DRV-01019 @ CIN
I-74 closure, major backup. ETA +90m. 2 stops missed cutoff."
DN-100472,RTE-CMH-20251124-003,DRV-01028,HUB-CMH,2025-11-24T16:40:00,volume,"[11/24 16:40] RTE-CMH-20251124-003 / DRV-01028 @ CMH
Overloaded manifest, 32 stops assigned. 3 could not be completed in service window."
DN-100473,RTE-CIN-20251229-001,DRV-01025,HUB-CIN,2025-12-29T12:10:00,address,"[12/29 12:10] RTE-CIN-20251229-001 / DRV-01025 @ CIN
Bad address on the stop. Geocode off by ~3mi. Held for dispatch correction."
DN-100474,RTE-CMH-20250130-001,DRV-01010,HUB-CMH,2025-01-30T13:48:00,address,"[01/30 13:48] RTE-CMH-20250130-001 / DRV-01010 @ CMH
Suite # missing, 3 stops undeliverable. Contacting account for update."
DN-100475,RTE-CIN-20251205-001,DRV-01002,HUB-CIN,2025-12-05T10:32:00,weather,"[12/05 10:32] RTE-CIN-20251205-001 / DRV-01002 @ CIN
Freezing rain. Driver DRV-01002 pulled early for safety. 6 stops rolled to tomorrow."
DN-100477,RTE-CHI-20250207-004,DRV-01017,HUB-CHI,2025-02-07T11:26:00,mechanical,"[02/07 11:26] RTE-CHI-20250207-004 / DRV-01017 @ CHI
Liftgate fault mid-route. DRV-01017 completed 61 stops manual, 4 deferred. VEH flagged for shop."
DN-100478,RTE-DET-20251104-001,DRV-01014,HUB-DET,2025-11-04T12:19:00,address,"[11/04 12:19] RTE-DET-20251104-001 / DRV-01014 @ DET
Suite # missing, 2 stops undeliverable. Contacting account for update."
DN-100479,RTE-CIN-20251114-005,DRV-01026,HUB-CIN,2025-11-14T12:30:00,mechanical,"[11/14 12:30] RTE-CIN-20251114-005 / DRV-01026 @ CIN
Liftgate fault mid-route. DRV-01026 completed 65 stops manual, 4 deferred. VEH flagged for shop."
DN-100480,RTE-DET-20251215-005,DRV-01014,HUB-DET,2025-12-15T08:19:00,mechanical,"[12/15 08:19] RTE-DET-20251215-005 / DRV-01014 @ DET
Liftgate fault mid-route. DRV-01014 completed 42 stops manual, 2 deferred. VEH flagged for shop."
DN-100481,RTE-IND-20251219-001,DRV-01031,HUB-IND,2025-12-19T17:06:00,traffic,"[12/19 17:06] RTE-IND-20251219-001 / DRV-01031 @ IND
I-71 closure, major backup. ETA +90m. 2 stops missed cutoff."
DN-100482,RTE-CIN-20250729-001,DRV-01026,HUB-CIN,2025-07-29T09:21:00,access,"[07/29 09:21] RTE-CIN-20250729-001 / DRV-01026 @ CIN
Dock closed early. 1 LTL stops could not unload. Rescheduling AM."
DN-100483,RTE-CIN-20250902-002,DRV-01026,HUB-CIN,2025-09-02T09:11:00,customer_nsf,"[09/02 09:11] RTE-CIN-20250902-002 / DRV-01026 @ CIN
Consignee refused delivery the stop. Return to hub initiated."
DN-100484,RTE-IND-20251209-001,DRV-01031,HUB-IND,2025-12-09T10:28:00,customer_nsf,"[12/09 10:28] RTE-IND-20251209-001 / DRV-01031 @ IND
Consignee refused delivery the stop. Return to hub initiated."
DN-100485,RTE-CMH-20250208-001,DRV-01030,HUB-CMH,2025-02-08T11:48:00,weather,"[02/08 11:48] RTE-CMH-20250208-001 / DRV-01030 @ CMH
Freezing rain. Driver DRV-01030 pulled early for safety. 5 stops rolled to tomorrow."
DN-100486,RTE-CMH-20250912-005,DRV-01030,HUB-CMH,2025-09-12T15:11:00,volume,"[09/12 15:11] RTE-CMH-20250912-005 / DRV-01030 @ CMH
Peak volume, truck full. 3 pkgs bumped to overflow route."
DN-100487,RTE-CIN-20250907-001,DRV-01019,HUB-CIN,2025-09-07T17:55:00,access,"[09/07 17:55] RTE-CIN-20250907-001 / DRV-01019 @ CIN
Dock closed early. 1 LTL stops could not unload. Rescheduling AM."
DN-100488,RTE-CHI-20251203-005,DRV-01020,HUB-CHI,2025-12-03T13:39:00,weather,"[12/03 13:39] RTE-CHI-20251203-005 / DRV-01020 @ CHI
Whiteout conditions Chicago. Held 5 pkgs at hub, road closures on the north loop. POD delayed."
DN-100489,RTE-CIN-20251107-001,DRV-01023,HUB-CIN,2025-11-07T14:39:00,access,"[11/07 14:39] RTE-CIN-20251107-001 / DRV-01023 @ CIN
Gate locked at delivery, no answer. ATT x2. the stop left as NSF, reattempt scheduled."
DN-100490,RTE-DET-20250128-005,DRV-01014,HUB-DET,2025-01-28T16:37:00,weather,"[01/28 16:37] RTE-DET-20250128-005 / DRV-01014 @ DET
Snow/ice on route. 50 stops ATT, 1 DEL to next day. Salt trucks late. ETA slippage all afternoon."
DN-100491,RTE-IND-20250122-001,DRV-01024,HUB-IND,2025-01-22T11:07:00,weather,"[01/22 11:07] RTE-IND-20250122-001 / DRV-01024 @ IND
Snow/ice on route. 57 stops ATT, 1 DEL to next day. Salt trucks late. ETA slippage all afternoon."
DN-100492,RTE-CHI-20251127-002,DRV-01047,HUB-CHI,2025-11-27T13:38:00,mechanical,"[11/27 13:38] RTE-CHI-20251127-002 / DRV-01047 @ CHI
Liftgate fault mid-route. DRV-01047 completed 25 stops manual, 2 deferred. VEH flagged for shop."
DN-100493,RTE-DET-20250102-003,DRV-01037,HUB-DET,2025-01-02T17:34:00,weather,"[01/02 17:34] RTE-DET-20250102-003 / DRV-01037 @ DET
Freezing rain. Driver DRV-01037 pulled early for safety. 4 stops rolled to tomorrow."
DN-100494,RTE-DET-20251222-003,DRV-01022,HUB-DET,2025-12-22T09:31:00,weather,"[12/22 09:31] RTE-DET-20251222-003 / DRV-01022 @ DET
Whiteout conditions Detroit. Held 5 pkgs at hub, road closures on the north loop. POD delayed."
DN-100495,RTE-IND-20250201-001,DRV-01032,HUB-IND,2025-02-01T16:03:00,volume,"[02/01 16:03] RTE-IND-20250201-001 / DRV-01032 @ IND
Peak volume, truck full. 5 pkgs bumped to overflow route."
DN-100496,RTE-CIN-20251201-004,DRV-01041,HUB-CIN,2025-12-01T13:35:00,weather,"[12/01 13:35] RTE-CIN-20251201-004 / DRV-01041 @ CIN
Freezing rain. Driver DRV-01041 pulled early for safety. 2 stops rolled to tomorrow."
DN-100497,RTE-DET-20250909-001,DRV-01014,HUB-DET,2025-09-09T13:45:00,address,"[09/09 13:45] RTE-DET-20250909-001 / DRV-01014 @ DET
Suite # missing, 3 stops undeliverable. Contacting account for update."
DN-100498,RTE-DET-20250331-001,DRV-01021,HUB-DET,2025-03-31T19:48:00,address,"[03/31 19:48] RTE-DET-20250331-001 / DRV-01021 @ DET
Bad address on the stop. Geocode off by ~3mi. Held for dispatch correction."
DN-100499,RTE-CHI-20251111-001,DRV-01011,HUB-CHI,2025-11-11T11:10:00,weather,"[11/11 11:10] RTE-CHI-20251111-001 / DRV-01011 @ CHI
Whiteout conditions Chicago. Held 5 pkgs at hub, road closures on the north loop. POD delayed."
DN-100500,RTE-CHI-20251214-001,DRV-01017,HUB-CHI,2025-12-14T15:32:00,volume,"[12/14 15:32] RTE-CHI-20251214-001 / DRV-01017 @ CHI
Overloaded manifest, 48 stops assigned. 6 could not be completed in service window."
DN-100501,RTE-CIN-20251107-001,DRV-01023,HUB-CIN,2025-11-07T12:34:00,volume,"[11/07 12:34] RTE-CIN-20251107-001 / DRV-01023 @ CIN
Overloaded manifest, 42 stops assigned. 3 could not be completed in service window."
DN-100502,RTE-DET-20250223-001,DRV-01022,HUB-DET,2025-02-23T13:06:00,weather,"[02/23 13:06] RTE-DET-20250223-001 / DRV-01022 @ DET
Freezing rain. Driver DRV-01022 pulled early for safety. 6 stops rolled to tomorrow."
DN-100503,RTE-DET-20251212-003,DRV-01022,HUB-DET,2025-12-12T07:28:00,weather,"[12/12 07:28] RTE-DET-20251212-003 / DRV-01022 @ DET
Whiteout conditions Detroit. Held 1 pkgs at hub, road closures on the north loop. POD delayed."
DN-100504,RTE-CIN-20251203-004,DRV-01038,HUB-CIN,2025-12-03T08:49:00,weather,"[12/03 08:49] RTE-CIN-20251203-004 / DRV-01038 @ CIN
Snow/ice on route. 19 stops ATT, 3 DEL to next day. Salt trucks late. ETA slippage all afternoon."
DN-100505,RTE-CIN-20250726-003,DRV-01026,HUB-CIN,2025-07-26T12:55:00,address,"[07/26 12:55] RTE-CIN-20250726-003 / DRV-01026 @ CIN
Suite # missing, 3 stops undeliverable. Contacting account for update."
DN-100506,RTE-CIN-20251221-002,DRV-01029,HUB-CIN,2025-12-21T10:51:00,volume,"[12/21 10:51] RTE-CIN-20251221-002 / DRV-01029 @ CIN
Overloaded manifest, 21 stops assigned. 1 could not be completed in service window."
DN-100507,RTE-CIN-20250130-001,DRV-01029,HUB-CIN,2025-01-30T15:10:00,weather,"[01/30 15:10] RTE-CIN-20250130-001 / DRV-01029 @ CIN
Whiteout conditions Cincinnati. Held 1 pkgs at hub, road closures on the north loop. POD delayed."
DN-100508,RTE-IND-20250709-001,DRV-01045,HUB-IND,2025-07-09T15:57:00,address,"[07/09 15:57] RTE-IND-20250709-001 / DRV-01045 @ IND
Bad address on the stop. Geocode off by ~3mi. Held for dispatch correction."
DN-100509,RTE-CMH-20251117-004,DRV-01001,HUB-CMH,2025-11-17T07:17:00,volume,"[11/17 07:17] RTE-CMH-20251117-004 / DRV-01001 @ CMH
Overloaded manifest, 27 stops assigned. 3 could not be completed in service window."
DN-100510,RTE-CIN-20251105-004,DRV-01002,HUB-CIN,2025-11-05T18:20:00,weather,"[11/05 18:20] RTE-CIN-20251105-004 / DRV-01002 @ CIN
Snow/ice on route. 43 stops ATT, 5 DEL to next day. Salt trucks late. ETA slippage all afternoon."
DN-100511,RTE-DET-20250110-001,DRV-01021,HUB-DET,2025-01-10T17:17:00,weather,"[01/10 17:17] RTE-DET-20250110-001 / DRV-01021 @ DET
Freezing rain. Driver DRV-01021 pulled early for safety. 6 stops rolled to tomorrow."
DN-100512,RTE-CMH-20250203-002,DRV-01044,HUB-CMH,2025-02-03T19:56:00,weather,"[02/03 19:56] RTE-CMH-20250203-002 / DRV-01044 @ CMH
Snow/ice on route. 23 stops ATT, 3 DEL to next day. Salt trucks late. ETA slippage all afternoon."
DN-100513,RTE-CMH-20250101-003,DRV-01016,HUB-CMH,2025-01-01T12:29:00,weather,"[01/01 12:29] RTE-CMH-20250101-003 / DRV-01016 @ CMH
Whiteout conditions Columbus. Held 2 pkgs at hub, road closures on the north loop. POD delayed."
DN-100514,RTE-CIN-20250103-002,DRV-01008,HUB-CIN,2025-01-03T18:05:00,traffic,"[01/03 18:05] RTE-CIN-20250103-002 / DRV-01008 @ CIN
Accident on route, detour added. 1 DEL slipped past commit."
DN-100515,RTE-DET-20250804-003,DRV-01014,HUB-DET,2025-08-04T08:50:00,customer_nsf,"[08/04 08:50] RTE-DET-20250804-003 / DRV-01014 @ DET
the stop NSF - business closed. ATT 1440. Reattempt next biz day."
DN-100516,RTE-IND-20251113-001,DRV-01045,HUB-IND,2025-11-13T12:53:00,mechanical,"[11/13 12:53] RTE-IND-20251113-001 / DRV-01045 @ IND
Check-engine light, reduced power. Swapped to spare, 4 stops late."
DN-100517,RTE-CMH-20251226-002,DRV-01001,HUB-CMH,2025-12-26T14:50:00,weather,"[12/26 14:50] RTE-CMH-20251226-002 / DRV-01001 @ CMH
Whiteout conditions Columbus. Held 4 pkgs at hub, road closures on the north loop. POD delayed."
DN-100518,RTE-DET-20250108-006,DRV-01021,HUB-DET,2025-01-08T17:50:00,weather,"[01/08 17:50] RTE-DET-20250108-006 / DRV-01021 @ DET
Whiteout conditions Detroit. Held 4 pkgs at hub, road closures on the north loop. POD delayed."
DN-100519,RTE-DET-20251122-001,DRV-01037,HUB-DET,2025-11-22T14:29:00,traffic,"[11/22 14:29] RTE-DET-20251122-001 / DRV-01037 @ DET
I-94 closure, major backup. ETA +90m. 1 stops missed cutoff."
DN-100520,RTE-IND-20251217-002,DRV-01032,HUB-IND,2025-12-17T09:56:00,address,"[12/17 09:56] RTE-IND-20251217-002 / DRV-01032 @ IND
Suite # missing, 3 stops undeliverable. Contacting account for update."
DN-100521,RTE-CMH-20251206-002,DRV-01049,HUB-CMH,2025-12-06T08:41:00,traffic,"[12/06 08:41] RTE-CMH-20251206-002 / DRV-01049 @ CMH
Accident on route, detour added. 2 DEL slipped past commit."
DN-100522,RTE-IND-20250214-001,DRV-01045,HUB-IND,2025-02-14T17:10:00,address,"[02/14 17:10] RTE-IND-20250214-001 / DRV-01045 @ IND
Bad address on the stop. Geocode off by ~3mi. Held for dispatch correction."
DN-100523,RTE-DET-20251030-004,DRV-01046,HUB-DET,2025-10-30T19:14:00,volume,"[10/30 19:14] RTE-DET-20251030-004 / DRV-01046 @ DET
Peak volume, truck full. 2 pkgs bumped to overflow route."
DN-100524,RTE-CHI-20251202-001,DRV-01007,HUB-CHI,2025-12-02T10:30:00,weather,"[12/02 10:30] RTE-CHI-20251202-001 / DRV-01007 @ CHI
Snow/ice on route. 52 stops ATT, 4 DEL to next day. Salt trucks late. ETA slippage all afternoon."
DN-100525,RTE-CHI-20251123-001,DRV-01017,HUB-CHI,2025-11-23T14:00:00,mechanical,"[11/23 14:00] RTE-CHI-20251123-001 / DRV-01017 @ CHI
Liftgate fault mid-route. DRV-01017 completed 22 stops manual, 5 deferred. VEH flagged for shop."
DN-100526,RTE-CMH-20250129-001,DRV-01013,HUB-CMH,2025-01-29T13:44:00,weather,"[01/29 13:44] RTE-CMH-20250129-001 / DRV-01013 @ CMH
Snow/ice on route. 28 stops ATT, 1 DEL to next day. Salt trucks late. ETA slippage all afternoon."
DN-100527,RTE-CHI-20250226-001,DRV-01047,HUB-CHI,2025-02-26T18:51:00,access,"[02/26 18:51] RTE-CHI-20250226-001 / DRV-01047 @ CHI
Gate locked at delivery, no answer. ATT x2. the stop left as NSF, reattempt scheduled."
DN-100528,RTE-DET-20251218-003,DRV-01014,HUB-DET,2025-12-18T09:24:00,traffic,"[12/18 09:24] RTE-DET-20251218-003 / DRV-01014 @ DET
I-71 closure, major backup. ETA +90m. 1 stops missed cutoff."
DN-100529,RTE-CHI-20250125-001,DRV-01017,HUB-CHI,2025-01-25T15:36:00,weather,"[01/25 15:36] RTE-CHI-20250125-001 / DRV-01017 @ CHI
Snow/ice on route. 26 stops ATT, 4 DEL to next day. Salt trucks late. ETA slippage all afternoon."
DN-100530,RTE-DET-20251230-003,DRV-01014,HUB-DET,2025-12-30T18:13:00,mechanical,"[12/30 18:13] RTE-DET-20251230-003 / DRV-01014 @ DET
Liftgate fault mid-route. DRV-01014 completed 27 stops manual, 3 deferred. VEH flagged for shop."
DN-100531,RTE-CIN-20251221-002,DRV-01029,HUB-CIN,2025-12-21T10:05:00,mechanical,"[12/21 10:05] RTE-CIN-20251221-002 / DRV-01029 @ CIN
Liftgate fault mid-route. DRV-01029 completed 21 stops manual, 1 deferred. VEH flagged for shop."
DN-100532,RTE-CMH-20250320-001,DRV-01010,HUB-CMH,2025-03-20T13:22:00,address,"[03/20 13:22] RTE-CMH-20250320-001 / DRV-01010 @ CMH
Suite # missing, 1 stops undeliverable. Contacting account for update."
DN-100533,RTE-IND-20251204-005,DRV-01031,HUB-IND,2025-12-04T17:05:00,weather,"[12/04 17:05] RTE-IND-20251204-005 / DRV-01031 @ IND
Snow/ice on route. 57 stops ATT, 1 DEL to next day. Salt trucks late. ETA slippage all afternoon."
DN-100534,RTE-IND-20250609-004,DRV-01031,HUB-IND,2025-06-09T11:49:00,volume,"[06/09 11:49] RTE-IND-20250609-004 / DRV-01031 @ IND
Overloaded manifest, 35 stops assigned. 3 could not be completed in service window."
DN-100535,RTE-CHI-20250106-004,DRV-01017,HUB-CHI,2025-01-06T16:32:00,weather,"[01/06 16:32] RTE-CHI-20250106-004 / DRV-01017 @ CHI
Snow/ice on route. 36 stops ATT, 6 DEL to next day. Salt trucks late. ETA slippage all afternoon."
DN-100536,RTE-DET-20250110-001,DRV-01021,HUB-DET,2025-01-10T19:57:00,address,"[01/10 19:57] RTE-DET-20250110-001 / DRV-01021 @ DET
Bad address on the stop. Geocode off by ~3mi. Held for dispatch correction."
DN-100537,RTE-CIN-20250225-003,DRV-01023,HUB-CIN,2025-02-25T17:38:00,weather,"[02/25 17:38] RTE-CIN-20250225-003 / DRV-01023 @ CIN
Snow/ice on route. 35 stops ATT, 6 DEL to next day. Salt trucks late. ETA slippage all afternoon."
DN-100538,RTE-CHI-20251128-003,DRV-01047,HUB-CHI,2025-11-28T12:59:00,weather,"[11/28 12:59] RTE-CHI-20251128-003 / DRV-01047 @ CHI
Whiteout conditions Chicago. Held 3 pkgs at hub, road closures on the north loop. POD delayed."
DN-100539,RTE-DET-20250114-002,DRV-01021,HUB-DET,2025-01-14T13:23:00,volume,"[01/14 13:23] RTE-DET-20250114-002 / DRV-01021 @ DET
Overloaded manifest, 56 stops assigned. 1 could not be completed in service window."
DN-100540,RTE-CMH-20251223-006,DRV-01028,HUB-CMH,2025-12-23T07:37:00,volume,"[12/23 07:37] RTE-CMH-20251223-006 / DRV-01028 @ CMH
Overloaded manifest, 37 stops assigned. 3 could not be completed in service window."
DN-100541,RTE-DET-20250331-002,DRV-01004,HUB-DET,2025-03-31T07:50:00,access,"[03/31 07:50] RTE-DET-20250331-002 / DRV-01004 @ DET
Dock closed early. 2 LTL stops could not unload. Rescheduling AM."
DN-100542,RTE-IND-20250205-002,DRV-01045,HUB-IND,2025-02-05T19:26:00,address,"[02/05 19:26] RTE-IND-20250205-002 / DRV-01045 @ IND
Suite # missing, 2 stops undeliverable. Contacting account for update."
DN-100543,RTE-CMH-20251125-001,DRV-01039,HUB-CMH,2025-11-25T15:39:00,address,"[11/25 15:39] RTE-CMH-20251125-001 / DRV-01039 @ CMH
Bad address on the stop. Geocode off by ~3mi. Held for dispatch correction."
DN-100544,RTE-IND-20250221-001,DRV-01045,HUB-IND,2025-02-21T10:51:00,weather,"[02/21 10:51] RTE-IND-20250221-001 / DRV-01045 @ IND
Whiteout conditions Indianapolis. Held 4 pkgs at hub, road closures on the north loop. POD delayed."
DN-100545,RTE-DET-20250429-003,DRV-01014,HUB-DET,2025-04-29T17:41:00,traffic,"[04/29 17:41] RTE-DET-20250429-003 / DRV-01014 @ DET
I-74 closure, major backup. ETA +90m. 1 stops missed cutoff."
DN-100547,RTE-IND-20251107-004,DRV-01031,HUB-IND,2025-11-07T17:47:00,weather,"[11/07 17:47] RTE-IND-20251107-004 / DRV-01031 @ IND
Freezing rain. Driver DRV-01031 pulled early for safety. 5 stops rolled to tomorrow."
DN-100548,RTE-CIN-20251210-002,DRV-01003,HUB-CIN,2025-12-10T09:44:00,weather,"[12/10 09:44] RTE-CIN-20251210-002 / DRV-01003 @ CIN
Snow/ice on route. 59 stops ATT, 5 DEL to next day. Salt trucks late. ETA slippage all afternoon."
DN-100549,RTE-CIN-20250218-001,DRV-01027,HUB-CIN,2025-02-18T15:50:00,access,"[02/18 15:50] RTE-CIN-20250218-001 / DRV-01027 @ CIN
Dock closed early. 5 LTL stops could not unload. Rescheduling AM."
DN-100550,RTE-IND-20251117-001,DRV-01006,HUB-IND,2025-11-17T11:46:00,volume,"[11/17 11:46] RTE-IND-20251117-001 / DRV-01006 @ IND
Overloaded manifest, 43 stops assigned. 6 could not be completed in service window."
DN-100551,RTE-CIN-20250106-001,DRV-01008,HUB-CIN,2025-01-06T15:04:00,mechanical,"[01/06 15:04] RTE-CIN-20250106-001 / DRV-01008 @ CIN
Check-engine light, reduced power. Swapped to spare, 2 stops late."
DN-100552,RTE-CIN-20250217-004,DRV-01029,HUB-CIN,2025-02-17T14:29:00,customer_nsf,"[02/17 14:29] RTE-CIN-20250217-004 / DRV-01029 @ CIN
Consignee refused delivery the stop. Return to hub initiated."
DN-100553,RTE-CHI-20251105-002,DRV-01011,HUB-CHI,2025-11-05T12:10:00,customer_nsf,"[11/05 12:10] RTE-CHI-20251105-002 / DRV-01011 @ CHI
Consignee refused delivery the stop. Return to hub initiated."
DN-100554,RTE-DET-20250603-005,DRV-01021,HUB-DET,2025-06-03T08:14:00,address,"[06/03 08:14] RTE-DET-20250603-005 / DRV-01021 @ DET
Bad address on the stop. Geocode off by ~3mi. Held for dispatch correction."
DN-100555,RTE-CMH-20251202-003,DRV-01043,HUB-CMH,2025-12-02T07:30:00,weather,"[12/02 07:30] RTE-CMH-20251202-003 / DRV-01043 @ CMH
Whiteout conditions Columbus. Held 3 pkgs at hub, road closures on the north loop. POD delayed."
DN-100556,RTE-CIN-20250203-003,DRV-01023,HUB-CIN,2025-02-03T07:35:00,weather,"[02/03 07:35] RTE-CIN-20250203-003 / DRV-01023 @ CIN
Freezing rain. Driver DRV-01023 pulled early for safety. 1 stops rolled to tomorrow."
DN-100557,RTE-IND-20250411-003,DRV-01033,HUB-IND,2025-04-11T10:26:00,mechanical,"[04/11 10:26] RTE-IND-20250411-003 / DRV-01033 @ IND
Check-engine light, reduced power. Swapped to spare, 2 stops late."
DN-100558,RTE-CHI-20250210-003,DRV-01011,HUB-CHI,2025-02-10T08:32:00,customer_nsf,"[02/10 08:32] RTE-CHI-20250210-003 / DRV-01011 @ CHI
the stop NSF - business closed. ATT 1440. Reattempt next biz day."
DN-100559,RTE-CMH-20251231-001,DRV-01044,HUB-CMH,2025-12-31T07:25:00,mechanical,"[12/31 07:25] RTE-CMH-20251231-001 / DRV-01044 @ CMH
Liftgate fault mid-route. DRV-01044 completed 50 stops manual, 2 deferred. VEH flagged for shop."
DN-100560,RTE-CIN-20251105-004,DRV-01002,HUB-CIN,2025-11-05T11:20:00,volume,"[11/05 11:20] RTE-CIN-20251105-004 / DRV-01002 @ CIN
Overloaded manifest, 43 stops assigned. 5 could not be completed in service window."
DN-100561,RTE-IND-20250404-001,DRV-01045,HUB-IND,2025-04-04T11:36:00,customer_nsf,"[04/04 11:36] RTE-IND-20250404-001 / DRV-01045 @ IND
Consignee refused delivery the stop. Return to hub initiated."
DN-100562,RTE-IND-20250312-002,DRV-01024,HUB-IND,2025-03-12T16:31:00,customer_nsf,"[03/12 16:31] RTE-IND-20250312-002 / DRV-01024 @ IND
the stop NSF - business closed. ATT 1440. Reattempt next biz day."
DN-100563,RTE-CIN-20250209-003,DRV-01027,HUB-CIN,2025-02-09T10:09:00,volume,"[02/09 10:09] RTE-CIN-20250209-003 / DRV-01027 @ CIN
Overloaded manifest, 61 stops assigned. 1 could not be completed in service window."
DN-100564,RTE-CIN-20251125-001,DRV-01025,HUB-CIN,2025-11-25T17:53:00,customer_nsf,"[11/25 17:53] RTE-CIN-20251125-001 / DRV-01025 @ CIN
the stop NSF - business closed. ATT 1440. Reattempt next biz day."
DN-100565,RTE-IND-20251216-001,DRV-01031,HUB-IND,2025-12-16T18:46:00,address,"[12/16 18:46] RTE-IND-20251216-001 / DRV-01031 @ IND
Suite # missing, 2 stops undeliverable. Contacting account for update."
DN-100566,RTE-IND-20250107-001,DRV-01032,HUB-IND,2025-01-07T13:31:00,traffic,"[01/07 13:31] RTE-IND-20250107-001 / DRV-01032 @ IND
I-71 closure, major backup. ETA +90m. 1 stops missed cutoff."
DN-100567,RTE-CMH-20251215-001,DRV-01010,HUB-CMH,2025-12-15T10:57:00,weather,"[12/15 10:57] RTE-CMH-20251215-001 / DRV-01010 @ CMH
Freezing rain. Driver DRV-01010 pulled early for safety. 1 stops rolled to tomorrow."
DN-100568,RTE-CMH-20251124-003,DRV-01028,HUB-CMH,2025-11-24T18:05:00,access,"[11/24 18:05] RTE-CMH-20251124-003 / DRV-01028 @ CMH
Gate locked at delivery, no answer. ATT x2. the stop left as NSF, reattempt scheduled."
DN-100569,RTE-CHI-20250205-001,DRV-01047,HUB-CHI,2025-02-05T08:37:00,volume,"[02/05 08:37] RTE-CHI-20250205-001 / DRV-01047 @ CHI
Overloaded manifest, 63 stops assigned. 2 could not be completed in service window."
DN-100570,RTE-IND-20251127-002,DRV-01031,HUB-IND,2025-11-27T11:16:00,weather,"[11/27 11:16] RTE-IND-20251127-002 / DRV-01031 @ IND
Whiteout conditions Indianapolis. Held 1 pkgs at hub, road closures on the north loop. POD delayed."
DN-100571,RTE-CMH-20251124-003,DRV-01028,HUB-CMH,2025-11-24T12:28:00,address,"[11/24 12:28] RTE-CMH-20251124-003 / DRV-01028 @ CMH
Suite # missing, 3 stops undeliverable. Contacting account for update."
DN-100572,RTE-CMH-20250213-001,DRV-01018,HUB-CMH,2025-02-13T19:49:00,weather,"[02/13 19:49] RTE-CMH-20250213-001 / DRV-01018 @ CMH
Freezing rain. Driver DRV-01018 pulled early for safety. 6 stops rolled to tomorrow."
DN-100573,RTE-IND-20250422-001,DRV-01032,HUB-IND,2025-04-22T14:20:00,access,"[04/22 14:20] RTE-IND-20250422-001 / DRV-01032 @ IND
Dock closed early. 1 LTL stops could not unload. Rescheduling AM."
DN-100574,RTE-DET-20251225-002,DRV-01021,HUB-DET,2025-12-25T10:28:00,traffic,"[12/25 10:28] RTE-DET-20251225-002 / DRV-01021 @ DET
I-65 closure, major backup. ETA +90m. 3 stops missed cutoff."
DN-100575,RTE-CHI-20250204-001,DRV-01035,HUB-CHI,2025-02-04T18:44:00,address,"[02/04 18:44] RTE-CHI-20250204-001 / DRV-01035 @ CHI
Bad address on the stop. Geocode off by ~3mi. Held for dispatch correction."
DN-100576,RTE-DET-20251216-002,DRV-01021,HUB-DET,2025-12-16T08:45:00,access,"[12/16 08:45] RTE-DET-20251216-002 / DRV-01021 @ DET
Gate locked at delivery, no answer. ATT x2. the stop left as NSF, reattempt scheduled."
DN-100577,RTE-CMH-20251111-001,DRV-01043,HUB-CMH,2025-11-11T11:16:00,weather,"[11/11 11:16] RTE-CMH-20251111-001 / DRV-01043 @ CMH
Snow/ice on route. 33 stops ATT, 5 DEL to next day. Salt trucks late. ETA slippage all afternoon."
DN-100578,RTE-CIN-20251202-001,DRV-01008,HUB-CIN,2025-12-02T15:47:00,traffic,"[12/02 15:47] RTE-CIN-20251202-001 / DRV-01008 @ CIN
I-65 closure, major backup. ETA +90m. 4 stops missed cutoff."
DN-100579,RTE-CHI-20251107-003,DRV-01005,HUB-CHI,2025-11-07T09:07:00,volume,"[11/07 09:07] RTE-CHI-20251107-003 / DRV-01005 @ CHI
Overloaded manifest, 36 stops assigned. 1 could not be completed in service window."
DN-100580,RTE-IND-20250930-002,DRV-01033,HUB-IND,2025-09-30T09:12:00,traffic,"[09/30 09:12] RTE-IND-20250930-002 / DRV-01033 @ IND
Accident on route, detour added. 1 DEL slipped past commit."
DN-100581,RTE-CIN-20250115-002,DRV-01008,HUB-CIN,2025-01-15T08:37:00,traffic,"[01/15 08:37] RTE-CIN-20250115-002 / DRV-01008 @ CIN
Accident on route, detour added. 2 DEL slipped past commit."
DN-100582,RTE-IND-20251217-001,DRV-01033,HUB-IND,2025-12-17T17:28:00,weather,"[12/17 17:28] RTE-IND-20251217-001 / DRV-01033 @ IND
Snow/ice on route. 65 stops ATT, 6 DEL to next day. Salt trucks late. ETA slippage all afternoon."
DN-100583,RTE-CMH-20250109-003,DRV-01049,HUB-CMH,2025-01-09T12:07:00,volume,"[01/09 12:07] RTE-CMH-20250109-003 / DRV-01049 @ CMH
Overloaded manifest, 62 stops assigned. 4 could not be completed in service window."
DN-100584,RTE-CHI-20251224-001,DRV-01005,HUB-CHI,2025-12-24T13:52:00,traffic,"[12/24 13:52] RTE-CHI-20251224-001 / DRV-01005 @ CHI
Accident on route, detour added. 2 DEL slipped past commit."
DN-100585,RTE-DET-20250102-003,DRV-01037,HUB-DET,2025-01-02T12:13:00,mechanical,"[01/02 12:13] RTE-DET-20250102-003 / DRV-01037 @ DET
Liftgate fault mid-route. DRV-01037 completed 21 stops manual, 4 deferred. VEH flagged for shop."
DN-100586,RTE-CMH-20251215-001,DRV-01010,HUB-CMH,2025-12-15T07:39:00,traffic,"[12/15 07:39] RTE-CMH-20251215-001 / DRV-01010 @ CMH
I-71 closure, major backup. ETA +90m. 1 stops missed cutoff."
DN-100587,RTE-IND-20250310-002,DRV-01188,HUB-IND,2025-03-10T15:30:00,customer_nsf,"[03/10 15:30] RTE-IND-20250310-002 / DRV-01188 @ IND
the stop NSF - business closed. ATT 1440. Reattempt next biz day."
DN-100588,RTE-CMH-20251215-001,DRV-01010,HUB-CMH,2025-12-15T10:41:00,weather,"[12/15 10:41] RTE-CMH-20251215-001 / DRV-01010 @ CMH
Freezing rain. Driver DRV-01010 pulled early for safety. 1 stops rolled to tomorrow."
DN-100589,RTE-DET-20250702-002,DRV-01022,HUB-DET,2025-07-02T19:01:00,volume,"[07/02 19:01] RTE-DET-20250702-002 / DRV-01022 @ DET
Peak volume, truck full. 2 pkgs bumped to overflow route."
DN-100590,RTE-DET-20250226-003,DRV-01037,HUB-DET,2025-02-26T14:22:00,customer_nsf,"[02/26 14:22] RTE-DET-20250226-003 / DRV-01037 @ DET
Consignee refused delivery the stop. Return to hub initiated."
DN-100591,RTE-DET-20251125-001,DRV-01046,HUB-DET,2025-11-25T16:14:00,weather,"[11/25 16:14] RTE-DET-20251125-001 / DRV-01046 @ DET
Snow/ice on route. 58 stops ATT, 6 DEL to next day. Salt trucks late. ETA slippage all afternoon."
DN-100592,RTE-CHI-20251107-001,DRV-01048,HUB-CHI,2025-11-07T15:22:00,traffic,"[11/07 15:22] RTE-CHI-20251107-001 / DRV-01048 @ CHI
I-70 closure, major backup. ETA +90m. 5 stops missed cutoff."
DN-100593,RTE-DET-20251002-001,DRV-01046,HUB-DET,2025-10-02T11:34:00,address,"[10/02 11:34] RTE-DET-20251002-001 / DRV-01046 @ DET
Bad address on the stop. Geocode off by ~3mi. Held for dispatch correction."
DN-100594,RTE-CIN-20251027-003,DRV-01002,HUB-CIN,2025-10-27T13:22:00,traffic,"[10/27 13:22] RTE-CIN-20251027-003 / DRV-01002 @ CIN
I-70 closure, major backup. ETA +90m. 1 stops missed cutoff."
DN-100595,RTE-CIN-20251209-001,DRV-01019,HUB-CIN,2025-12-09T18:44:00,access,"[12/09 18:44] RTE-CIN-20251209-001 / DRV-01019 @ CIN
Dock closed early. 5 LTL stops could not unload. Rescheduling AM."
DN-100596,RTE-IND-20251209-001,DRV-01031,HUB-IND,2025-12-09T16:36:00,address,"[12/09 16:36] RTE-IND-20251209-001 / DRV-01031 @ IND
Bad address on the stop. Geocode off by ~3mi. Held for dispatch correction."
DN-100597,RTE-DET-20250223-003,DRV-01021,HUB-DET,2025-02-23T19:56:00,volume,"[02/23 19:56] RTE-DET-20250223-003 / DRV-01021 @ DET
Peak volume, truck full. 4 pkgs bumped to overflow route."
DN-100598,RTE-CMH-20250110-002,DRV-01016,HUB-CMH,2025-01-10T08:03:00,mechanical,"[01/10 08:03] RTE-CMH-20250110-002 / DRV-01016 @ CMH
Liftgate fault mid-route. DRV-01016 completed 36 stops manual, 3 deferred. VEH flagged for shop."
DN-100599,RTE-CHI-20251218-001,DRV-01048,HUB-CHI,2025-12-18T07:21:00,customer_nsf,"[12/18 07:21] RTE-CHI-20251218-001 / DRV-01048 @ CHI
the stop NSF - business closed. ATT 1440. Reattempt next biz day."
DN-900001,RTE-IND-20250814-300,DRV-01188,HUB-IND,2025-08-14T16:20:00,volume,"[08/14 16:20] RTE-IND-20250814-300 / DRV-01188 @ IND
Heavy manifest, 11 stops not completed in window. Driver requested overflow help, none available. Flag for review."
DN-900002,RTE-IND-20250821-301,DRV-01188,HUB-IND,2025-08-21T07:05:00,mechanical,"[08/21 07:05] RTE-IND-20250821-301 / DRV-01188 @ IND
Driver called in AM: van would not start, reported mechanical. 12 stops reassigned. Driver states he notified the hub and waited for a callback."
DN-900003,RTE-IND-20250904-302,DRV-01188,HUB-IND,2025-09-04T15:45:00,customer_nsf,"[09/04 15:45] RTE-IND-20250904-302 / DRV-01188 @ IND
Multiple NSF, 9 stops incomplete. Pattern of short routes over the last month."
