route_id,hub_id,driver_id,vehicle_id,service_date,stop_count,exceptions_count,status
RTE-IND-20251216-001,HUB-IND,DRV-01031,VEH-0023,2025-12-16,25,2,completed
RTE-CIN-20250612-001,HUB-CIN,DRV-01026,VEH-0020,2025-06-12,49,0,completed
RTE-CMH-20250422-001,HUB-CMH,DRV-01009,VEH-0021,2025-04-22,56,0,completed
RTE-CHI-20250416-001,HUB-CHI,DRV-01007,VEH-0002,2025-04-16,52,0,completed
RTE-CHI-20250324-001,HUB-CHI,DRV-01005,VEH-0037,2025-03-24,64,0,completed
RTE-CMH-20251025-001,HUB-CMH,DRV-01001,VEH-0012,2025-10-25,52,1,completed
RTE-CMH-20250710-001,HUB-CMH,DRV-01039,VEH-0001,2025-07-10,20,0,completed
RTE-CMH-20250208-001,HUB-CMH,DRV-01030,VEH-0003,2025-02-08,46,5,partial
RTE-CMH-20250805-001,HUB-CMH,DRV-01018,VEH-0038,2025-08-05,48,0,completed
RTE-CHI-20251125-001,HUB-CHI,DRV-01011,VEH-0004,2025-11-25,36,0,completed
RTE-DET-20251021-001,HUB-DET,DRV-01004,VEH-0022,2025-10-21,60,0,completed
RTE-IND-20251126-001,HUB-IND,DRV-01188,VEH-0010,2025-11-26,31,0,completed
RTE-CMH-20250704-001,HUB-CMH,DRV-01044,VEH-0001,2025-07-04,19,0,completed
RTE-CMH-20250722-001,HUB-CMH,DRV-01009,VEH-0001,2025-07-22,58,0,completed
RTE-CIN-20250822-001,HUB-CIN,DRV-01023,VEH-0020,2025-08-22,21,0,completed
RTE-CHI-20250317-001,HUB-CHI,DRV-01012,VEH-0019,2025-03-17,45,0,completed
RTE-CMH-20251203-001,HUB-CMH,DRV-01028,VEH-0031,2025-12-03,22,0,completed
RTE-CIN-20251104-001,HUB-CIN,DRV-01034,VEH-0027,2025-11-04,49,0,completed
RTE-DET-20250821-001,HUB-DET,DRV-01022,VEH-0029,2025-08-21,65,0,completed
RTE-CMH-20250709-001,HUB-CMH,DRV-01013,VEH-0038,2025-07-09,48,0,completed
RTE-CIN-20250213-001,HUB-CIN,DRV-01034,VEH-0020,2025-02-13,57,0,completed
RTE-CMH-20251122-001,HUB-CMH,DRV-01015,VEH-0038,2025-11-22,48,3,completed
RTE-IND-20251028-001,HUB-IND,DRV-01042,VEH-0010,2025-10-28,65,0,completed
RTE-CMH-20250919-001,HUB-CMH,DRV-01039,VEH-0033,2025-09-19,64,0,completed
RTE-CIN-20250228-001,HUB-CIN,DRV-01029,VEH-0032,2025-02-28,19,0,completed
RTE-DET-20251024-001,HUB-DET,DRV-01021,VEH-0011,2025-10-24,33,0,completed
RTE-IND-20250224-001,HUB-IND,DRV-01188,VEH-0023,2025-02-24,38,0,completed
RTE-CHI-20251114-001,HUB-CHI,DRV-01007,VEH-0019,2025-11-14,33,0,completed
RTE-CMH-20250313-001,HUB-CMH,DRV-01016,VEH-0021,2025-03-13,37,0,completed
RTE-CIN-20250501-001,HUB-CIN,DRV-01008,VEH-0026,2025-05-01,23,0,completed
RTE-IND-20250611-001,HUB-IND,DRV-01006,VEH-0013,2025-06-11,32,0,completed
RTE-DET-20250804-001,HUB-DET,DRV-01004,VEH-0022,2025-08-04,21,0,completed
RTE-CHI-20250701-001,HUB-CHI,DRV-01047,VEH-0014,2025-07-01,29,2,completed
RTE-IND-20250622-001,HUB-IND,DRV-01033,VEH-0010,2025-06-22,20,0,completed
RTE-CIN-20250922-001,HUB-CIN,DRV-01038,VEH-0026,2025-09-22,47,0,completed
RTE-CIN-20250915-001,HUB-CIN,DRV-01029,VEH-0036,2025-09-15,55,0,completed
RTE-CHI-20250326-001,HUB-CHI,DRV-01007,VEH-0002,2025-03-26,65,1,partial
RTE-CMH-20250105-001,HUB-CMH,DRV-01043,VEH-0021,2025-01-05,49,0,completed
RTE-CMH-20250204-001,HUB-CMH,DRV-01043,VEH-0007,2025-02-04,36,0,completed
RTE-DET-20251219-001,HUB-DET,DRV-01021,VEH-0029,2025-12-19,52,0,completed
RTE-IND-20250112-001,HUB-IND,DRV-01045,VEH-0013,2025-01-12,48,4,partial
RTE-CHI-20250520-001,HUB-CHI,DRV-01035,VEH-0005,2025-05-20,36,0,completed
RTE-CMH-20250912-001,HUB-CMH,DRV-01040,VEH-0021,2025-09-12,54,0,completed
RTE-CMH-20250829-001,HUB-CMH,DRV-01009,VEH-0001,2025-08-29,25,0,completed
RTE-CMH-20250827-001,HUB-CMH,DRV-01013,VEH-0012,2025-08-27,28,0,completed
RTE-IND-20251204-001,HUB-IND,DRV-01032,VEH-0023,2025-12-04,19,0,completed
RTE-IND-20250310-001,HUB-IND,DRV-01045,VEH-0017,2025-03-10,45,0,completed
RTE-CIN-20251017-001,HUB-CIN,DRV-01027,VEH-0032,2025-10-17,34,0,completed
RTE-IND-20250130-001,HUB-IND,DRV-01032,VEH-0016,2025-01-30,24,0,completed
RTE-CIN-20250815-001,HUB-CIN,DRV-01034,VEH-0032,2025-08-15,50,0,completed
RTE-CHI-20251021-001,HUB-CHI,DRV-01017,VEH-0037,2025-10-21,54,0,completed
RTE-CMH-20250828-001,HUB-CMH,DRV-01015,VEH-0038,2025-08-28,25,3,completed
RTE-CIN-20250217-001,HUB-CIN,DRV-01026,VEH-0036,2025-02-17,36,2,completed
RTE-IND-20250516-001,HUB-IND,DRV-01045,VEH-0023,2025-05-16,41,1,completed
RTE-CIN-20250708-001,HUB-CIN,DRV-01003,VEH-0036,2025-07-08,48,1,completed
RTE-IND-20250321-001,HUB-IND,DRV-01045,VEH-0023,2025-03-21,61,0,completed
RTE-IND-20250115-001,HUB-IND,DRV-01032,VEH-0013,2025-01-15,26,6,partial
RTE-CMH-20250416-001,HUB-CMH,DRV-01009,VEH-0028,2025-04-16,34,1,completed
RTE-CHI-20250114-001,HUB-CHI,DRV-01005,VEH-0037,2025-01-14,18,0,completed
RTE-DET-20250507-001,HUB-DET,DRV-01046,VEH-0030,2025-05-07,31,1,completed
RTE-CHI-20250307-001,HUB-CHI,DRV-01007,VEH-0014,2025-03-07,34,0,completed
RTE-DET-20250806-001,HUB-DET,DRV-01046,VEH-0022,2025-08-06,65,0,completed
RTE-CHI-20251209-001,HUB-CHI,DRV-01020,VEH-0037,2025-12-09,25,4,partial
RTE-IND-20251217-001,HUB-IND,DRV-01033,VEH-0010,2025-12-17,65,6,partial
RTE-IND-20250521-001,HUB-IND,DRV-01042,VEH-0009,2025-05-21,46,0,completed
RTE-CIN-20250612-002,HUB-CIN,DRV-01008,VEH-0026,2025-06-12,51,0,completed
RTE-CIN-20251125-001,HUB-CIN,DRV-01025,VEH-0018,2025-11-25,52,5,partial
RTE-IND-20251203-001,HUB-IND,DRV-01006,VEH-0009,2025-12-03,30,3,completed
RTE-CHI-20251031-001,HUB-CHI,DRV-01020,VEH-0002,2025-10-31,62,0,completed
RTE-IND-20251209-001,HUB-IND,DRV-01031,VEH-0016,2025-12-09,51,1,partial
RTE-IND-20250911-001,HUB-IND,DRV-01006,VEH-0023,2025-09-11,49,0,completed
RTE-CMH-20250918-001,HUB-CMH,DRV-01036,VEH-0033,2025-09-18,31,0,completed
RTE-IND-20250531-001,HUB-IND,DRV-01031,VEH-0010,2025-05-31,63,0,completed
RTE-DET-20250910-001,HUB-DET,DRV-01022,VEH-0024,2025-09-10,36,0,completed
RTE-CIN-20250521-001,HUB-CIN,DRV-01026,VEH-0025,2025-05-21,55,0,completed
RTE-DET-20250606-001,HUB-DET,DRV-01021,VEH-0011,2025-06-06,21,0,completed
RTE-CIN-20250717-001,HUB-CIN,DRV-01029,VEH-0036,2025-07-17,50,0,completed
RTE-CHI-20250811-001,HUB-CHI,DRV-01047,VEH-0019,2025-08-11,41,0,completed
RTE-DET-20250912-001,HUB-DET,DRV-01037,VEH-0022,2025-09-12,53,0,completed
RTE-DET-20251130-001,HUB-DET,DRV-01004,VEH-0030,2025-11-30,24,1,partial
RTE-IND-20250322-001,HUB-IND,DRV-01042,VEH-0017,2025-03-22,30,0,completed
RTE-CMH-20250123-001,HUB-CMH,DRV-01043,VEH-0031,2025-01-23,21,0,completed
RTE-CHI-20251111-001,HUB-CHI,DRV-01011,VEH-0014,2025-11-11,47,5,partial
RTE-IND-20250311-001,HUB-IND,DRV-01024,VEH-0017,2025-03-11,48,0,completed
RTE-DET-20250305-001,HUB-DET,DRV-01004,VEH-0022,2025-03-05,26,0,completed
RTE-CIN-20251129-001,HUB-CIN,DRV-01023,VEH-0020,2025-11-29,61,0,completed
RTE-CIN-20250918-001,HUB-CIN,DRV-01023,VEH-0025,2025-09-18,27,0,completed
RTE-IND-20251021-001,HUB-IND,DRV-01031,VEH-0017,2025-10-21,33,0,completed
RTE-CIN-20250516-001,HUB-CIN,DRV-01026,VEH-0032,2025-05-16,34,0,completed
RTE-CIN-20250606-001,HUB-CIN,DRV-01041,VEH-0032,2025-06-06,40,0,completed
RTE-DET-20250701-001,HUB-DET,DRV-01046,VEH-0030,2025-07-01,25,0,completed
RTE-CMH-20250409-001,HUB-CMH,DRV-01028,VEH-0021,2025-04-09,61,0,completed
RTE-CHI-20251204-001,HUB-CHI,DRV-01047,VEH-0004,2025-12-04,51,2,partial
RTE-CHI-20250524-001,HUB-CHI,DRV-01012,VEH-0006,2025-05-24,43,0,completed
RTE-CMH-20250519-001,HUB-CMH,DRV-01043,VEH-0021,2025-05-19,20,0,completed
RTE-CMH-20250707-001,HUB-CMH,DRV-01009,VEH-0007,2025-07-07,53,0,completed
RTE-CMH-20250916-001,HUB-CMH,DRV-01009,VEH-0001,2025-09-16,40,1,partial
RTE-CHI-20251105-001,HUB-CHI,DRV-01005,VEH-0040,2025-11-05,59,6,partial
RTE-CHI-20250702-001,HUB-CHI,DRV-01048,VEH-0005,2025-07-02,46,0,completed
RTE-DET-20250804-002,HUB-DET,DRV-01022,VEH-0024,2025-08-04,29,0,completed
RTE-IND-20250418-001,HUB-IND,DRV-01033,VEH-0009,2025-04-18,32,0,completed
RTE-CHI-20250822-001,HUB-CHI,DRV-01011,VEH-0040,2025-08-22,51,0,completed
RTE-CHI-20251024-001,HUB-CHI,DRV-01007,VEH-0019,2025-10-24,25,1,completed
RTE-DET-20250908-001,HUB-DET,DRV-01014,VEH-0011,2025-09-08,34,0,completed
RTE-IND-20251118-001,HUB-IND,DRV-01045,VEH-0016,2025-11-18,60,0,completed
RTE-CHI-20250625-001,HUB-CHI,DRV-01047,VEH-0004,2025-06-25,41,0,completed
RTE-CHI-20250901-001,HUB-CHI,DRV-01007,VEH-0002,2025-09-01,40,0,completed
RTE-CIN-20251014-001,HUB-CIN,DRV-01029,VEH-0020,2025-10-14,22,0,completed
RTE-CMH-20250424-001,HUB-CMH,DRV-01039,VEH-0028,2025-04-24,21,0,completed
RTE-CHI-20250418-001,HUB-CHI,DRV-01047,VEH-0040,2025-04-18,32,1,partial
RTE-IND-20250409-001,HUB-IND,DRV-01024,VEH-0017,2025-04-09,37,0,completed
RTE-CHI-20250127-001,HUB-CHI,DRV-01047,VEH-0019,2025-01-27,56,0,completed
RTE-CMH-20251223-001,HUB-CMH,DRV-01030,VEH-0007,2025-12-23,44,0,completed
RTE-CMH-20250110-001,HUB-CMH,DRV-01036,VEH-0001,2025-01-10,48,1,completed
RTE-DET-20251118-001,HUB-DET,DRV-01004,VEH-0022,2025-11-18,25,0,completed
RTE-IND-20250523-001,HUB-IND,DRV-01031,VEH-0009,2025-05-23,56,0,completed
RTE-IND-20251225-001,HUB-IND,DRV-01045,VEH-0023,2025-12-25,20,2,completed
RTE-CIN-20250617-001,HUB-CIN,DRV-01034,VEH-0027,2025-06-17,64,0,completed
RTE-DET-20250704-001,HUB-DET,DRV-01037,VEH-0011,2025-07-04,30,0,completed
RTE-CIN-20250108-001,HUB-CIN,DRV-01029,VEH-0027,2025-01-08,21,0,completed
RTE-CIN-20250102-001,HUB-CIN,DRV-01023,VEH-0018,2025-01-02,47,0,completed
RTE-IND-20250328-001,HUB-IND,DRV-01024,VEH-0009,2025-03-28,19,3,partial
RTE-DET-20250805-001,HUB-DET,DRV-01046,VEH-0024,2025-08-05,51,0,completed
RTE-CIN-20251216-001,HUB-CIN,DRV-01025,VEH-0018,2025-12-16,55,0,completed
RTE-IND-20250219-001,HUB-IND,DRV-01042,VEH-0008,2025-02-19,36,0,completed
RTE-CHI-20250813-001,HUB-CHI,DRV-01012,VEH-0037,2025-08-13,44,0,completed
RTE-IND-20250808-001,HUB-IND,DRV-01024,VEH-0016,2025-08-08,25,0,completed
RTE-CHI-20250607-001,HUB-CHI,DRV-01048,VEH-0014,2025-06-07,60,0,completed
RTE-IND-20250124-001,HUB-IND,DRV-01045,VEH-0009,2025-01-24,24,0,completed
RTE-IND-20250717-001,HUB-IND,DRV-01032,VEH-0010,2025-07-17,56,0,completed
RTE-IND-20251021-002,HUB-IND,DRV-01024,VEH-0013,2025-10-21,63,0,completed
RTE-DET-20251222-001,HUB-DET,DRV-01037,VEH-0030,2025-12-22,65,0,completed
RTE-IND-20251223-001,HUB-IND,DRV-01042,VEH-0013,2025-12-23,35,0,completed
RTE-CMH-20250214-001,HUB-CMH,DRV-01018,VEH-0031,2025-02-14,47,0,completed
RTE-IND-20250808-002,HUB-IND,DRV-01024,VEH-0016,2025-08-08,46,0,completed
RTE-CIN-20251201-001,HUB-CIN,DRV-01027,VEH-0027,2025-12-01,57,0,completed
RTE-DET-20250421-001,HUB-DET,DRV-01022,VEH-0011,2025-04-21,22,0,completed
RTE-CIN-20250523-001,HUB-CIN,DRV-01019,VEH-0036,2025-05-23,25,0,completed
RTE-CIN-20251210-001,HUB-CIN,DRV-01029,VEH-0020,2025-12-10,34,0,completed
RTE-CIN-20250813-001,HUB-CIN,DRV-01002,VEH-0025,2025-08-13,46,1,completed
RTE-CHI-20251029-001,HUB-CHI,DRV-01035,VEH-0019,2025-10-29,22,0,completed
RTE-CHI-20251024-002,HUB-CHI,DRV-01035,VEH-0005,2025-10-24,21,0,completed
RTE-CHI-20250423-001,HUB-CHI,DRV-01047,VEH-0006,2025-04-23,39,0,completed
RTE-CHI-20250719-001,HUB-CHI,DRV-01007,VEH-0005,2025-07-19,33,3,partial
RTE-IND-20251022-001,HUB-IND,DRV-01024,VEH-0010,2025-10-22,32,0,completed
RTE-CHI-20250606-001,HUB-CHI,DRV-01020,VEH-0037,2025-06-06,42,3,completed
RTE-IND-20250101-001,HUB-IND,DRV-01188,VEH-0023,2025-01-01,52,6,partial
RTE-CHI-20251224-001,HUB-CHI,DRV-01005,VEH-0006,2025-12-24,35,2,partial
RTE-CHI-20250407-001,HUB-CHI,DRV-01048,VEH-0019,2025-04-07,45,0,completed
RTE-IND-20251002-001,HUB-IND,DRV-01188,VEH-0023,2025-10-02,64,0,completed
RTE-DET-20250115-001,HUB-DET,DRV-01004,VEH-0029,2025-01-15,20,3,partial
RTE-IND-20250220-001,HUB-IND,DRV-01032,VEH-0009,2025-02-20,46,1,partial
RTE-CMH-20251030-001,HUB-CMH,DRV-01040,VEH-0033,2025-10-30,37,0,completed
RTE-CHI-20250526-001,HUB-CHI,DRV-01035,VEH-0040,2025-05-26,23,0,completed
RTE-DET-20251123-001,HUB-DET,DRV-01014,VEH-0030,2025-11-23,62,0,completed
RTE-IND-20250406-001,HUB-IND,DRV-01188,VEH-0017,2025-04-06,49,0,completed
RTE-IND-20250104-001,HUB-IND,DRV-01042,VEH-0023,2025-01-04,50,0,completed
RTE-CIN-20250304-001,HUB-CIN,DRV-01008,VEH-0025,2025-03-04,52,0,completed
RTE-CMH-20250705-001,HUB-CMH,DRV-01015,VEH-0003,2025-07-05,64,0,completed
RTE-CIN-20250915-002,HUB-CIN,DRV-01027,VEH-0020,2025-09-15,44,0,completed
RTE-CIN-20250513-001,HUB-CIN,DRV-01008,VEH-0018,2025-05-13,58,0,completed
RTE-CHI-20250415-001,HUB-CHI,DRV-01048,VEH-0005,2025-04-15,25,0,completed
RTE-CMH-20250113-001,HUB-CMH,DRV-01028,VEH-0003,2025-01-13,31,0,completed
RTE-CMH-20250312-001,HUB-CMH,DRV-01015,VEH-0021,2025-03-12,50,0,completed
RTE-CMH-20250905-001,HUB-CMH,DRV-01016,VEH-0021,2025-09-05,25,0,completed
RTE-DET-20250826-001,HUB-DET,DRV-01022,VEH-0011,2025-08-26,36,0,completed
RTE-CIN-20251008-001,HUB-CIN,DRV-01019,VEH-0027,2025-10-08,23,0,completed
RTE-IND-20250725-001,HUB-IND,DRV-01042,VEH-0013,2025-07-25,59,0,completed
RTE-DET-20251208-001,HUB-DET,DRV-01022,VEH-0024,2025-12-08,48,0,completed
RTE-DET-20250717-001,HUB-DET,DRV-01021,VEH-0029,2025-07-17,43,2,completed
RTE-CHI-20250625-002,HUB-CHI,DRV-01035,VEH-0014,2025-06-25,39,0,completed
RTE-CIN-20251021-001,HUB-CIN,DRV-01029,VEH-0027,2025-10-21,49,0,completed
RTE-CIN-20251031-001,HUB-CIN,DRV-01029,VEH-0026,2025-10-31,27,0,completed
RTE-IND-20250603-001,HUB-IND,DRV-01031,VEH-0009,2025-06-03,18,0,completed
RTE-CIN-20251218-001,HUB-CIN,DRV-01025,VEH-0032,2025-12-18,20,0,completed
RTE-CHI-20251107-001,HUB-CHI,DRV-01048,VEH-0040,2025-11-07,61,5,partial
RTE-IND-20251218-001,HUB-IND,DRV-01006,VEH-0008,2025-12-18,42,0,completed
RTE-IND-20250313-001,HUB-IND,DRV-01045,VEH-0023,2025-03-13,45,0,completed
RTE-CHI-20250120-001,HUB-CHI,DRV-01011,VEH-0004,2025-01-20,34,2,completed
RTE-CHI-20251223-001,HUB-CHI,DRV-01012,VEH-0006,2025-12-23,19,0,completed
RTE-CMH-20250225-001,HUB-CMH,DRV-01043,VEH-0038,2025-02-25,34,0,completed
RTE-IND-20250725-002,HUB-IND,DRV-01033,VEH-0016,2025-07-25,52,0,completed
RTE-DET-20250925-001,HUB-DET,DRV-01021,VEH-0024,2025-09-25,26,0,completed
RTE-CHI-20250702-002,HUB-CHI,DRV-01035,VEH-0004,2025-07-02,39,1,completed
RTE-IND-20250823-001,HUB-IND,DRV-01188,VEH-0017,2025-08-23,51,0,completed
RTE-DET-20250207-001,HUB-DET,DRV-01037,VEH-0030,2025-02-07,30,0,completed
RTE-CMH-20250822-001,HUB-CMH,DRV-01039,VEH-0012,2025-08-22,39,0,completed
RTE-DET-20250723-001,HUB-DET,DRV-01037,VEH-0029,2025-07-23,33,0,completed
RTE-CIN-20250415-001,HUB-CIN,DRV-01041,VEH-0036,2025-04-15,54,0,completed
RTE-DET-20251003-001,HUB-DET,DRV-01046,VEH-0024,2025-10-03,22,0,completed
RTE-CHI-20251001-001,HUB-CHI,DRV-01020,VEH-0037,2025-10-01,20,0,completed
RTE-CIN-20251104-002,HUB-CIN,DRV-01041,VEH-0027,2025-11-04,25,0,completed
RTE-CIN-20250806-001,HUB-CIN,DRV-01023,VEH-0032,2025-08-06,48,0,completed
RTE-CIN-20250328-001,HUB-CIN,DRV-01019,VEH-0026,2025-03-28,61,0,completed
RTE-CHI-20250526-002,HUB-CHI,DRV-01035,VEH-0019,2025-05-26,25,0,completed
RTE-DET-20251030-001,HUB-DET,DRV-01014,VEH-0029,2025-10-30,48,0,completed
RTE-CMH-20251107-001,HUB-CMH,DRV-01009,VEH-0001,2025-11-07,26,0,completed
RTE-CMH-20250911-001,HUB-CMH,DRV-01036,VEH-0001,2025-09-11,61,0,completed
RTE-IND-20251114-001,HUB-IND,DRV-01031,VEH-0023,2025-11-14,18,6,partial
RTE-CHI-20250221-001,HUB-CHI,DRV-01007,VEH-0019,2025-02-21,58,1,partial
RTE-DET-20250630-001,HUB-DET,DRV-01014,VEH-0024,2025-06-30,64,0,completed
RTE-CHI-20251219-001,HUB-CHI,DRV-01011,VEH-0002,2025-12-19,24,0,completed
RTE-DET-20250806-002,HUB-DET,DRV-01014,VEH-0022,2025-08-06,56,0,completed
RTE-CHI-20250925-001,HUB-CHI,DRV-01017,VEH-0006,2025-09-25,64,0,completed
RTE-IND-20250307-001,HUB-IND,DRV-01032,VEH-0017,2025-03-07,52,2,completed
RTE-DET-20250128-001,HUB-DET,DRV-01021,VEH-0024,2025-01-28,56,0,completed
RTE-CMH-20250526-001,HUB-CMH,DRV-01039,VEH-0021,2025-05-26,28,2,completed
RTE-IND-20250408-001,HUB-IND,DRV-01006,VEH-0013,2025-04-08,35,0,completed
RTE-CHI-20251104-001,HUB-CHI,DRV-01012,VEH-0005,2025-11-04,50,5,partial
RTE-CIN-20251017-002,HUB-CIN,DRV-01027,VEH-0018,2025-10-17,26,0,completed
RTE-IND-20250103-001,HUB-IND,DRV-01032,VEH-0008,2025-01-03,19,0,completed
RTE-DET-20250107-001,HUB-DET,DRV-01022,VEH-0011,2025-01-07,60,0,completed
RTE-IND-20250501-001,HUB-IND,DRV-01032,VEH-0009,2025-05-01,49,0,completed
RTE-CHI-20251126-001,HUB-CHI,DRV-01047,VEH-0037,2025-11-26,40,0,completed
RTE-DET-20250814-001,HUB-DET,DRV-01004,VEH-0029,2025-08-14,26,0,completed
RTE-CHI-20250901-002,HUB-CHI,DRV-01020,VEH-0019,2025-09-01,37,0,completed
RTE-IND-20250224-002,HUB-IND,DRV-01188,VEH-0008,2025-02-24,29,0,completed
RTE-DET-20250728-001,HUB-DET,DRV-01004,VEH-0024,2025-07-28,61,0,completed
RTE-CIN-20250422-001,HUB-CIN,DRV-01041,VEH-0036,2025-04-22,26,0,completed
RTE-DET-20250402-001,HUB-DET,DRV-01046,VEH-0011,2025-04-02,26,0,completed
RTE-CMH-20250627-001,HUB-CMH,DRV-01049,VEH-0003,2025-06-27,31,0,completed
RTE-CHI-20250424-001,HUB-CHI,DRV-01005,VEH-0037,2025-04-24,28,0,completed
RTE-IND-20251004-001,HUB-IND,DRV-01031,VEH-0010,2025-10-04,46,0,completed
RTE-CIN-20250421-001,HUB-CIN,DRV-01003,VEH-0036,2025-04-21,26,0,completed
RTE-CMH-20251106-001,HUB-CMH,DRV-01013,VEH-0033,2025-11-06,25,0,completed
RTE-CHI-20250226-001,HUB-CHI,DRV-01047,VEH-0019,2025-02-26,56,6,partial
RTE-DET-20250611-001,HUB-DET,DRV-01046,VEH-0011,2025-06-11,36,0,completed
RTE-CMH-20250213-001,HUB-CMH,DRV-01018,VEH-0007,2025-02-13,29,6,partial
RTE-IND-20251201-001,HUB-IND,DRV-01024,VEH-0008,2025-12-01,18,0,completed
RTE-CHI-20250509-001,HUB-CHI,DRV-01035,VEH-0014,2025-05-09,31,0,completed
RTE-IND-20250529-001,HUB-IND,DRV-01032,VEH-0023,2025-05-29,28,0,completed
RTE-DET-20251016-001,HUB-DET,DRV-01037,VEH-0011,2025-10-16,34,0,completed
RTE-CMH-20251220-001,HUB-CMH,DRV-01039,VEH-0001,2025-12-20,47,0,completed
RTE-DET-20250326-001,HUB-DET,DRV-01022,VEH-0030,2025-03-26,33,0,completed
RTE-CIN-20250825-001,HUB-CIN,DRV-01002,VEH-0036,2025-08-25,58,0,completed
RTE-IND-20250817-001,HUB-IND,DRV-01188,VEH-0008,2025-08-17,21,0,completed
RTE-CHI-20250422-001,HUB-CHI,DRV-01048,VEH-0019,2025-04-22,31,1,completed
RTE-DET-20250131-001,HUB-DET,DRV-01014,VEH-0022,2025-01-31,39,0,completed
RTE-DET-20250806-003,HUB-DET,DRV-01022,VEH-0024,2025-08-06,36,0,completed
RTE-DET-20251010-001,HUB-DET,DRV-01004,VEH-0029,2025-10-10,28,0,completed
RTE-CMH-20250608-001,HUB-CMH,DRV-01013,VEH-0021,2025-06-08,35,0,completed
RTE-DET-20250405-001,HUB-DET,DRV-01021,VEH-0029,2025-04-05,51,0,completed
RTE-IND-20250203-001,HUB-IND,DRV-01033,VEH-0017,2025-02-03,44,0,completed
RTE-CMH-20250620-001,HUB-CMH,DRV-01028,VEH-0028,2025-06-20,49,0,completed
RTE-CIN-20250204-001,HUB-CIN,DRV-01025,VEH-0018,2025-02-04,64,0,completed
RTE-DET-20251212-001,HUB-DET,DRV-01021,VEH-0030,2025-12-12,41,0,completed
RTE-IND-20250729-001,HUB-IND,DRV-01045,VEH-0008,2025-07-29,20,0,completed
RTE-CHI-20251124-001,HUB-CHI,DRV-01012,VEH-0040,2025-11-24,65,2,completed
RTE-IND-20250722-001,HUB-IND,DRV-01033,VEH-0017,2025-07-22,26,3,completed
RTE-IND-20250307-002,HUB-IND,DRV-01024,VEH-0017,2025-03-07,34,0,completed
RTE-CIN-20250903-001,HUB-CIN,DRV-01038,VEH-0025,2025-09-03,64,0,completed
RTE-CHI-20251125-002,HUB-CHI,DRV-01012,VEH-0040,2025-11-25,43,0,completed
RTE-CMH-20250520-001,HUB-CMH,DRV-01015,VEH-0007,2025-05-20,45,0,completed
RTE-CHI-20250130-001,HUB-CHI,DRV-01047,VEH-0002,2025-01-30,52,4,partial
RTE-CIN-20251030-001,HUB-CIN,DRV-01008,VEH-0018,2025-10-30,19,0,completed
RTE-IND-20250318-001,HUB-IND,DRV-01032,VEH-0016,2025-03-18,27,0,completed
RTE-IND-20250214-001,HUB-IND,DRV-01045,VEH-0009,2025-02-14,53,4,partial
RTE-IND-20251030-001,HUB-IND,DRV-01032,VEH-0016,2025-10-30,21,0,completed
RTE-CIN-20250828-001,HUB-CIN,DRV-01019,VEH-0032,2025-08-28,60,0,completed
RTE-CIN-20251218-002,HUB-CIN,DRV-01002,VEH-0018,2025-12-18,46,0,completed
RTE-IND-20250609-001,HUB-IND,DRV-01045,VEH-0013,2025-06-09,43,0,completed
RTE-DET-20250424-001,HUB-DET,DRV-01046,VEH-0011,2025-04-24,61,0,completed
RTE-IND-20251121-001,HUB-IND,DRV-01032,VEH-0016,2025-11-21,44,0,completed
RTE-IND-20251216-002,HUB-IND,DRV-01006,VEH-0016,2025-12-16,38,0,completed
RTE-IND-20250403-001,HUB-IND,DRV-01045,VEH-0009,2025-04-03,54,0,completed
RTE-CHI-20251017-001,HUB-CHI,DRV-01012,VEH-0005,2025-10-17,38,0,completed
RTE-IND-20251120-001,HUB-IND,DRV-01045,VEH-0016,2025-11-20,63,0,completed
RTE-DET-20250326-002,HUB-DET,DRV-01004,VEH-0024,2025-03-26,47,0,completed
RTE-CHI-20251211-001,HUB-CHI,DRV-01017,VEH-0014,2025-12-11,45,0,completed
RTE-IND-20250221-001,HUB-IND,DRV-01045,VEH-0008,2025-02-21,52,4,partial
RTE-CHI-20250722-001,HUB-CHI,DRV-01048,VEH-0037,2025-07-22,65,0,completed
RTE-CIN-20251223-001,HUB-CIN,DRV-01027,VEH-0027,2025-12-23,28,3,partial
RTE-CHI-20250511-001,HUB-CHI,DRV-01020,VEH-0004,2025-05-11,51,0,completed
RTE-DET-20251115-001,HUB-DET,DRV-01004,VEH-0022,2025-11-15,60,1,partial
RTE-CHI-20251202-001,HUB-CHI,DRV-01007,VEH-0006,2025-12-02,52,4,partial
RTE-IND-20250408-002,HUB-IND,DRV-01188,VEH-0013,2025-04-08,55,1,partial
RTE-DET-20250415-001,HUB-DET,DRV-01022,VEH-0030,2025-04-15,33,0,completed
RTE-CMH-20250102-001,HUB-CMH,DRV-01043,VEH-0007,2025-01-02,28,0,completed
RTE-CMH-20250115-001,HUB-CMH,DRV-01018,VEH-0012,2025-01-15,24,0,completed
RTE-CHI-20250707-001,HUB-CHI,DRV-01005,VEH-0002,2025-07-07,58,0,completed
RTE-CMH-20251024-001,HUB-CMH,DRV-01016,VEH-0007,2025-10-24,31,1,completed
RTE-CHI-20250722-002,HUB-CHI,DRV-01007,VEH-0014,2025-07-22,18,0,completed
RTE-CMH-20250401-001,HUB-CMH,DRV-01010,VEH-0033,2025-04-01,20,0,completed
RTE-CIN-20250304-002,HUB-CIN,DRV-01034,VEH-0026,2025-03-04,48,0,completed
RTE-CHI-20250227-001,HUB-CHI,DRV-01020,VEH-0002,2025-02-27,33,4,partial
RTE-DET-20250613-001,HUB-DET,DRV-01037,VEH-0011,2025-06-13,18,0,completed
RTE-DET-20250210-001,HUB-DET,DRV-01022,VEH-0024,2025-02-10,31,0,completed
RTE-IND-20250331-001,HUB-IND,DRV-01033,VEH-0016,2025-03-31,33,0,completed
RTE-CIN-20250422-002,HUB-CIN,DRV-01027,VEH-0018,2025-04-22,41,0,completed
RTE-IND-20250610-001,HUB-IND,DRV-01188,VEH-0010,2025-06-10,45,0,completed
RTE-DET-20250228-001,HUB-DET,DRV-01046,VEH-0011,2025-02-28,63,0,completed
RTE-CMH-20250820-001,HUB-CMH,DRV-01010,VEH-0033,2025-08-20,27,0,completed
RTE-IND-20250406-002,HUB-IND,DRV-01006,VEH-0008,2025-04-06,57,0,completed
RTE-CMH-20250924-001,HUB-CMH,DRV-01044,VEH-0038,2025-09-24,64,0,completed
RTE-CIN-20251118-001,HUB-CIN,DRV-01038,VEH-0018,2025-11-18,29,0,completed
RTE-CMH-20250327-001,HUB-CMH,DRV-01018,VEH-0001,2025-03-27,19,0,completed
RTE-CHI-20251104-002,HUB-CHI,DRV-01011,VEH-0014,2025-11-04,62,2,completed
RTE-DET-20250819-001,HUB-DET,DRV-01014,VEH-0024,2025-08-19,27,0,completed
RTE-CHI-20250122-001,HUB-CHI,DRV-01007,VEH-0006,2025-01-22,25,4,partial
RTE-CHI-20250529-001,HUB-CHI,DRV-01048,VEH-0006,2025-05-29,28,0,completed
RTE-CMH-20250910-001,HUB-CMH,DRV-01009,VEH-0003,2025-09-10,43,0,completed
RTE-CMH-20250226-001,HUB-CMH,DRV-01043,VEH-0031,2025-02-26,47,0,completed
RTE-DET-20251002-001,HUB-DET,DRV-01046,VEH-0022,2025-10-02,56,2,completed
RTE-CIN-20250407-001,HUB-CIN,DRV-01026,VEH-0036,2025-04-07,34,0,completed
RTE-CHI-20250109-001,HUB-CHI,DRV-01011,VEH-0002,2025-01-09,57,0,completed
RTE-DET-20250212-001,HUB-DET,DRV-01046,VEH-0024,2025-02-12,31,0,completed
RTE-CMH-20251211-001,HUB-CMH,DRV-01016,VEH-0012,2025-12-11,22,0,completed
RTE-CMH-20250524-001,HUB-CMH,DRV-01039,VEH-0028,2025-05-24,19,0,completed
RTE-CMH-20250613-001,HUB-CMH,DRV-01030,VEH-0021,2025-06-13,50,0,completed
RTE-IND-20251008-001,HUB-IND,DRV-01045,VEH-0013,2025-10-08,46,2,completed
RTE-DET-20250812-001,HUB-DET,DRV-01037,VEH-0029,2025-08-12,21,0,completed
RTE-CHI-20251014-001,HUB-CHI,DRV-01005,VEH-0040,2025-10-14,43,0,completed
RTE-IND-20250531-002,HUB-IND,DRV-01032,VEH-0010,2025-05-31,38,0,completed
RTE-DET-20250325-001,HUB-DET,DRV-01014,VEH-0029,2025-03-25,59,0,completed
RTE-CHI-20250815-001,HUB-CHI,DRV-01011,VEH-0005,2025-08-15,54,3,completed
RTE-CHI-20250501-001,HUB-CHI,DRV-01005,VEH-0019,2025-05-01,24,1,completed
RTE-IND-20250409-002,HUB-IND,DRV-01006,VEH-0013,2025-04-09,30,0,completed
RTE-CMH-20251001-001,HUB-CMH,DRV-01009,VEH-0001,2025-10-01,41,2,completed
RTE-CMH-20250611-001,HUB-CMH,DRV-01009,VEH-0033,2025-06-11,58,0,completed
RTE-DET-20250520-001,HUB-DET,DRV-01004,VEH-0011,2025-05-20,47,2,completed
RTE-DET-20250630-002,HUB-DET,DRV-01037,VEH-0029,2025-06-30,50,0,completed
RTE-CMH-20250410-001,HUB-CMH,DRV-01010,VEH-0021,2025-04-10,21,0,completed
RTE-CIN-20251205-001,HUB-CIN,DRV-01002,VEH-0025,2025-12-05,58,6,partial
RTE-CIN-20250507-001,HUB-CIN,DRV-01038,VEH-0027,2025-05-07,25,0,completed
RTE-CMH-20250305-001,HUB-CMH,DRV-01043,VEH-0021,2025-03-05,39,0,completed
RTE-DET-20250913-001,HUB-DET,DRV-01022,VEH-0029,2025-09-13,44,0,completed
RTE-IND-20251027-001,HUB-IND,DRV-01031,VEH-0010,2025-10-27,54,0,completed
RTE-CMH-20250115-002,HUB-CMH,DRV-01028,VEH-0001,2025-01-15,54,1,completed
RTE-IND-20250606-001,HUB-IND,DRV-01024,VEH-0013,2025-06-06,47,0,completed
RTE-CHI-20250121-001,HUB-CHI,DRV-01011,VEH-0006,2025-01-21,53,6,canceled
RTE-IND-20250428-001,HUB-IND,DRV-01188,VEH-0016,2025-04-28,28,0,completed
RTE-CHI-20251203-001,HUB-CHI,DRV-01020,VEH-0006,2025-12-03,64,5,canceled
RTE-IND-20250501-002,HUB-IND,DRV-01188,VEH-0009,2025-05-01,47,0,completed
RTE-CIN-20251114-001,HUB-CIN,DRV-01019,VEH-0020,2025-11-14,58,0,completed
RTE-DET-20251225-001,HUB-DET,DRV-01046,VEH-0011,2025-12-25,28,0,completed
RTE-CHI-20251110-001,HUB-CHI,DRV-01048,VEH-0037,2025-11-10,60,0,completed
RTE-CIN-20251107-001,HUB-CIN,DRV-01023,VEH-0036,2025-11-07,42,3,completed
RTE-CIN-20251027-001,HUB-CIN,DRV-01019,VEH-0025,2025-10-27,64,0,completed
RTE-CHI-20251230-001,HUB-CHI,DRV-01007,VEH-0037,2025-12-30,60,0,completed
RTE-CHI-20250327-001,HUB-CHI,DRV-01047,VEH-0006,2025-03-27,39,0,completed
RTE-IND-20250426-001,HUB-IND,DRV-01006,VEH-0013,2025-04-26,58,0,completed
RTE-CHI-20250410-001,HUB-CHI,DRV-01017,VEH-0002,2025-04-10,25,0,completed
RTE-CMH-20250310-001,HUB-CMH,DRV-01016,VEH-0031,2025-03-10,62,0,completed
RTE-IND-20251219-001,HUB-IND,DRV-01031,VEH-0023,2025-12-19,44,2,partial
RTE-CHI-20250404-001,HUB-CHI,DRV-01012,VEH-0019,2025-04-04,47,2,completed
RTE-CMH-20250705-002,HUB-CMH,DRV-01040,VEH-0021,2025-07-05,31,0,completed
RTE-CHI-20250529-002,HUB-CHI,DRV-01007,VEH-0004,2025-05-29,24,0,completed
RTE-CIN-20250516-002,HUB-CIN,DRV-01023,VEH-0025,2025-05-16,54,0,completed
RTE-IND-20251125-001,HUB-IND,DRV-01031,VEH-0023,2025-11-25,23,0,completed
RTE-IND-20250930-001,HUB-IND,DRV-01031,VEH-0023,2025-09-30,58,0,completed
RTE-IND-20250226-001,HUB-IND,DRV-01024,VEH-0009,2025-02-26,57,4,partial
RTE-CIN-20250909-001,HUB-CIN,DRV-01008,VEH-0025,2025-09-09,60,0,completed
RTE-CIN-20250402-001,HUB-CIN,DRV-01034,VEH-0027,2025-04-02,46,0,completed
RTE-CHI-20250814-001,HUB-CHI,DRV-01020,VEH-0006,2025-08-14,59,0,completed
RTE-CIN-20251113-001,HUB-CIN,DRV-01027,VEH-0025,2025-11-13,59,0,completed
RTE-CMH-20250102-002,HUB-CMH,DRV-01028,VEH-0028,2025-01-02,25,6,partial
RTE-DET-20250523-001,HUB-DET,DRV-01037,VEH-0022,2025-05-23,61,0,completed
RTE-CIN-20250827-001,HUB-CIN,DRV-01008,VEH-0025,2025-08-27,38,0,completed
RTE-CMH-20250915-001,HUB-CMH,DRV-01010,VEH-0021,2025-09-15,43,0,completed
RTE-CIN-20250503-001,HUB-CIN,DRV-01038,VEH-0032,2025-05-03,42,0,completed
RTE-CMH-20250125-001,HUB-CMH,DRV-01049,VEH-0021,2025-01-25,58,0,completed
RTE-DET-20250806-004,HUB-DET,DRV-01046,VEH-0030,2025-08-06,42,0,completed
RTE-DET-20250114-001,HUB-DET,DRV-01037,VEH-0029,2025-01-14,33,0,completed
RTE-CMH-20250317-001,HUB-CMH,DRV-01030,VEH-0033,2025-03-17,56,0,completed
RTE-CMH-20251118-001,HUB-CMH,DRV-01018,VEH-0028,2025-11-18,18,0,completed
RTE-IND-20250326-001,HUB-IND,DRV-01006,VEH-0009,2025-03-26,64,0,completed
RTE-DET-20250211-001,HUB-DET,DRV-01004,VEH-0011,2025-02-11,34,0,completed
RTE-DET-20250406-001,HUB-DET,DRV-01014,VEH-0030,2025-04-06,57,0,completed
RTE-CHI-20250919-001,HUB-CHI,DRV-01011,VEH-0004,2025-09-19,29,2,partial
RTE-CIN-20250516-003,HUB-CIN,DRV-01029,VEH-0025,2025-05-16,27,0,completed
RTE-CIN-20250825-002,HUB-CIN,DRV-01026,VEH-0036,2025-08-25,42,0,completed
RTE-DET-20251122-001,HUB-DET,DRV-01037,VEH-0024,2025-11-22,28,1,partial
RTE-CMH-20250527-001,HUB-CMH,DRV-01015,VEH-0021,2025-05-27,26,0,completed
RTE-DET-20250108-001,HUB-DET,DRV-01014,VEH-0029,2025-01-08,28,5,canceled
RTE-IND-20250204-001,HUB-IND,DRV-01042,VEH-0009,2025-02-04,51,0,completed
RTE-CIN-20250614-001,HUB-CIN,DRV-01023,VEH-0026,2025-06-14,38,0,completed
RTE-DET-20251224-001,HUB-DET,DRV-01014,VEH-0029,2025-12-24,62,0,completed
RTE-CHI-20250915-001,HUB-CHI,DRV-01012,VEH-0002,2025-09-15,39,0,completed
RTE-CIN-20250902-001,HUB-CIN,DRV-01027,VEH-0032,2025-09-02,56,0,completed
RTE-DET-20250417-001,HUB-DET,DRV-01022,VEH-0029,2025-04-17,19,0,completed
RTE-CMH-20251117-001,HUB-CMH,DRV-01001,VEH-0028,2025-11-17,55,3,partial
RTE-CMH-20251002-001,HUB-CMH,DRV-01016,VEH-0001,2025-10-02,35,0,completed
RTE-CIN-20250428-001,HUB-CIN,DRV-01002,VEH-0020,2025-04-28,39,0,completed
RTE-CMH-20250811-001,HUB-CMH,DRV-01044,VEH-0007,2025-08-11,51,0,completed
RTE-DET-20251010-002,HUB-DET,DRV-01037,VEH-0029,2025-10-10,45,0,completed
RTE-DET-20251113-001,HUB-DET,DRV-01014,VEH-0024,2025-11-13,37,0,completed
RTE-CMH-20250721-001,HUB-CMH,DRV-01049,VEH-0033,2025-07-21,38,0,completed
RTE-IND-20250609-002,HUB-IND,DRV-01024,VEH-0016,2025-06-09,19,0,completed
RTE-IND-20250308-001,HUB-IND,DRV-01033,VEH-0008,2025-03-08,50,0,completed
RTE-CHI-20251107-002,HUB-CHI,DRV-01020,VEH-0037,2025-11-07,41,2,partial
RTE-CHI-20251125-003,HUB-CHI,DRV-01047,VEH-0040,2025-11-25,64,0,completed
RTE-CMH-20250619-001,HUB-CMH,DRV-01044,VEH-0033,2025-06-19,64,0,completed
RTE-IND-20251216-003,HUB-IND,DRV-01042,VEH-0013,2025-12-16,32,0,completed
RTE-CHI-20250630-001,HUB-CHI,DRV-01020,VEH-0004,2025-06-30,28,0,completed
RTE-CIN-20250619-001,HUB-CIN,DRV-01023,VEH-0026,2025-06-19,47,0,completed
RTE-CMH-20251124-001,HUB-CMH,DRV-01009,VEH-0033,2025-11-24,38,0,completed
RTE-CIN-20250322-001,HUB-CIN,DRV-01038,VEH-0020,2025-03-22,57,0,completed
RTE-DET-20251218-001,HUB-DET,DRV-01021,VEH-0022,2025-12-18,31,0,completed
RTE-DET-20250723-002,HUB-DET,DRV-01021,VEH-0030,2025-07-23,54,0,completed
RTE-CMH-20250314-001,HUB-CMH,DRV-01044,VEH-0012,2025-03-14,60,0,completed
RTE-CMH-20250101-001,HUB-CMH,DRV-01030,VEH-0021,2025-01-01,23,0,completed
RTE-CHI-20250212-001,HUB-CHI,DRV-01017,VEH-0005,2025-02-12,44,0,completed
RTE-DET-20250613-002,HUB-DET,DRV-01021,VEH-0022,2025-06-13,62,0,completed
RTE-CHI-20250205-001,HUB-CHI,DRV-01047,VEH-0037,2025-02-05,63,2,partial
RTE-CHI-20250308-001,HUB-CHI,DRV-01005,VEH-0014,2025-03-08,21,0,completed
RTE-CMH-20250314-002,HUB-CMH,DRV-01018,VEH-0012,2025-03-14,31,0,completed
RTE-CMH-20250728-001,HUB-CMH,DRV-01009,VEH-0038,2025-07-28,56,0,completed
RTE-CHI-20250911-001,HUB-CHI,DRV-01047,VEH-0005,2025-09-11,51,0,completed
RTE-IND-20250715-001,HUB-IND,DRV-01032,VEH-0017,2025-07-15,31,0,completed
RTE-IND-20250122-001,HUB-IND,DRV-01024,VEH-0017,2025-01-22,57,1,partial
RTE-CMH-20250716-001,HUB-CMH,DRV-01013,VEH-0012,2025-07-16,65,0,completed
RTE-CMH-20250429-001,HUB-CMH,DRV-01030,VEH-0028,2025-04-29,36,0,completed
RTE-DET-20250508-001,HUB-DET,DRV-01046,VEH-0029,2025-05-08,21,0,completed
RTE-CHI-20251106-001,HUB-CHI,DRV-01007,VEH-0006,2025-11-06,48,0,completed
RTE-CMH-20250204-002,HUB-CMH,DRV-01036,VEH-0012,2025-02-04,44,0,completed
RTE-DET-20250731-001,HUB-DET,DRV-01022,VEH-0029,2025-07-31,47,0,completed
RTE-DET-20250822-001,HUB-DET,DRV-01021,VEH-0024,2025-08-22,40,0,completed
RTE-CMH-20251113-001,HUB-CMH,DRV-01013,VEH-0021,2025-11-13,50,3,partial
RTE-IND-20251223-002,HUB-IND,DRV-01032,VEH-0010,2025-12-23,65,0,completed
RTE-CMH-20250225-002,HUB-CMH,DRV-01010,VEH-0031,2025-02-25,57,3,completed
RTE-CMH-20250501-001,HUB-CMH,DRV-01030,VEH-0007,2025-05-01,30,0,completed
RTE-CMH-20250407-001,HUB-CMH,DRV-01013,VEH-0028,2025-04-07,61,0,completed
RTE-IND-20250205-001,HUB-IND,DRV-01042,VEH-0010,2025-02-05,65,0,completed
RTE-CMH-20250826-001,HUB-CMH,DRV-01010,VEH-0031,2025-08-26,34,1,partial
RTE-CMH-20250805-002,HUB-CMH,DRV-01018,VEH-0033,2025-08-05,36,0,completed
RTE-CMH-20250613-002,HUB-CMH,DRV-01040,VEH-0021,2025-06-13,37,0,completed
RTE-DET-20250902-001,HUB-DET,DRV-01014,VEH-0011,2025-09-02,44,0,completed
RTE-CHI-20251015-001,HUB-CHI,DRV-01017,VEH-0005,2025-10-15,47,0,completed
RTE-DET-20251024-002,HUB-DET,DRV-01014,VEH-0011,2025-10-24,29,0,completed
RTE-DET-20250128-002,HUB-DET,DRV-01037,VEH-0024,2025-01-28,48,0,completed
RTE-CHI-20250626-001,HUB-CHI,DRV-01005,VEH-0005,2025-06-26,32,0,completed
RTE-CIN-20250704-001,HUB-CIN,DRV-01034,VEH-0020,2025-07-04,47,0,completed
RTE-CHI-20250227-002,HUB-CHI,DRV-01020,VEH-0005,2025-02-27,52,5,partial
RTE-CIN-20250213-002,HUB-CIN,DRV-01038,VEH-0036,2025-02-13,63,0,completed
RTE-CIN-20250603-001,HUB-CIN,DRV-01025,VEH-0018,2025-06-03,42,0,completed
RTE-CIN-20250620-001,HUB-CIN,DRV-01034,VEH-0018,2025-06-20,65,0,completed
RTE-IND-20250721-001,HUB-IND,DRV-01033,VEH-0013,2025-07-21,34,0,completed
RTE-CMH-20251027-001,HUB-CMH,DRV-01001,VEH-0021,2025-10-27,22,0,completed
RTE-IND-20250328-002,HUB-IND,DRV-01031,VEH-0023,2025-03-28,65,0,completed
RTE-CIN-20250911-001,HUB-CIN,DRV-01025,VEH-0025,2025-09-11,34,0,completed
RTE-CIN-20250105-001,HUB-CIN,DRV-01034,VEH-0026,2025-01-05,49,0,completed
RTE-CMH-20250627-002,HUB-CMH,DRV-01009,VEH-0021,2025-06-27,42,0,completed
RTE-CIN-20250123-001,HUB-CIN,DRV-01038,VEH-0036,2025-01-23,32,0,completed
RTE-IND-20250315-001,HUB-IND,DRV-01006,VEH-0017,2025-03-15,26,0,completed
RTE-CMH-20251224-001,HUB-CMH,DRV-01001,VEH-0021,2025-12-24,60,4,canceled
RTE-DET-20250117-001,HUB-DET,DRV-01014,VEH-0024,2025-01-17,62,0,completed
RTE-CHI-20250122-002,HUB-CHI,DRV-01007,VEH-0037,2025-01-22,24,3,completed
RTE-CMH-20250307-001,HUB-CMH,DRV-01018,VEH-0021,2025-03-07,40,0,completed
RTE-DET-20250401-001,HUB-DET,DRV-01021,VEH-0024,2025-04-01,59,0,completed
RTE-CHI-20250915-002,HUB-CHI,DRV-01011,VEH-0037,2025-09-15,49,0,completed
RTE-IND-20250915-001,HUB-IND,DRV-01024,VEH-0010,2025-09-15,61,2,completed
RTE-CMH-20250918-002,HUB-CMH,DRV-01016,VEH-0028,2025-09-18,65,0,completed
RTE-DET-20250801-001,HUB-DET,DRV-01004,VEH-0029,2025-08-01,44,0,completed
RTE-CMH-20251026-001,HUB-CMH,DRV-01036,VEH-0012,2025-10-26,44,0,completed
RTE-CMH-20250728-002,HUB-CMH,DRV-01016,VEH-0028,2025-07-28,38,0,completed
RTE-CMH-20250731-001,HUB-CMH,DRV-01044,VEH-0003,2025-07-31,32,0,completed
RTE-CHI-20250407-002,HUB-CHI,DRV-01011,VEH-0014,2025-04-07,41,0,completed
RTE-CHI-20250919-002,HUB-CHI,DRV-01020,VEH-0037,2025-09-19,56,0,completed
RTE-CHI-20251031-002,HUB-CHI,DRV-01007,VEH-0005,2025-10-31,59,0,completed
RTE-CIN-20250609-001,HUB-CIN,DRV-01041,VEH-0026,2025-06-09,55,0,completed
RTE-CIN-20250605-001,HUB-CIN,DRV-01027,VEH-0027,2025-06-05,50,0,completed
RTE-CHI-20250729-001,HUB-CHI,DRV-01007,VEH-0037,2025-07-29,32,1,completed
RTE-IND-20250127-001,HUB-IND,DRV-01032,VEH-0013,2025-01-27,54,0,completed
RTE-CHI-20250404-002,HUB-CHI,DRV-01020,VEH-0004,2025-04-04,45,0,completed
RTE-CMH-20250501-002,HUB-CMH,DRV-01009,VEH-0007,2025-05-01,48,0,completed
RTE-CMH-20251028-001,HUB-CMH,DRV-01009,VEH-0033,2025-10-28,42,0,completed
RTE-CIN-20250225-001,HUB-CIN,DRV-01003,VEH-0027,2025-02-25,50,0,completed
RTE-DET-20250505-001,HUB-DET,DRV-01046,VEH-0011,2025-05-05,51,0,completed
RTE-CHI-20250627-001,HUB-CHI,DRV-01035,VEH-0002,2025-06-27,44,0,completed
RTE-CHI-20250731-001,HUB-CHI,DRV-01020,VEH-0037,2025-07-31,48,0,completed
RTE-DET-20250630-003,HUB-DET,DRV-01022,VEH-0024,2025-06-30,43,0,completed
RTE-CHI-20250529-003,HUB-CHI,DRV-01048,VEH-0014,2025-05-29,22,2,partial
RTE-CMH-20251230-001,HUB-CMH,DRV-01013,VEH-0007,2025-12-30,48,2,partial
RTE-CHI-20250607-002,HUB-CHI,DRV-01047,VEH-0014,2025-06-07,62,0,completed
RTE-IND-20250416-001,HUB-IND,DRV-01031,VEH-0017,2025-04-16,64,0,completed
RTE-DET-20250624-001,HUB-DET,DRV-01004,VEH-0011,2025-06-24,53,0,completed
RTE-CMH-20250319-001,HUB-CMH,DRV-01013,VEH-0038,2025-03-19,18,0,completed
RTE-CIN-20250808-001,HUB-CIN,DRV-01025,VEH-0027,2025-08-08,60,0,completed
RTE-CMH-20250313-002,HUB-CMH,DRV-01030,VEH-0028,2025-03-13,30,0,completed
RTE-CMH-20251207-001,HUB-CMH,DRV-01009,VEH-0007,2025-12-07,50,0,completed
RTE-DET-20250827-001,HUB-DET,DRV-01037,VEH-0011,2025-08-27,31,0,completed
RTE-DET-20250806-005,HUB-DET,DRV-01022,VEH-0022,2025-08-06,43,0,completed
RTE-IND-20251112-001,HUB-IND,DRV-01188,VEH-0009,2025-11-12,50,2,completed
RTE-CIN-20250617-002,HUB-CIN,DRV-01029,VEH-0025,2025-06-17,39,1,partial
RTE-CIN-20250909-002,HUB-CIN,DRV-01002,VEH-0032,2025-09-09,29,0,completed
RTE-IND-20251104-001,HUB-IND,DRV-01006,VEH-0023,2025-11-04,32,0,completed
RTE-IND-20250422-001,HUB-IND,DRV-01032,VEH-0017,2025-04-22,65,1,completed
RTE-IND-20250509-001,HUB-IND,DRV-01031,VEH-0023,2025-05-09,62,0,completed
RTE-IND-20251219-002,HUB-IND,DRV-01045,VEH-0013,2025-12-19,24,0,completed
RTE-CMH-20250625-001,HUB-CMH,DRV-01044,VEH-0012,2025-06-25,21,0,completed
RTE-CHI-20250204-001,HUB-CHI,DRV-01035,VEH-0019,2025-02-04,27,5,partial
RTE-CIN-20251103-001,HUB-CIN,DRV-01019,VEH-0027,2025-11-03,50,0,completed
RTE-CMH-20250103-001,HUB-CMH,DRV-01016,VEH-0003,2025-01-03,35,0,completed
RTE-DET-20250815-001,HUB-DET,DRV-01022,VEH-0024,2025-08-15,54,2,partial
RTE-IND-20250729-002,HUB-IND,DRV-01188,VEH-0013,2025-07-29,40,0,completed
RTE-CHI-20250327-002,HUB-CHI,DRV-01035,VEH-0004,2025-03-27,54,0,completed
RTE-IND-20251203-002,HUB-IND,DRV-01006,VEH-0023,2025-12-03,26,0,completed
RTE-IND-20251015-001,HUB-IND,DRV-01033,VEH-0009,2025-10-15,60,0,completed
RTE-IND-20250512-001,HUB-IND,DRV-01188,VEH-0013,2025-05-12,44,0,completed
RTE-CHI-20250209-001,HUB-CHI,DRV-01048,VEH-0037,2025-02-09,39,0,completed
RTE-CMH-20250109-001,HUB-CMH,DRV-01040,VEH-0003,2025-01-09,62,0,completed
RTE-DET-20250627-001,HUB-DET,DRV-01046,VEH-0029,2025-06-27,50,0,completed
RTE-CIN-20250417-001,HUB-CIN,DRV-01041,VEH-0032,2025-04-17,65,0,completed
RTE-CIN-20250706-001,HUB-CIN,DRV-01019,VEH-0026,2025-07-06,18,0,completed
RTE-IND-20251024-001,HUB-IND,DRV-01024,VEH-0009,2025-10-24,58,0,completed
RTE-DET-20250801-002,HUB-DET,DRV-01004,VEH-0030,2025-08-01,38,0,completed
RTE-CMH-20250729-001,HUB-CMH,DRV-01040,VEH-0038,2025-07-29,49,0,completed
RTE-CHI-20250813-002,HUB-CHI,DRV-01005,VEH-0005,2025-08-13,19,0,completed
RTE-CHI-20250425-001,HUB-CHI,DRV-01048,VEH-0004,2025-04-25,22,0,completed
RTE-CIN-20251023-001,HUB-CIN,DRV-01026,VEH-0026,2025-10-23,48,0,completed
RTE-DET-20250423-001,HUB-DET,DRV-01014,VEH-0011,2025-04-23,30,0,completed
RTE-IND-20250425-001,HUB-IND,DRV-01033,VEH-0016,2025-04-25,32,0,completed
RTE-CMH-20250905-002,HUB-CMH,DRV-01028,VEH-0003,2025-09-05,55,0,completed
RTE-IND-20250102-001,HUB-IND,DRV-01045,VEH-0017,2025-01-02,38,0,completed
RTE-CHI-20250527-001,HUB-CHI,DRV-01035,VEH-0040,2025-05-27,48,2,completed
RTE-CHI-20250819-001,HUB-CHI,DRV-01012,VEH-0004,2025-08-19,43,0,completed
RTE-IND-20250624-001,HUB-IND,DRV-01045,VEH-0016,2025-06-24,59,0,completed
RTE-CMH-20250504-001,HUB-CMH,DRV-01043,VEH-0028,2025-05-04,51,0,completed
RTE-CIN-20250808-002,HUB-CIN,DRV-01003,VEH-0018,2025-08-08,28,0,completed
RTE-CHI-20250218-001,HUB-CHI,DRV-01011,VEH-0037,2025-02-18,44,3,partial
RTE-CMH-20250918-003,HUB-CMH,DRV-01039,VEH-0001,2025-09-18,54,0,completed
RTE-IND-20250127-002,HUB-IND,DRV-01006,VEH-0023,2025-01-27,23,0,completed
RTE-CMH-20250717-001,HUB-CMH,DRV-01044,VEH-0028,2025-07-17,56,0,completed
RTE-CMH-20250107-001,HUB-CMH,DRV-01001,VEH-0003,2025-01-07,55,0,completed
RTE-CIN-20250923-001,HUB-CIN,DRV-01025,VEH-0025,2025-09-23,43,0,completed
RTE-CHI-20251230-002,HUB-CHI,DRV-01017,VEH-0040,2025-12-30,36,4,partial
RTE-CIN-20250429-001,HUB-CIN,DRV-01038,VEH-0018,2025-04-29,53,0,completed
RTE-CIN-20251022-001,HUB-CIN,DRV-01025,VEH-0027,2025-10-22,42,0,completed
RTE-CHI-20250926-001,HUB-CHI,DRV-01011,VEH-0004,2025-09-26,30,0,completed
RTE-CIN-20251205-002,HUB-CIN,DRV-01038,VEH-0025,2025-12-05,59,0,completed
RTE-IND-20250331-002,HUB-IND,DRV-01024,VEH-0008,2025-03-31,23,0,completed
RTE-IND-20250411-001,HUB-IND,DRV-01033,VEH-0023,2025-04-11,65,2,completed
RTE-IND-20251023-001,HUB-IND,DRV-01024,VEH-0023,2025-10-23,29,0,completed
RTE-CIN-20250818-001,HUB-CIN,DRV-01034,VEH-0032,2025-08-18,55,3,completed
RTE-CHI-20250313-001,HUB-CHI,DRV-01048,VEH-0040,2025-03-13,61,0,completed
RTE-DET-20250828-001,HUB-DET,DRV-01022,VEH-0011,2025-08-28,58,0,completed
RTE-CIN-20250326-001,HUB-CIN,DRV-01034,VEH-0025,2025-03-26,22,0,completed
RTE-CIN-20250829-001,HUB-CIN,DRV-01019,VEH-0027,2025-08-29,47,0,completed
RTE-CHI-20251209-002,HUB-CHI,DRV-01005,VEH-0004,2025-12-09,50,2,completed
RTE-CIN-20251121-001,HUB-CIN,DRV-01038,VEH-0036,2025-11-21,46,0,completed
RTE-DET-20250403-001,HUB-DET,DRV-01022,VEH-0022,2025-04-03,50,0,completed
RTE-DET-20250103-001,HUB-DET,DRV-01004,VEH-0024,2025-01-03,37,0,completed
RTE-IND-20251010-001,HUB-IND,DRV-01024,VEH-0009,2025-10-10,32,0,completed
RTE-CIN-20250829-002,HUB-CIN,DRV-01026,VEH-0018,2025-08-29,39,0,completed
RTE-DET-20250818-001,HUB-DET,DRV-01022,VEH-0029,2025-08-18,22,0,completed
RTE-CIN-20251227-001,HUB-CIN,DRV-01029,VEH-0027,2025-12-27,26,0,completed
RTE-CIN-20250321-001,HUB-CIN,DRV-01027,VEH-0025,2025-03-21,46,0,completed
RTE-CIN-20250703-001,HUB-CIN,DRV-01034,VEH-0036,2025-07-03,29,0,completed
RTE-CHI-20250107-001,HUB-CHI,DRV-01035,VEH-0002,2025-01-07,42,0,completed
RTE-DET-20250929-001,HUB-DET,DRV-01004,VEH-0030,2025-09-29,59,0,completed
RTE-DET-20250331-001,HUB-DET,DRV-01021,VEH-0024,2025-03-31,47,2,completed
RTE-DET-20250801-003,HUB-DET,DRV-01021,VEH-0024,2025-08-01,24,0,completed
RTE-IND-20250820-001,HUB-IND,DRV-01031,VEH-0010,2025-08-20,46,0,completed
RTE-CIN-20250602-001,HUB-CIN,DRV-01029,VEH-0020,2025-06-02,38,0,completed
RTE-CIN-20251106-001,HUB-CIN,DRV-01002,VEH-0032,2025-11-06,25,0,completed
RTE-CMH-20250707-002,HUB-CMH,DRV-01043,VEH-0003,2025-07-07,25,0,completed
RTE-CHI-20250508-001,HUB-CHI,DRV-01048,VEH-0019,2025-05-08,22,0,completed
RTE-IND-20250808-003,HUB-IND,DRV-01045,VEH-0013,2025-08-08,20,0,completed
RTE-DET-20250131-002,HUB-DET,DRV-01037,VEH-0011,2025-01-31,56,0,completed
RTE-CHI-20250916-001,HUB-CHI,DRV-01007,VEH-0006,2025-09-16,34,0,completed
RTE-CMH-20251226-001,HUB-CMH,DRV-01010,VEH-0033,2025-12-26,38,0,completed
RTE-CMH-20250808-001,HUB-CMH,DRV-01013,VEH-0021,2025-08-08,65,0,completed
RTE-DET-20250626-001,HUB-DET,DRV-01014,VEH-0022,2025-06-26,31,0,completed
RTE-CHI-20251023-001,HUB-CHI,DRV-01012,VEH-0014,2025-10-23,57,0,completed
RTE-CHI-20250704-001,HUB-CHI,DRV-01017,VEH-0019,2025-07-04,46,1,completed
RTE-CIN-20250622-001,HUB-CIN,DRV-01038,VEH-0020,2025-06-22,43,0,completed
RTE-CMH-20251006-001,HUB-CMH,DRV-01044,VEH-0012,2025-10-06,28,0,completed
RTE-CHI-20251213-001,HUB-CHI,DRV-01047,VEH-0004,2025-12-13,42,5,partial
RTE-CIN-20250719-001,HUB-CIN,DRV-01038,VEH-0026,2025-07-19,55,0,completed
RTE-DET-20250509-001,HUB-DET,DRV-01022,VEH-0022,2025-05-09,31,0,completed
RTE-CHI-20250113-001,HUB-CHI,DRV-01048,VEH-0019,2025-01-13,59,0,completed
RTE-CIN-20250829-003,HUB-CIN,DRV-01027,VEH-0036,2025-08-29,62,0,completed
RTE-CMH-20250407-002,HUB-CMH,DRV-01043,VEH-0007,2025-04-07,29,0,completed
RTE-CHI-20251231-001,HUB-CHI,DRV-01012,VEH-0005,2025-12-31,50,0,completed
RTE-DET-20250101-001,HUB-DET,DRV-01014,VEH-0024,2025-01-01,33,0,completed
RTE-CMH-20250509-001,HUB-CMH,DRV-01049,VEH-0038,2025-05-09,41,0,completed
RTE-IND-20250708-001,HUB-IND,DRV-01024,VEH-0023,2025-07-08,52,0,completed
RTE-CIN-20250612-003,HUB-CIN,DRV-01029,VEH-0020,2025-06-12,23,0,completed
RTE-CMH-20250102-003,HUB-CMH,DRV-01049,VEH-0012,2025-01-02,40,0,completed
RTE-CHI-20250115-001,HUB-CHI,DRV-01011,VEH-0005,2025-01-15,45,0,completed
RTE-IND-20250617-001,HUB-IND,DRV-01006,VEH-0010,2025-06-17,46,0,completed
RTE-DET-20251007-001,HUB-DET,DRV-01021,VEH-0029,2025-10-07,24,0,completed
RTE-CIN-20250915-003,HUB-CIN,DRV-01041,VEH-0026,2025-09-15,59,0,completed
RTE-CHI-20250410-002,HUB-CHI,DRV-01020,VEH-0002,2025-04-10,51,0,completed
RTE-IND-20251002-002,HUB-IND,DRV-01045,VEH-0010,2025-10-02,58,0,completed
RTE-DET-20250813-001,HUB-DET,DRV-01004,VEH-0030,2025-08-13,52,0,completed
RTE-CIN-20250401-001,HUB-CIN,DRV-01034,VEH-0036,2025-04-01,59,0,completed
RTE-DET-20250722-001,HUB-DET,DRV-01046,VEH-0022,2025-07-22,43,0,completed
RTE-CHI-20250723-001,HUB-CHI,DRV-01012,VEH-0002,2025-07-23,53,0,completed
RTE-CMH-20250122-001,HUB-CMH,DRV-01028,VEH-0007,2025-01-22,65,0,completed
RTE-CIN-20250319-001,HUB-CIN,DRV-01002,VEH-0020,2025-03-19,31,0,completed
RTE-DET-20250526-001,HUB-DET,DRV-01021,VEH-0030,2025-05-26,23,0,completed
RTE-CHI-20250810-001,HUB-CHI,DRV-01017,VEH-0006,2025-08-10,61,1,completed
RTE-CHI-20250730-001,HUB-CHI,DRV-01035,VEH-0037,2025-07-30,29,0,completed
RTE-IND-20250705-001,HUB-IND,DRV-01024,VEH-0010,2025-07-05,18,0,completed
RTE-DET-20250619-001,HUB-DET,DRV-01037,VEH-0029,2025-06-19,27,0,completed
RTE-IND-20251022-002,HUB-IND,DRV-01024,VEH-0023,2025-10-22,24,0,completed
RTE-IND-20250919-001,HUB-IND,DRV-01045,VEH-0008,2025-09-19,20,0,completed
RTE-CMH-20250801-001,HUB-CMH,DRV-01040,VEH-0001,2025-08-01,29,0,completed
RTE-CMH-20251030-002,HUB-CMH,DRV-01039,VEH-0003,2025-10-30,46,0,completed
RTE-IND-20251204-002,HUB-IND,DRV-01032,VEH-0016,2025-12-04,58,0,completed
RTE-CHI-20250714-001,HUB-CHI,DRV-01017,VEH-0014,2025-07-14,22,0,completed
RTE-CIN-20250909-003,HUB-CIN,DRV-01029,VEH-0025,2025-09-09,38,0,completed
RTE-CHI-20250424-002,HUB-CHI,DRV-01007,VEH-0037,2025-04-24,40,1,partial
RTE-CHI-20250521-001,HUB-CHI,DRV-01012,VEH-0006,2025-05-21,40,0,completed
RTE-CMH-20250511-001,HUB-CMH,DRV-01028,VEH-0003,2025-05-11,22,0,completed
RTE-DET-20250108-002,HUB-DET,DRV-01014,VEH-0030,2025-01-08,51,0,completed
RTE-CHI-20250328-001,HUB-CHI,DRV-01005,VEH-0019,2025-03-28,58,0,completed
RTE-DET-20250116-001,HUB-DET,DRV-01022,VEH-0029,2025-01-16,24,3,completed
RTE-CHI-20250424-003,HUB-CHI,DRV-01007,VEH-0040,2025-04-24,23,0,completed
RTE-IND-20251022-003,HUB-IND,DRV-01042,VEH-0010,2025-10-22,65,0,completed
RTE-CHI-20251010-001,HUB-CHI,DRV-01017,VEH-0005,2025-10-10,28,1,completed
RTE-CIN-20251210-002,HUB-CIN,DRV-01003,VEH-0025,2025-12-10,59,5,partial
RTE-IND-20251215-001,HUB-IND,DRV-01031,VEH-0008,2025-12-15,46,0,completed
RTE-CMH-20251008-001,HUB-CMH,DRV-01009,VEH-0007,2025-10-08,44,0,completed
RTE-IND-20250327-001,HUB-IND,DRV-01006,VEH-0023,2025-03-27,38,0,completed
RTE-CHI-20250902-001,HUB-CHI,DRV-01011,VEH-0014,2025-09-02,65,0,completed
RTE-IND-20251104-002,HUB-IND,DRV-01032,VEH-0008,2025-11-04,33,0,completed
RTE-CHI-20251219-002,HUB-CHI,DRV-01020,VEH-0002,2025-12-19,65,0,completed
RTE-CHI-20250723-002,HUB-CHI,DRV-01012,VEH-0006,2025-07-23,50,0,completed
RTE-DET-20251214-001,HUB-DET,DRV-01046,VEH-0029,2025-12-14,40,5,partial
RTE-IND-20251015-002,HUB-IND,DRV-01006,VEH-0009,2025-10-15,32,0,completed
RTE-DET-20250925-002,HUB-DET,DRV-01046,VEH-0024,2025-09-25,24,0,completed
RTE-CHI-20250730-002,HUB-CHI,DRV-01011,VEH-0002,2025-07-30,50,0,completed
RTE-IND-20250130-002,HUB-IND,DRV-01188,VEH-0017,2025-01-30,24,0,completed
RTE-IND-20250115-002,HUB-IND,DRV-01024,VEH-0016,2025-01-15,26,0,completed
RTE-DET-20250827-002,HUB-DET,DRV-01014,VEH-0011,2025-08-27,21,0,completed
RTE-IND-20250905-001,HUB-IND,DRV-01033,VEH-0010,2025-09-05,48,0,completed
RTE-CIN-20250429-002,HUB-CIN,DRV-01003,VEH-0032,2025-04-29,22,0,completed
RTE-CMH-20250906-001,HUB-CMH,DRV-01001,VEH-0012,2025-09-06,63,0,completed
RTE-CIN-20250721-001,HUB-CIN,DRV-01038,VEH-0027,2025-07-21,62,0,completed
RTE-DET-20250929-002,HUB-DET,DRV-01021,VEH-0029,2025-09-29,31,0,completed
RTE-CIN-20250523-002,HUB-CIN,DRV-01026,VEH-0026,2025-05-23,42,0,completed
RTE-CHI-20250815-002,HUB-CHI,DRV-01012,VEH-0037,2025-08-15,42,0,completed
RTE-DET-20250530-001,HUB-DET,DRV-01021,VEH-0011,2025-05-30,27,1,completed
RTE-DET-20250409-001,HUB-DET,DRV-01037,VEH-0030,2025-04-09,31,0,completed
RTE-IND-20250320-001,HUB-IND,DRV-01031,VEH-0023,2025-03-20,52,0,completed
RTE-IND-20251027-002,HUB-IND,DRV-01006,VEH-0010,2025-10-27,31,0,completed
RTE-CHI-20250110-001,HUB-CHI,DRV-01035,VEH-0019,2025-01-10,48,0,completed
RTE-CHI-20250711-001,HUB-CHI,DRV-01035,VEH-0037,2025-07-11,53,0,completed
RTE-CMH-20251014-001,HUB-CMH,DRV-01013,VEH-0003,2025-10-14,45,0,completed
RTE-CIN-20250829-004,HUB-CIN,DRV-01003,VEH-0026,2025-08-29,38,0,completed
RTE-CIN-20251128-001,HUB-CIN,DRV-01003,VEH-0020,2025-11-28,39,4,partial
RTE-CHI-20251110-002,HUB-CHI,DRV-01005,VEH-0006,2025-11-10,57,0,completed
RTE-CHI-20250703-001,HUB-CHI,DRV-01020,VEH-0005,2025-07-03,65,0,completed
RTE-CMH-20250723-001,HUB-CMH,DRV-01030,VEH-0038,2025-07-23,40,0,completed
RTE-CIN-20251104-003,HUB-CIN,DRV-01027,VEH-0020,2025-11-04,36,0,completed
RTE-CMH-20250116-001,HUB-CMH,DRV-01009,VEH-0021,2025-01-16,57,0,completed
RTE-IND-20250908-001,HUB-IND,DRV-01188,VEH-0010,2025-09-08,35,0,completed
RTE-DET-20250414-001,HUB-DET,DRV-01022,VEH-0011,2025-04-14,35,0,completed
RTE-CMH-20251112-001,HUB-CMH,DRV-01036,VEH-0031,2025-11-12,47,0,completed
RTE-IND-20251105-001,HUB-IND,DRV-01042,VEH-0023,2025-11-05,42,0,completed
RTE-CHI-20250819-002,HUB-CHI,DRV-01035,VEH-0004,2025-08-19,20,0,completed
RTE-IND-20251218-002,HUB-IND,DRV-01006,VEH-0010,2025-12-18,48,4,partial
RTE-CIN-20250127-001,HUB-CIN,DRV-01041,VEH-0018,2025-01-27,36,0,completed
RTE-DET-20250610-001,HUB-DET,DRV-01037,VEH-0024,2025-06-10,31,3,partial
RTE-CIN-20250223-001,HUB-CIN,DRV-01038,VEH-0036,2025-02-23,50,0,completed
RTE-CMH-20250821-001,HUB-CMH,DRV-01039,VEH-0031,2025-08-21,54,0,completed
RTE-IND-20250718-001,HUB-IND,DRV-01188,VEH-0009,2025-07-18,32,0,completed
RTE-CMH-20250607-001,HUB-CMH,DRV-01001,VEH-0021,2025-06-07,52,0,completed
RTE-CIN-20250814-001,HUB-CIN,DRV-01041,VEH-0026,2025-08-14,46,0,completed
RTE-CHI-20250226-002,HUB-CHI,DRV-01035,VEH-0019,2025-02-26,48,0,completed
RTE-CMH-20251009-001,HUB-CMH,DRV-01030,VEH-0007,2025-10-09,55,0,completed
RTE-DET-20250327-001,HUB-DET,DRV-01037,VEH-0030,2025-03-27,59,0,completed
RTE-IND-20250918-001,HUB-IND,DRV-01031,VEH-0010,2025-09-18,54,0,completed
RTE-IND-20250929-001,HUB-IND,DRV-01024,VEH-0017,2025-09-29,62,0,completed
RTE-IND-20251014-001,HUB-IND,DRV-01042,VEH-0009,2025-10-14,47,0,completed
RTE-IND-20250201-001,HUB-IND,DRV-01032,VEH-0013,2025-02-01,44,5,partial
RTE-DET-20251017-001,HUB-DET,DRV-01022,VEH-0011,2025-10-17,49,0,completed
RTE-CIN-20250811-001,HUB-CIN,DRV-01023,VEH-0025,2025-08-11,53,0,completed
RTE-IND-20250218-001,HUB-IND,DRV-01033,VEH-0008,2025-02-18,18,6,partial
RTE-CHI-20250124-001,HUB-CHI,DRV-01012,VEH-0004,2025-01-24,21,0,completed
RTE-CMH-20250609-001,HUB-CMH,DRV-01028,VEH-0033,2025-06-09,28,0,completed
RTE-CHI-20250926-002,HUB-CHI,DRV-01011,VEH-0019,2025-09-26,65,0,completed
RTE-DET-20250320-001,HUB-DET,DRV-01014,VEH-0024,2025-03-20,34,0,completed
RTE-DET-20251231-001,HUB-DET,DRV-01037,VEH-0030,2025-12-31,27,0,completed
RTE-CMH-20250711-001,HUB-CMH,DRV-01043,VEH-0033,2025-07-11,62,0,completed
RTE-DET-20250730-001,HUB-DET,DRV-01046,VEH-0024,2025-07-30,35,0,completed
RTE-CIN-20250707-001,HUB-CIN,DRV-01027,VEH-0036,2025-07-07,53,0,completed
RTE-CHI-20251208-001,HUB-CHI,DRV-01047,VEH-0004,2025-12-08,21,0,completed
RTE-CHI-20251028-001,HUB-CHI,DRV-01020,VEH-0002,2025-10-28,45,0,completed
RTE-DET-20250911-001,HUB-DET,DRV-01004,VEH-0030,2025-09-11,38,0,completed
RTE-CMH-20250725-001,HUB-CMH,DRV-01043,VEH-0003,2025-07-25,48,0,completed
RTE-CMH-20250425-001,HUB-CMH,DRV-01015,VEH-0001,2025-04-25,28,0,completed
RTE-CMH-20250131-001,HUB-CMH,DRV-01015,VEH-0003,2025-01-31,30,0,completed
RTE-DET-20250729-001,HUB-DET,DRV-01022,VEH-0029,2025-07-29,40,0,completed
RTE-DET-20250101-002,HUB-DET,DRV-01004,VEH-0022,2025-01-01,46,0,completed
RTE-DET-20251228-001,HUB-DET,DRV-01004,VEH-0029,2025-12-28,45,3,completed
RTE-DET-20251223-001,HUB-DET,DRV-01014,VEH-0030,2025-12-23,64,0,completed
RTE-IND-20250113-001,HUB-IND,DRV-01032,VEH-0016,2025-01-13,53,0,completed
RTE-DET-20250907-001,HUB-DET,DRV-01022,VEH-0029,2025-09-07,26,0,completed
RTE-DET-20250327-002,HUB-DET,DRV-01004,VEH-0022,2025-03-27,65,0,completed
RTE-CMH-20250507-001,HUB-CMH,DRV-01018,VEH-0012,2025-05-07,54,3,completed
RTE-IND-20250804-001,HUB-IND,DRV-01188,VEH-0009,2025-08-04,39,0,completed
RTE-CIN-20250828-002,HUB-CIN,DRV-01008,VEH-0032,2025-08-28,20,0,completed
RTE-CIN-20250812-001,HUB-CIN,DRV-01002,VEH-0026,2025-08-12,62,0,completed
RTE-IND-20250613-001,HUB-IND,DRV-01006,VEH-0017,2025-06-13,29,0,completed
RTE-CHI-20250203-001,HUB-CHI,DRV-01017,VEH-0002,2025-02-03,62,0,completed
RTE-CHI-20250311-001,HUB-CHI,DRV-01005,VEH-0037,2025-03-11,42,0,completed
RTE-IND-20250727-001,HUB-IND,DRV-01006,VEH-0010,2025-07-27,32,0,completed
RTE-IND-20250402-001,HUB-IND,DRV-01031,VEH-0017,2025-04-02,59,0,completed
RTE-CIN-20250730-001,HUB-CIN,DRV-01023,VEH-0020,2025-07-30,39,0,completed
RTE-CIN-20250327-001,HUB-CIN,DRV-01041,VEH-0026,2025-03-27,22,0,completed
RTE-CHI-20251011-001,HUB-CHI,DRV-01048,VEH-0002,2025-10-11,39,0,completed
RTE-DET-20250713-001,HUB-DET,DRV-01037,VEH-0030,2025-07-13,42,0,completed
RTE-IND-20250620-001,HUB-IND,DRV-01031,VEH-0013,2025-06-20,25,0,completed
RTE-DET-20250116-002,HUB-DET,DRV-01004,VEH-0024,2025-01-16,60,0,completed
RTE-CMH-20250912-002,HUB-CMH,DRV-01016,VEH-0007,2025-09-12,57,0,completed
RTE-DET-20250930-001,HUB-DET,DRV-01021,VEH-0024,2025-09-30,23,0,completed
RTE-IND-20250408-003,HUB-IND,DRV-01045,VEH-0017,2025-04-08,29,0,completed
RTE-CIN-20250612-004,HUB-CIN,DRV-01026,VEH-0027,2025-06-12,27,0,completed
RTE-IND-20250507-001,HUB-IND,DRV-01045,VEH-0008,2025-05-07,20,0,completed
RTE-CMH-20250627-003,HUB-CMH,DRV-01016,VEH-0003,2025-06-27,48,0,completed
RTE-DET-20251028-001,HUB-DET,DRV-01046,VEH-0024,2025-10-28,22,0,completed
RTE-IND-20250924-001,HUB-IND,DRV-01042,VEH-0009,2025-09-24,22,0,completed
RTE-IND-20250509-002,HUB-IND,DRV-01006,VEH-0017,2025-05-09,22,0,completed
RTE-DET-20250910-002,HUB-DET,DRV-01046,VEH-0022,2025-09-10,25,0,completed
RTE-DET-20251216-001,HUB-DET,DRV-01004,VEH-0024,2025-12-16,27,0,completed
RTE-CHI-20250809-001,HUB-CHI,DRV-01011,VEH-0005,2025-08-09,26,0,completed
RTE-DET-20250514-001,HUB-DET,DRV-01004,VEH-0030,2025-05-14,24,0,completed
RTE-CMH-20250102-004,HUB-CMH,DRV-01015,VEH-0038,2025-01-02,62,5,partial
RTE-CIN-20250207-001,HUB-CIN,DRV-01029,VEH-0027,2025-02-07,35,5,partial
RTE-IND-20251204-003,HUB-IND,DRV-01032,VEH-0013,2025-12-04,37,0,completed
RTE-CMH-20251128-001,HUB-CMH,DRV-01043,VEH-0007,2025-11-28,43,0,completed
RTE-CIN-20250907-001,HUB-CIN,DRV-01019,VEH-0018,2025-09-07,64,1,completed
RTE-CIN-20251005-001,HUB-CIN,DRV-01002,VEH-0025,2025-10-05,59,0,completed
RTE-CMH-20250918-004,HUB-CMH,DRV-01030,VEH-0003,2025-09-18,35,1,completed
RTE-IND-20250113-002,HUB-IND,DRV-01006,VEH-0016,2025-01-13,65,6,partial
RTE-DET-20250623-001,HUB-DET,DRV-01046,VEH-0022,2025-06-23,39,0,completed
RTE-DET-20250923-001,HUB-DET,DRV-01037,VEH-0030,2025-09-23,20,0,completed
RTE-CHI-20250224-001,HUB-CHI,DRV-01007,VEH-0004,2025-02-24,44,0,completed
RTE-CMH-20250112-001,HUB-CMH,DRV-01010,VEH-0021,2025-01-12,45,0,completed
RTE-IND-20250805-001,HUB-IND,DRV-01031,VEH-0016,2025-08-05,25,0,completed
RTE-IND-20251217-002,HUB-IND,DRV-01032,VEH-0013,2025-12-17,28,3,partial
RTE-IND-20251014-002,HUB-IND,DRV-01042,VEH-0016,2025-10-14,22,0,completed
RTE-CHI-20251024-003,HUB-CHI,DRV-01005,VEH-0006,2025-10-24,32,2,partial
RTE-DET-20250709-001,HUB-DET,DRV-01046,VEH-0024,2025-07-09,49,0,completed
RTE-DET-20250303-001,HUB-DET,DRV-01022,VEH-0024,2025-03-03,49,0,completed
RTE-CIN-20251022-002,HUB-CIN,DRV-01025,VEH-0036,2025-10-22,21,0,completed
RTE-IND-20250722-002,HUB-IND,DRV-01024,VEH-0013,2025-07-22,35,0,completed
RTE-IND-20251228-001,HUB-IND,DRV-01032,VEH-0023,2025-12-28,26,0,completed
RTE-IND-20250317-001,HUB-IND,DRV-01188,VEH-0013,2025-03-17,34,1,completed
RTE-CIN-20250422-003,HUB-CIN,DRV-01025,VEH-0036,2025-04-22,41,0,completed
RTE-IND-20250107-001,HUB-IND,DRV-01032,VEH-0016,2025-01-07,33,1,completed
RTE-IND-20250708-002,HUB-IND,DRV-01033,VEH-0023,2025-07-08,27,0,completed
RTE-CIN-20250630-001,HUB-CIN,DRV-01029,VEH-0027,2025-06-30,25,0,completed
RTE-DET-20250108-003,HUB-DET,DRV-01037,VEH-0029,2025-01-08,41,0,completed
RTE-CHI-20250411-001,HUB-CHI,DRV-01020,VEH-0037,2025-04-11,27,0,completed
RTE-CHI-20250812-001,HUB-CHI,DRV-01011,VEH-0006,2025-08-12,44,0,completed
RTE-CHI-20250212-002,HUB-CHI,DRV-01047,VEH-0019,2025-02-12,32,0,completed
RTE-CIN-20250304-003,HUB-CIN,DRV-01019,VEH-0027,2025-03-04,65,0,completed
RTE-IND-20250626-001,HUB-IND,DRV-01188,VEH-0023,2025-06-26,53,0,completed
RTE-CHI-20250117-001,HUB-CHI,DRV-01011,VEH-0002,2025-01-17,23,0,completed
RTE-CMH-20250912-003,HUB-CMH,DRV-01039,VEH-0001,2025-09-12,44,0,completed
RTE-CHI-20250110-002,HUB-CHI,DRV-01035,VEH-0014,2025-01-10,35,0,completed
RTE-CMH-20250523-001,HUB-CMH,DRV-01049,VEH-0021,2025-05-23,62,0,completed
RTE-CMH-20250207-001,HUB-CMH,DRV-01040,VEH-0012,2025-02-07,29,0,completed
RTE-CMH-20251225-001,HUB-CMH,DRV-01044,VEH-0038,2025-12-25,45,0,completed
RTE-DET-20250807-001,HUB-DET,DRV-01037,VEH-0011,2025-08-07,45,0,completed
RTE-IND-20250907-001,HUB-IND,DRV-01188,VEH-0013,2025-09-07,59,0,completed
RTE-CMH-20250127-001,HUB-CMH,DRV-01009,VEH-0001,2025-01-27,36,2,completed
RTE-DET-20250507-002,HUB-DET,DRV-01037,VEH-0022,2025-05-07,43,1,partial
RTE-CIN-20250901-001,HUB-CIN,DRV-01025,VEH-0032,2025-09-01,32,0,completed
RTE-CHI-20250616-001,HUB-CHI,DRV-01012,VEH-0005,2025-06-16,26,0,completed
RTE-DET-20250704-002,HUB-DET,DRV-01022,VEH-0029,2025-07-04,29,0,completed
RTE-IND-20251212-001,HUB-IND,DRV-01006,VEH-0009,2025-12-12,24,0,completed
RTE-CIN-20250924-001,HUB-CIN,DRV-01025,VEH-0020,2025-09-24,23,2,completed
RTE-CHI-20250810-002,HUB-CHI,DRV-01035,VEH-0006,2025-08-10,51,0,completed
RTE-CIN-20250722-001,HUB-CIN,DRV-01027,VEH-0027,2025-07-22,50,0,completed
RTE-CMH-20250401-002,HUB-CMH,DRV-01043,VEH-0021,2025-04-01,47,0,completed
RTE-CIN-20251219-001,HUB-CIN,DRV-01029,VEH-0020,2025-12-19,41,0,completed
RTE-CMH-20250901-001,HUB-CMH,DRV-01049,VEH-0031,2025-09-01,54,0,completed
RTE-CIN-20250506-001,HUB-CIN,DRV-01008,VEH-0027,2025-05-06,39,0,completed
RTE-CMH-20251127-001,HUB-CMH,DRV-01010,VEH-0028,2025-11-27,37,0,completed
RTE-DET-20250803-001,HUB-DET,DRV-01037,VEH-0024,2025-08-03,44,0,completed
RTE-CMH-20250926-001,HUB-CMH,DRV-01030,VEH-0038,2025-09-26,45,0,completed
RTE-CMH-20250801-002,HUB-CMH,DRV-01044,VEH-0012,2025-08-01,54,0,completed
RTE-IND-20250529-002,HUB-IND,DRV-01031,VEH-0017,2025-05-29,22,0,completed
RTE-IND-20251014-003,HUB-IND,DRV-01188,VEH-0009,2025-10-14,32,0,completed
RTE-CMH-20250620-002,HUB-CMH,DRV-01009,VEH-0021,2025-06-20,47,0,completed
RTE-DET-20250312-001,HUB-DET,DRV-01046,VEH-0022,2025-03-12,50,0,completed
RTE-IND-20250630-001,HUB-IND,DRV-01188,VEH-0017,2025-06-30,47,0,completed
RTE-DET-20251229-001,HUB-DET,DRV-01037,VEH-0022,2025-12-29,26,5,partial
RTE-CMH-20250305-002,HUB-CMH,DRV-01043,VEH-0001,2025-03-05,24,0,completed
RTE-CIN-20250402-002,HUB-CIN,DRV-01026,VEH-0032,2025-04-02,44,0,completed
RTE-CHI-20250722-003,HUB-CHI,DRV-01020,VEH-0004,2025-07-22,38,0,completed
RTE-IND-20251028-002,HUB-IND,DRV-01024,VEH-0010,2025-10-28,55,0,completed
RTE-CIN-20250122-001,HUB-CIN,DRV-01041,VEH-0026,2025-01-22,46,6,partial
RTE-CIN-20250108-002,HUB-CIN,DRV-01002,VEH-0018,2025-01-08,63,3,completed
RTE-CHI-20250905-001,HUB-CHI,DRV-01017,VEH-0005,2025-09-05,60,0,completed
RTE-IND-20251211-001,HUB-IND,DRV-01045,VEH-0013,2025-12-11,40,0,completed
RTE-CIN-20250307-001,HUB-CIN,DRV-01023,VEH-0036,2025-03-07,51,0,completed
RTE-IND-20250123-001,HUB-IND,DRV-01024,VEH-0013,2025-01-23,25,0,completed
RTE-IND-20250321-002,HUB-IND,DRV-01024,VEH-0009,2025-03-21,59,0,completed
RTE-CHI-20250512-001,HUB-CHI,DRV-01012,VEH-0019,2025-05-12,32,0,completed
RTE-IND-20250826-001,HUB-IND,DRV-01188,VEH-0017,2025-08-26,48,0,completed
RTE-IND-20250904-001,HUB-IND,DRV-01006,VEH-0009,2025-09-04,60,2,partial
RTE-DET-20251030-002,HUB-DET,DRV-01037,VEH-0011,2025-10-30,34,2,completed
RTE-CHI-20251218-001,HUB-CHI,DRV-01048,VEH-0002,2025-12-18,44,6,canceled
RTE-DET-20250516-001,HUB-DET,DRV-01022,VEH-0029,2025-05-16,56,0,completed
RTE-IND-20251209-002,HUB-IND,DRV-01188,VEH-0009,2025-12-09,65,1,partial
RTE-IND-20250428-002,HUB-IND,DRV-01045,VEH-0013,2025-04-28,50,0,completed
RTE-CMH-20250506-001,HUB-CMH,DRV-01013,VEH-0007,2025-05-06,40,0,completed
RTE-CIN-20250718-001,HUB-CIN,DRV-01025,VEH-0032,2025-07-18,27,0,completed
RTE-CIN-20250616-001,HUB-CIN,DRV-01027,VEH-0032,2025-06-16,65,0,completed
RTE-CHI-20250908-001,HUB-CHI,DRV-01020,VEH-0002,2025-09-08,48,0,completed
RTE-CMH-20250217-001,HUB-CMH,DRV-01039,VEH-0033,2025-02-17,29,0,completed
RTE-CIN-20250425-001,HUB-CIN,DRV-01023,VEH-0036,2025-04-25,47,0,completed
RTE-DET-20250518-001,HUB-DET,DRV-01046,VEH-0011,2025-05-18,29,0,completed
RTE-CIN-20251224-001,HUB-CIN,DRV-01019,VEH-0032,2025-12-24,43,0,completed
RTE-CMH-20250502-001,HUB-CMH,DRV-01043,VEH-0031,2025-05-02,29,0,completed
RTE-IND-20250814-001,HUB-IND,DRV-01045,VEH-0017,2025-08-14,37,0,completed
RTE-CMH-20251025-002,HUB-CMH,DRV-01036,VEH-0028,2025-10-25,22,0,completed
RTE-CHI-20250725-001,HUB-CHI,DRV-01005,VEH-0002,2025-07-25,59,0,completed
RTE-CMH-20250302-001,HUB-CMH,DRV-01016,VEH-0003,2025-03-02,42,0,completed
RTE-CMH-20251231-001,HUB-CMH,DRV-01044,VEH-0021,2025-12-31,50,2,partial
RTE-CHI-20250706-001,HUB-CHI,DRV-01047,VEH-0006,2025-07-06,56,0,completed
RTE-CHI-20251118-001,HUB-CHI,DRV-01020,VEH-0037,2025-11-18,46,0,completed
RTE-CMH-20251223-002,HUB-CMH,DRV-01016,VEH-0028,2025-12-23,37,0,completed
RTE-CMH-20251027-002,HUB-CMH,DRV-01028,VEH-0003,2025-10-27,29,0,completed
RTE-DET-20251106-001,HUB-DET,DRV-01037,VEH-0030,2025-11-06,24,0,completed
RTE-CMH-20250902-001,HUB-CMH,DRV-01001,VEH-0007,2025-09-02,54,0,completed
RTE-CMH-20251223-003,HUB-CMH,DRV-01013,VEH-0007,2025-12-23,43,0,completed
RTE-DET-20250410-001,HUB-DET,DRV-01021,VEH-0029,2025-04-10,19,0,completed
RTE-DET-20250508-002,HUB-DET,DRV-01037,VEH-0030,2025-05-08,36,2,completed
RTE-CIN-20251108-001,HUB-CIN,DRV-01023,VEH-0020,2025-11-08,62,0,completed
RTE-CMH-20250711-002,HUB-CMH,DRV-01040,VEH-0028,2025-07-11,44,0,completed
RTE-CHI-20251104-003,HUB-CHI,DRV-01011,VEH-0006,2025-11-04,62,0,completed
RTE-CMH-20251209-001,HUB-CMH,DRV-01044,VEH-0031,2025-12-09,30,6,partial
RTE-CIN-20250317-001,HUB-CIN,DRV-01041,VEH-0020,2025-03-17,56,0,completed
RTE-IND-20250501-003,HUB-IND,DRV-01031,VEH-0016,2025-05-01,46,0,completed
RTE-CMH-20250912-004,HUB-CMH,DRV-01016,VEH-0012,2025-09-12,40,0,completed
RTE-DET-20251103-001,HUB-DET,DRV-01021,VEH-0029,2025-11-03,28,0,completed
RTE-IND-20250522-001,HUB-IND,DRV-01042,VEH-0008,2025-05-22,47,0,completed
RTE-CHI-20250924-001,HUB-CHI,DRV-01007,VEH-0002,2025-09-24,25,0,completed
RTE-CMH-20250630-001,HUB-CMH,DRV-01030,VEH-0038,2025-06-30,21,0,completed
RTE-IND-20250903-001,HUB-IND,DRV-01045,VEH-0017,2025-09-03,37,0,completed
RTE-IND-20250629-001,HUB-IND,DRV-01024,VEH-0017,2025-06-29,18,0,completed
RTE-CMH-20250106-001,HUB-CMH,DRV-01001,VEH-0038,2025-01-06,59,0,completed
RTE-DET-20251215-001,HUB-DET,DRV-01022,VEH-0030,2025-12-15,49,0,completed
RTE-IND-20250514-001,HUB-IND,DRV-01188,VEH-0013,2025-05-14,23,0,completed
RTE-DET-20251008-001,HUB-DET,DRV-01022,VEH-0022,2025-10-08,42,0,completed
RTE-CHI-20250619-001,HUB-CHI,DRV-01012,VEH-0006,2025-06-19,37,0,completed
RTE-IND-20250815-001,HUB-IND,DRV-01045,VEH-0009,2025-08-15,30,0,completed
RTE-CHI-20251023-002,HUB-CHI,DRV-01011,VEH-0037,2025-10-23,28,0,completed
RTE-CMH-20251112-002,HUB-CMH,DRV-01016,VEH-0001,2025-11-12,29,3,completed
RTE-DET-20251124-001,HUB-DET,DRV-01014,VEH-0024,2025-11-24,38,2,completed
RTE-CMH-20250529-001,HUB-CMH,DRV-01016,VEH-0001,2025-05-29,34,0,completed
RTE-CIN-20250902-002,HUB-CIN,DRV-01026,VEH-0020,2025-09-02,56,2,partial
RTE-DET-20250729-002,HUB-DET,DRV-01004,VEH-0030,2025-07-29,52,0,completed
RTE-CIN-20250612-005,HUB-CIN,DRV-01003,VEH-0027,2025-06-12,53,2,completed
RTE-DET-20250429-001,HUB-DET,DRV-01022,VEH-0024,2025-04-29,31,0,completed
RTE-CIN-20251127-001,HUB-CIN,DRV-01029,VEH-0025,2025-11-27,51,0,completed
RTE-CIN-20250603-002,HUB-CIN,DRV-01041,VEH-0027,2025-06-03,61,0,completed
RTE-IND-20251202-001,HUB-IND,DRV-01188,VEH-0008,2025-12-02,33,6,partial
RTE-IND-20250510-001,HUB-IND,DRV-01045,VEH-0008,2025-05-10,45,0,completed
RTE-IND-20251017-001,HUB-IND,DRV-01031,VEH-0010,2025-10-17,48,0,completed
RTE-DET-20250902-002,HUB-DET,DRV-01021,VEH-0022,2025-09-02,46,0,completed
RTE-CHI-20250210-001,HUB-CHI,DRV-01012,VEH-0014,2025-02-10,50,0,completed
RTE-DET-20250709-002,HUB-DET,DRV-01004,VEH-0030,2025-07-09,23,0,completed
RTE-CIN-20251016-001,HUB-CIN,DRV-01027,VEH-0025,2025-10-16,41,0,completed
RTE-CIN-20251209-001,HUB-CIN,DRV-01019,VEH-0020,2025-12-09,64,5,partial
RTE-CMH-20250115-003,HUB-CMH,DRV-01016,VEH-0001,2025-01-15,38,6,partial
RTE-DET-20250428-001,HUB-DET,DRV-01021,VEH-0030,2025-04-28,41,0,completed
RTE-CMH-20250615-001,HUB-CMH,DRV-01036,VEH-0012,2025-06-15,35,0,completed
RTE-DET-20250306-001,HUB-DET,DRV-01004,VEH-0022,2025-03-06,30,0,completed
RTE-CMH-20250507-002,HUB-CMH,DRV-01043,VEH-0031,2025-05-07,39,0,completed
RTE-CHI-20250710-001,HUB-CHI,DRV-01020,VEH-0040,2025-07-10,38,0,completed
RTE-CIN-20251027-002,HUB-CIN,DRV-01002,VEH-0027,2025-10-27,43,0,completed
RTE-CIN-20250726-001,HUB-CIN,DRV-01027,VEH-0027,2025-07-26,49,0,completed
RTE-DET-20250616-001,HUB-DET,DRV-01037,VEH-0030,2025-06-16,27,0,completed
RTE-CHI-20250901-003,HUB-CHI,DRV-01047,VEH-0037,2025-09-01,33,2,completed
RTE-DET-20250921-001,HUB-DET,DRV-01022,VEH-0029,2025-09-21,19,0,completed
RTE-CIN-20251203-001,HUB-CIN,DRV-01027,VEH-0027,2025-12-03,38,0,completed
RTE-CMH-20250106-002,HUB-CMH,DRV-01039,VEH-0021,2025-01-06,35,0,completed
RTE-CMH-20251205-001,HUB-CMH,DRV-01028,VEH-0007,2025-12-05,56,0,completed
RTE-CMH-20251109-001,HUB-CMH,DRV-01039,VEH-0003,2025-11-09,19,0,completed
RTE-CHI-20251110-003,HUB-CHI,DRV-01011,VEH-0005,2025-11-10,43,0,completed
RTE-CIN-20250818-002,HUB-CIN,DRV-01008,VEH-0025,2025-08-18,36,0,completed
RTE-IND-20250109-001,HUB-IND,DRV-01033,VEH-0017,2025-01-09,23,0,completed
RTE-DET-20250806-006,HUB-DET,DRV-01004,VEH-0011,2025-08-06,47,0,completed
RTE-CIN-20250415-002,HUB-CIN,DRV-01029,VEH-0036,2025-04-15,64,0,completed
RTE-CHI-20250815-003,HUB-CHI,DRV-01017,VEH-0019,2025-08-15,53,3,partial
RTE-CIN-20250118-001,HUB-CIN,DRV-01023,VEH-0018,2025-01-18,49,0,completed
RTE-CHI-20250611-001,HUB-CHI,DRV-01048,VEH-0002,2025-06-11,41,0,completed
RTE-DET-20251117-001,HUB-DET,DRV-01014,VEH-0029,2025-11-17,51,5,canceled
RTE-CMH-20250118-001,HUB-CMH,DRV-01016,VEH-0003,2025-01-18,30,0,completed
RTE-CIN-20250729-001,HUB-CIN,DRV-01026,VEH-0026,2025-07-29,29,1,completed
RTE-DET-20250612-001,HUB-DET,DRV-01037,VEH-0022,2025-06-12,53,0,completed
RTE-CHI-20250115-002,HUB-CHI,DRV-01047,VEH-0019,2025-01-15,32,0,completed
RTE-CHI-20251013-001,HUB-CHI,DRV-01007,VEH-0014,2025-10-13,64,0,completed
RTE-CHI-20250807-001,HUB-CHI,DRV-01005,VEH-0019,2025-08-07,51,0,completed
RTE-CIN-20250728-001,HUB-CIN,DRV-01023,VEH-0032,2025-07-28,50,0,completed
RTE-CIN-20250806-002,HUB-CIN,DRV-01003,VEH-0026,2025-08-06,46,0,completed
RTE-DET-20251002-002,HUB-DET,DRV-01022,VEH-0024,2025-10-02,60,0,completed
RTE-DET-20250724-001,HUB-DET,DRV-01022,VEH-0024,2025-07-24,40,0,completed
RTE-CHI-20250818-001,HUB-CHI,DRV-01020,VEH-0014,2025-08-18,24,0,completed
RTE-DET-20250613-003,HUB-DET,DRV-01022,VEH-0022,2025-06-13,40,0,completed
RTE-CIN-20250618-001,HUB-CIN,DRV-01038,VEH-0027,2025-06-18,65,0,completed
RTE-CMH-20250203-001,HUB-CMH,DRV-01039,VEH-0038,2025-02-03,38,0,completed
RTE-IND-20250915-002,HUB-IND,DRV-01042,VEH-0023,2025-09-15,48,0,completed
RTE-CIN-20250124-001,HUB-CIN,DRV-01002,VEH-0020,2025-01-24,36,0,completed
RTE-IND-20250109-002,HUB-IND,DRV-01024,VEH-0010,2025-01-09,21,0,completed
RTE-CIN-20250605-002,HUB-CIN,DRV-01019,VEH-0018,2025-06-05,43,0,completed
RTE-CMH-20250925-001,HUB-CMH,DRV-01018,VEH-0003,2025-09-25,23,0,completed
RTE-DET-20250707-001,HUB-DET,DRV-01022,VEH-0011,2025-07-07,32,0,completed
RTE-IND-20250109-003,HUB-IND,DRV-01188,VEH-0017,2025-01-09,59,0,completed
RTE-CMH-20250122-002,HUB-CMH,DRV-01044,VEH-0021,2025-01-22,39,0,completed
RTE-CIN-20250118-002,HUB-CIN,DRV-01034,VEH-0020,2025-01-18,26,0,completed
RTE-CIN-20251020-001,HUB-CIN,DRV-01038,VEH-0018,2025-10-20,59,0,completed
RTE-IND-20251107-001,HUB-IND,DRV-01032,VEH-0010,2025-11-07,45,0,completed
RTE-CIN-20251223-002,HUB-CIN,DRV-01002,VEH-0032,2025-12-23,32,0,completed
RTE-CHI-20250721-001,HUB-CHI,DRV-01048,VEH-0006,2025-07-21,43,0,completed
RTE-CHI-20250313-002,HUB-CHI,DRV-01017,VEH-0019,2025-03-13,38,0,completed
RTE-DET-20250219-001,HUB-DET,DRV-01004,VEH-0030,2025-02-19,64,3,completed
RTE-CHI-20250601-001,HUB-CHI,DRV-01017,VEH-0014,2025-06-01,59,0,completed
RTE-DET-20251110-001,HUB-DET,DRV-01022,VEH-0022,2025-11-10,60,0,completed
RTE-CMH-20250121-001,HUB-CMH,DRV-01015,VEH-0028,2025-01-21,31,0,completed
RTE-CIN-20251230-001,HUB-CIN,DRV-01002,VEH-0025,2025-12-30,62,0,completed
RTE-CIN-20251009-001,HUB-CIN,DRV-01041,VEH-0026,2025-10-09,49,0,completed
RTE-CMH-20250611-002,HUB-CMH,DRV-01015,VEH-0001,2025-06-11,61,0,completed
RTE-DET-20250226-001,HUB-DET,DRV-01004,VEH-0030,2025-02-26,55,0,completed
RTE-CHI-20250818-002,HUB-CHI,DRV-01007,VEH-0040,2025-08-18,18,0,completed
RTE-DET-20250914-001,HUB-DET,DRV-01022,VEH-0030,2025-09-14,53,1,completed
RTE-CIN-20251117-001,HUB-CIN,DRV-01023,VEH-0026,2025-11-17,56,2,completed
RTE-IND-20250715-002,HUB-IND,DRV-01042,VEH-0010,2025-07-15,44,0,completed
RTE-IND-20250320-002,HUB-IND,DRV-01188,VEH-0009,2025-03-20,25,0,completed
RTE-CHI-20250225-001,HUB-CHI,DRV-01047,VEH-0037,2025-02-25,55,0,completed
RTE-CHI-20250722-004,HUB-CHI,DRV-01011,VEH-0019,2025-07-22,49,0,completed
RTE-CIN-20251124-001,HUB-CIN,DRV-01023,VEH-0026,2025-11-24,35,0,completed
RTE-CIN-20251016-002,HUB-CIN,DRV-01034,VEH-0036,2025-10-16,46,0,completed
RTE-CHI-20250429-001,HUB-CHI,DRV-01007,VEH-0019,2025-04-29,49,2,completed
RTE-CHI-20250523-001,HUB-CHI,DRV-01035,VEH-0004,2025-05-23,34,0,completed
RTE-IND-20250516-002,HUB-IND,DRV-01024,VEH-0010,2025-05-16,29,0,completed
RTE-IND-20250526-001,HUB-IND,DRV-01031,VEH-0016,2025-05-26,44,0,completed
RTE-IND-20250527-001,HUB-IND,DRV-01033,VEH-0008,2025-05-27,60,0,completed
RTE-CMH-20251021-001,HUB-CMH,DRV-01044,VEH-0012,2025-10-21,64,0,completed
RTE-CMH-20251013-001,HUB-CMH,DRV-01015,VEH-0038,2025-10-13,49,0,completed
RTE-CMH-20250311-001,HUB-CMH,DRV-01036,VEH-0012,2025-03-11,53,0,completed
RTE-CHI-20250720-001,HUB-CHI,DRV-01017,VEH-0005,2025-07-20,48,0,completed
RTE-DET-20250102-001,HUB-DET,DRV-01021,VEH-0011,2025-01-02,37,0,completed
RTE-CMH-20250519-002,HUB-CMH,DRV-01043,VEH-0007,2025-05-19,45,0,completed
RTE-IND-20250408-004,HUB-IND,DRV-01032,VEH-0010,2025-04-08,27,0,completed
RTE-DET-20250624-002,HUB-DET,DRV-01004,VEH-0030,2025-06-24,30,0,completed
RTE-CMH-20250809-001,HUB-CMH,DRV-01013,VEH-0038,2025-08-09,34,0,completed
RTE-IND-20251219-003,HUB-IND,DRV-01042,VEH-0008,2025-12-19,18,0,completed
RTE-IND-20250630-002,HUB-IND,DRV-01031,VEH-0023,2025-06-30,58,0,completed
RTE-DET-20250314-001,HUB-DET,DRV-01021,VEH-0011,2025-03-14,41,0,completed
RTE-CIN-20250521-002,HUB-CIN,DRV-01008,VEH-0032,2025-05-21,18,0,completed
RTE-CHI-20251113-001,HUB-CHI,DRV-01047,VEH-0004,2025-11-13,64,0,completed
RTE-DET-20250319-001,HUB-DET,DRV-01022,VEH-0022,2025-03-19,46,0,completed
RTE-DET-20250321-001,HUB-DET,DRV-01014,VEH-0029,2025-03-21,46,0,completed
RTE-DET-20250808-001,HUB-DET,DRV-01021,VEH-0029,2025-08-08,57,0,completed
RTE-CIN-20250917-001,HUB-CIN,DRV-01003,VEH-0027,2025-09-17,58,0,completed
RTE-CIN-20250717-002,HUB-CIN,DRV-01027,VEH-0032,2025-07-17,63,0,completed
RTE-CIN-20250319-002,HUB-CIN,DRV-01023,VEH-0025,2025-03-19,56,0,completed
RTE-CHI-20250207-001,HUB-CHI,DRV-01035,VEH-0040,2025-02-07,40,0,completed
RTE-CHI-20250911-002,HUB-CHI,DRV-01035,VEH-0037,2025-09-11,50,0,completed
RTE-CMH-20251106-002,HUB-CMH,DRV-01049,VEH-0028,2025-11-06,32,0,completed
RTE-DET-20250805-002,HUB-DET,DRV-01046,VEH-0030,2025-08-05,31,0,completed
RTE-CHI-20250117-002,HUB-CHI,DRV-01007,VEH-0037,2025-01-17,25,0,completed
RTE-CHI-20251231-002,HUB-CHI,DRV-01007,VEH-0040,2025-12-31,46,0,completed
RTE-CHI-20250624-001,HUB-CHI,DRV-01017,VEH-0002,2025-06-24,31,0,completed
RTE-CHI-20251001-002,HUB-CHI,DRV-01012,VEH-0006,2025-10-01,24,0,completed
RTE-CMH-20251207-002,HUB-CMH,DRV-01030,VEH-0001,2025-12-07,24,0,completed
RTE-CHI-20250106-001,HUB-CHI,DRV-01012,VEH-0037,2025-01-06,26,0,completed
RTE-CIN-20250303-001,HUB-CIN,DRV-01019,VEH-0027,2025-03-03,51,0,completed
RTE-IND-20251111-001,HUB-IND,DRV-01032,VEH-0008,2025-11-11,25,0,completed
RTE-CHI-20251209-003,HUB-CHI,DRV-01047,VEH-0004,2025-12-09,41,0,completed
RTE-CMH-20250514-001,HUB-CMH,DRV-01044,VEH-0028,2025-05-14,55,0,completed
RTE-CMH-20250807-001,HUB-CMH,DRV-01030,VEH-0031,2025-08-07,29,0,completed
RTE-IND-20250714-001,HUB-IND,DRV-01006,VEH-0010,2025-07-14,43,1,completed
RTE-CHI-20251201-001,HUB-CHI,DRV-01011,VEH-0014,2025-12-01,49,0,completed
RTE-CHI-20251106-002,HUB-CHI,DRV-01011,VEH-0019,2025-11-06,24,0,completed
RTE-CHI-20251009-001,HUB-CHI,DRV-01035,VEH-0004,2025-10-09,33,0,completed
RTE-CHI-20250801-001,HUB-CHI,DRV-01007,VEH-0002,2025-08-01,51,0,completed
RTE-CIN-20250903-002,HUB-CIN,DRV-01034,VEH-0026,2025-09-03,59,1,partial
RTE-CMH-20250926-002,HUB-CMH,DRV-01001,VEH-0033,2025-09-26,59,0,completed
RTE-CIN-20250805-001,HUB-CIN,DRV-01026,VEH-0026,2025-08-05,41,3,completed
RTE-CMH-20251010-001,HUB-CMH,DRV-01043,VEH-0031,2025-10-10,53,0,completed
RTE-CHI-20251211-002,HUB-CHI,DRV-01007,VEH-0014,2025-12-11,20,0,completed
RTE-CMH-20250411-001,HUB-CMH,DRV-01030,VEH-0033,2025-04-11,23,0,completed
RTE-CIN-20250410-001,HUB-CIN,DRV-01002,VEH-0027,2025-04-10,27,1,completed
RTE-CMH-20250723-002,HUB-CMH,DRV-01028,VEH-0001,2025-07-23,58,0,completed
RTE-DET-20251130-002,HUB-DET,DRV-01021,VEH-0030,2025-11-30,38,0,completed
RTE-CIN-20250818-003,HUB-CIN,DRV-01029,VEH-0032,2025-08-18,52,0,completed
RTE-CHI-20251112-001,HUB-CHI,DRV-01007,VEH-0006,2025-11-12,28,0,completed
RTE-CMH-20250930-001,HUB-CMH,DRV-01049,VEH-0028,2025-09-30,29,0,completed
RTE-CHI-20250417-001,HUB-CHI,DRV-01011,VEH-0040,2025-04-17,60,0,completed
RTE-IND-20250617-002,HUB-IND,DRV-01006,VEH-0008,2025-06-17,36,0,completed
RTE-IND-20251217-003,HUB-IND,DRV-01188,VEH-0023,2025-12-17,41,6,partial
RTE-DET-20251002-003,HUB-DET,DRV-01021,VEH-0024,2025-10-02,56,0,completed
RTE-CMH-20251007-001,HUB-CMH,DRV-01001,VEH-0033,2025-10-07,58,0,completed
RTE-CHI-20251021-002,HUB-CHI,DRV-01017,VEH-0037,2025-10-21,31,0,completed
RTE-CIN-20251103-002,HUB-CIN,DRV-01019,VEH-0026,2025-11-03,40,0,completed
RTE-CMH-20251128-002,HUB-CMH,DRV-01015,VEH-0028,2025-11-28,52,4,partial
RTE-DET-20250107-002,HUB-DET,DRV-01046,VEH-0029,2025-01-07,20,0,completed
RTE-CHI-20250128-001,HUB-CHI,DRV-01007,VEH-0040,2025-01-28,27,1,partial
RTE-CIN-20250705-001,HUB-CIN,DRV-01002,VEH-0025,2025-07-05,30,0,completed
RTE-IND-20250226-002,HUB-IND,DRV-01045,VEH-0016,2025-02-26,44,1,completed
RTE-DET-20250609-001,HUB-DET,DRV-01004,VEH-0011,2025-06-09,57,0,completed
RTE-IND-20250417-001,HUB-IND,DRV-01031,VEH-0008,2025-04-17,45,0,completed
RTE-DET-20250331-002,HUB-DET,DRV-01004,VEH-0030,2025-03-31,31,2,partial
RTE-DET-20250308-001,HUB-DET,DRV-01014,VEH-0022,2025-03-08,25,0,completed
RTE-CMH-20250530-001,HUB-CMH,DRV-01049,VEH-0038,2025-05-30,27,0,completed
RTE-DET-20250213-001,HUB-DET,DRV-01004,VEH-0030,2025-02-13,55,4,canceled
RTE-CMH-20250509-002,HUB-CMH,DRV-01016,VEH-0003,2025-05-09,56,0,completed
RTE-IND-20251021-003,HUB-IND,DRV-01006,VEH-0016,2025-10-21,22,0,completed
RTE-CMH-20251230-002,HUB-CMH,DRV-01001,VEH-0028,2025-12-30,44,0,completed
RTE-IND-20250430-001,HUB-IND,DRV-01031,VEH-0023,2025-04-30,44,0,completed
RTE-DET-20250214-001,HUB-DET,DRV-01022,VEH-0022,2025-02-14,41,1,completed
RTE-CHI-20250115-003,HUB-CHI,DRV-01011,VEH-0037,2025-01-15,48,0,completed
RTE-DET-20250128-003,HUB-DET,DRV-01022,VEH-0024,2025-01-28,65,0,completed
RTE-IND-20250328-003,HUB-IND,DRV-01031,VEH-0009,2025-03-28,41,0,completed
RTE-DET-20250814-002,HUB-DET,DRV-01021,VEH-0011,2025-08-14,60,0,completed
RTE-IND-20250123-002,HUB-IND,DRV-01188,VEH-0008,2025-01-23,49,0,completed
RTE-CHI-20250319-001,HUB-CHI,DRV-01047,VEH-0040,2025-03-19,62,0,completed
RTE-IND-20250304-001,HUB-IND,DRV-01188,VEH-0016,2025-03-04,57,0,completed
RTE-CIN-20250926-001,HUB-CIN,DRV-01041,VEH-0018,2025-09-26,43,0,completed
RTE-CMH-20251011-001,HUB-CMH,DRV-01028,VEH-0003,2025-10-11,38,0,completed
RTE-CMH-20250228-001,HUB-CMH,DRV-01009,VEH-0021,2025-02-28,28,0,completed
RTE-CIN-20251226-001,HUB-CIN,DRV-01023,VEH-0025,2025-12-26,37,0,completed
RTE-CHI-20250814-002,HUB-CHI,DRV-01007,VEH-0006,2025-08-14,46,3,completed
RTE-CMH-20250516-001,HUB-CMH,DRV-01036,VEH-0001,2025-05-16,61,0,completed
RTE-CMH-20250612-001,HUB-CMH,DRV-01030,VEH-0028,2025-06-12,48,0,completed
RTE-CHI-20250103-001,HUB-CHI,DRV-01017,VEH-0002,2025-01-03,25,0,completed
RTE-DET-20250216-001,HUB-DET,DRV-01004,VEH-0029,2025-02-16,19,0,completed
RTE-CMH-20250416-002,HUB-CMH,DRV-01009,VEH-0003,2025-04-16,61,0,completed
RTE-CMH-20250925-002,HUB-CMH,DRV-01028,VEH-0007,2025-09-25,19,0,completed
RTE-DET-20250612-002,HUB-DET,DRV-01037,VEH-0029,2025-06-12,40,0,completed
RTE-IND-20250805-002,HUB-IND,DRV-01006,VEH-0008,2025-08-05,22,0,completed
RTE-IND-20251207-001,HUB-IND,DRV-01033,VEH-0023,2025-12-07,26,0,completed
RTE-DET-20250130-001,HUB-DET,DRV-01037,VEH-0022,2025-01-30,36,4,partial
RTE-IND-20250416-002,HUB-IND,DRV-01031,VEH-0010,2025-04-16,60,0,completed
RTE-CMH-20250205-001,HUB-CMH,DRV-01015,VEH-0033,2025-02-05,38,0,completed
RTE-DET-20251204-001,HUB-DET,DRV-01022,VEH-0022,2025-12-04,35,0,completed
RTE-CMH-20250428-001,HUB-CMH,DRV-01039,VEH-0031,2025-04-28,36,0,completed
RTE-CMH-20250207-002,HUB-CMH,DRV-01018,VEH-0038,2025-02-07,34,0,completed
RTE-CIN-20250425-002,HUB-CIN,DRV-01034,VEH-0036,2025-04-25,40,3,completed
RTE-CHI-20250318-001,HUB-CHI,DRV-01017,VEH-0037,2025-03-18,43,0,completed
RTE-DET-20250203-001,HUB-DET,DRV-01021,VEH-0029,2025-02-03,34,0,completed
RTE-CMH-20250430-001,HUB-CMH,DRV-01018,VEH-0021,2025-04-30,55,0,completed
RTE-CMH-20250528-001,HUB-CMH,DRV-01009,VEH-0012,2025-05-28,48,0,completed
RTE-CMH-20251201-001,HUB-CMH,DRV-01049,VEH-0012,2025-12-01,59,0,completed
RTE-DET-20251125-001,HUB-DET,DRV-01046,VEH-0022,2025-11-25,58,6,partial
RTE-CIN-20250912-001,HUB-CIN,DRV-01034,VEH-0036,2025-09-12,61,2,completed
RTE-IND-20251023-002,HUB-IND,DRV-01188,VEH-0017,2025-10-23,42,3,partial
RTE-IND-20250108-001,HUB-IND,DRV-01024,VEH-0017,2025-01-08,61,0,completed
RTE-IND-20250523-002,HUB-IND,DRV-01188,VEH-0010,2025-05-23,49,0,completed
RTE-IND-20250517-001,HUB-IND,DRV-01188,VEH-0009,2025-05-17,45,0,completed
RTE-CMH-20250902-002,HUB-CMH,DRV-01009,VEH-0031,2025-09-02,50,0,completed
RTE-IND-20250321-003,HUB-IND,DRV-01032,VEH-0008,2025-03-21,60,0,completed
RTE-DET-20251226-001,HUB-DET,DRV-01021,VEH-0011,2025-12-26,34,0,completed
RTE-CHI-20251016-001,HUB-CHI,DRV-01047,VEH-0002,2025-10-16,23,0,completed
RTE-DET-20251021-002,HUB-DET,DRV-01021,VEH-0011,2025-10-21,65,0,completed
RTE-CIN-20250328-002,HUB-CIN,DRV-01002,VEH-0025,2025-03-28,64,0,completed
RTE-CMH-20250701-001,HUB-CMH,DRV-01036,VEH-0028,2025-07-01,48,0,completed
RTE-CIN-20250320-001,HUB-CIN,DRV-01003,VEH-0027,2025-03-20,35,0,completed
RTE-DET-20250320-002,HUB-DET,DRV-01022,VEH-0030,2025-03-20,21,0,completed
RTE-CIN-20250416-001,HUB-CIN,DRV-01034,VEH-0032,2025-04-16,29,0,completed
RTE-CMH-20250807-002,HUB-CMH,DRV-01009,VEH-0028,2025-08-07,35,3,partial
RTE-DET-20251122-002,HUB-DET,DRV-01014,VEH-0029,2025-11-22,50,0,completed
RTE-CMH-20251110-001,HUB-CMH,DRV-01030,VEH-0038,2025-11-10,65,0,completed
RTE-DET-20250128-004,HUB-DET,DRV-01037,VEH-0022,2025-01-28,23,0,completed
RTE-CMH-20250318-001,HUB-CMH,DRV-01028,VEH-0028,2025-03-18,56,0,completed
RTE-CHI-20250324-002,HUB-CHI,DRV-01012,VEH-0004,2025-03-24,29,0,completed
RTE-CMH-20250627-004,HUB-CMH,DRV-01044,VEH-0012,2025-06-27,51,0,completed
RTE-CMH-20250808-002,HUB-CMH,DRV-01018,VEH-0007,2025-08-08,62,0,completed
RTE-IND-20250301-001,HUB-IND,DRV-01024,VEH-0009,2025-03-01,35,0,completed
RTE-DET-20250912-002,HUB-DET,DRV-01014,VEH-0022,2025-09-12,30,0,completed
RTE-CHI-20250909-001,HUB-CHI,DRV-01047,VEH-0014,2025-09-09,29,0,completed
RTE-IND-20250221-002,HUB-IND,DRV-01031,VEH-0008,2025-02-21,56,1,completed
RTE-IND-20250503-001,HUB-IND,DRV-01024,VEH-0010,2025-05-03,59,0,completed
RTE-CIN-20250203-001,HUB-CIN,DRV-01041,VEH-0027,2025-02-03,36,1,partial
RTE-CHI-20250618-001,HUB-CHI,DRV-01005,VEH-0019,2025-06-18,40,0,completed
RTE-CIN-20251217-001,HUB-CIN,DRV-01027,VEH-0026,2025-12-17,56,0,completed
RTE-IND-20250722-003,HUB-IND,DRV-01031,VEH-0013,2025-07-22,31,0,completed
RTE-CIN-20250424-001,HUB-CIN,DRV-01041,VEH-0032,2025-04-24,24,0,completed
RTE-CMH-20251215-001,HUB-CMH,DRV-01010,VEH-0007,2025-12-15,23,1,completed
RTE-CHI-20251202-002,HUB-CHI,DRV-01005,VEH-0004,2025-12-02,19,0,completed
RTE-IND-20250407-001,HUB-IND,DRV-01006,VEH-0009,2025-04-07,34,0,completed
RTE-IND-20251023-003,HUB-IND,DRV-01033,VEH-0017,2025-10-23,64,0,completed
RTE-CHI-20250306-001,HUB-CHI,DRV-01012,VEH-0005,2025-03-06,20,0,completed
RTE-CIN-20250508-001,HUB-CIN,DRV-01025,VEH-0032,2025-05-08,48,3,completed
RTE-CIN-20250417-002,HUB-CIN,DRV-01003,VEH-0020,2025-04-17,48,3,partial
RTE-DET-20251015-001,HUB-DET,DRV-01037,VEH-0022,2025-10-15,48,0,completed
RTE-CHI-20250305-001,HUB-CHI,DRV-01007,VEH-0037,2025-03-05,65,0,completed
RTE-DET-20250313-001,HUB-DET,DRV-01046,VEH-0011,2025-03-13,51,3,completed
RTE-IND-20250204-002,HUB-IND,DRV-01024,VEH-0016,2025-02-04,32,4,partial
RTE-IND-20250604-001,HUB-IND,DRV-01032,VEH-0016,2025-06-04,18,0,completed
RTE-CIN-20250429-003,HUB-CIN,DRV-01003,VEH-0018,2025-04-29,32,0,completed
RTE-CIN-20250509-001,HUB-CIN,DRV-01023,VEH-0026,2025-05-09,28,0,completed
RTE-IND-20250707-001,HUB-IND,DRV-01033,VEH-0008,2025-07-07,46,0,completed
RTE-CMH-20250108-001,HUB-CMH,DRV-01016,VEH-0012,2025-01-08,40,0,completed
RTE-CIN-20250917-002,HUB-CIN,DRV-01008,VEH-0036,2025-09-17,31,0,completed
RTE-CMH-20251010-002,HUB-CMH,DRV-01039,VEH-0003,2025-10-10,50,3,partial
RTE-CHI-20251017-002,HUB-CHI,DRV-01048,VEH-0019,2025-10-17,21,0,completed
RTE-CIN-20250311-001,HUB-CIN,DRV-01023,VEH-0026,2025-03-11,48,0,completed
RTE-IND-20251011-001,HUB-IND,DRV-01188,VEH-0017,2025-10-11,40,0,completed
RTE-IND-20250205-002,HUB-IND,DRV-01045,VEH-0023,2025-02-05,36,2,completed
RTE-DET-20250109-001,HUB-DET,DRV-01022,VEH-0029,2025-01-09,61,0,completed
RTE-CHI-20250420-001,HUB-CHI,DRV-01007,VEH-0004,2025-04-20,54,0,completed
RTE-DET-20250205-001,HUB-DET,DRV-01046,VEH-0011,2025-02-05,24,0,completed
RTE-IND-20251030-002,HUB-IND,DRV-01042,VEH-0017,2025-10-30,32,1,completed
RTE-CHI-20250228-001,HUB-CHI,DRV-01017,VEH-0002,2025-02-28,32,0,completed
RTE-CMH-20250827-002,HUB-CMH,DRV-01043,VEH-0012,2025-08-27,49,0,completed
RTE-CMH-20250801-003,HUB-CMH,DRV-01043,VEH-0038,2025-08-01,55,0,completed
RTE-CMH-20250127-002,HUB-CMH,DRV-01015,VEH-0028,2025-01-27,51,4,partial
RTE-DET-20250219-002,HUB-DET,DRV-01014,VEH-0024,2025-02-19,46,0,completed
RTE-CHI-20250602-001,HUB-CHI,DRV-01017,VEH-0037,2025-06-02,53,0,completed
RTE-CHI-20250902-002,HUB-CHI,DRV-01011,VEH-0019,2025-09-02,38,2,partial
RTE-CIN-20250310-001,HUB-CIN,DRV-01038,VEH-0027,2025-03-10,19,0,completed
RTE-DET-20250423-002,HUB-DET,DRV-01022,VEH-0030,2025-04-23,58,0,completed
RTE-DET-20250113-001,HUB-DET,DRV-01014,VEH-0011,2025-01-13,57,0,completed
RTE-CIN-20251008-002,HUB-CIN,DRV-01002,VEH-0036,2025-10-08,32,0,completed
RTE-IND-20251226-001,HUB-IND,DRV-01006,VEH-0016,2025-12-26,24,0,completed
RTE-CIN-20250801-001,HUB-CIN,DRV-01041,VEH-0025,2025-08-01,35,0,completed
RTE-DET-20250617-001,HUB-DET,DRV-01046,VEH-0030,2025-06-17,23,0,completed
RTE-IND-20250611-002,HUB-IND,DRV-01006,VEH-0017,2025-06-11,41,0,completed
RTE-IND-20250709-001,HUB-IND,DRV-01045,VEH-0013,2025-07-09,35,1,completed
RTE-DET-20250721-001,HUB-DET,DRV-01021,VEH-0030,2025-07-21,65,0,completed
RTE-CMH-20250505-001,HUB-CMH,DRV-01049,VEH-0001,2025-05-05,22,0,completed
RTE-CMH-20250512-001,HUB-CMH,DRV-01015,VEH-0001,2025-05-12,40,0,completed
RTE-CMH-20251003-001,HUB-CMH,DRV-01018,VEH-0033,2025-10-03,19,0,completed
RTE-IND-20250511-001,HUB-IND,DRV-01045,VEH-0010,2025-05-11,37,0,completed
RTE-CMH-20250103-002,HUB-CMH,DRV-01001,VEH-0001,2025-01-03,36,3,partial
RTE-IND-20250511-002,HUB-IND,DRV-01188,VEH-0013,2025-05-11,51,0,completed
RTE-CIN-20250601-001,HUB-CIN,DRV-01027,VEH-0025,2025-06-01,28,0,completed
RTE-IND-20250110-001,HUB-IND,DRV-01031,VEH-0023,2025-01-10,36,0,completed
RTE-IND-20250310-002,HUB-IND,DRV-01188,VEH-0013,2025-03-10,21,1,completed
RTE-DET-20251223-002,HUB-DET,DRV-01037,VEH-0024,2025-12-23,65,5,partial
RTE-CMH-20251208-001,HUB-CMH,DRV-01043,VEH-0031,2025-12-08,40,6,partial
RTE-CMH-20251013-002,HUB-CMH,DRV-01016,VEH-0028,2025-10-13,56,1,completed
RTE-DET-20250206-001,HUB-DET,DRV-01021,VEH-0011,2025-02-06,58,0,completed
RTE-DET-20250521-001,HUB-DET,DRV-01022,VEH-0029,2025-05-21,30,0,completed
RTE-CMH-20250221-001,HUB-CMH,DRV-01040,VEH-0012,2025-02-21,28,0,completed
RTE-CIN-20250304-004,HUB-CIN,DRV-01027,VEH-0026,2025-03-04,48,2,completed
RTE-IND-20250919-002,HUB-IND,DRV-01033,VEH-0010,2025-09-19,42,0,completed
RTE-CIN-20251126-001,HUB-CIN,DRV-01034,VEH-0036,2025-11-26,29,3,completed
RTE-CMH-20250204-003,HUB-CMH,DRV-01044,VEH-0012,2025-02-04,46,0,completed
RTE-IND-20250520-001,HUB-IND,DRV-01188,VEH-0017,2025-05-20,56,0,completed
RTE-DET-20250322-001,HUB-DET,DRV-01046,VEH-0024,2025-03-22,54,2,partial
RTE-CIN-20250603-003,HUB-CIN,DRV-01034,VEH-0025,2025-06-03,19,0,completed
RTE-IND-20251022-004,HUB-IND,DRV-01045,VEH-0010,2025-10-22,52,0,completed
RTE-CHI-20251024-004,HUB-CHI,DRV-01017,VEH-0040,2025-10-24,53,2,partial
RTE-DET-20250902-003,HUB-DET,DRV-01046,VEH-0029,2025-09-02,44,0,completed
RTE-DET-20251020-001,HUB-DET,DRV-01014,VEH-0029,2025-10-20,51,1,completed
RTE-IND-20250317-002,HUB-IND,DRV-01024,VEH-0016,2025-03-17,24,0,completed
RTE-CMH-20250821-002,HUB-CMH,DRV-01018,VEH-0007,2025-08-21,52,0,completed
RTE-DET-20250606-002,HUB-DET,DRV-01022,VEH-0029,2025-06-06,45,0,completed
RTE-CMH-20250724-001,HUB-CMH,DRV-01040,VEH-0003,2025-07-24,55,0,completed
RTE-IND-20250408-005,HUB-IND,DRV-01031,VEH-0013,2025-04-08,34,0,completed
RTE-CIN-20251023-002,HUB-CIN,DRV-01019,VEH-0018,2025-10-23,46,0,completed
RTE-DET-20251024-003,HUB-DET,DRV-01004,VEH-0030,2025-10-24,40,0,completed
RTE-IND-20250818-001,HUB-IND,DRV-01024,VEH-0008,2025-08-18,58,0,completed
RTE-DET-20251201-001,HUB-DET,DRV-01046,VEH-0022,2025-12-01,64,0,completed
RTE-DET-20251210-001,HUB-DET,DRV-01022,VEH-0011,2025-12-10,60,3,partial
RTE-DET-20250902-004,HUB-DET,DRV-01004,VEH-0024,2025-09-02,20,0,completed
RTE-DET-20250819-002,HUB-DET,DRV-01004,VEH-0022,2025-08-19,41,0,completed
RTE-CMH-20250110-002,HUB-CMH,DRV-01016,VEH-0028,2025-01-10,36,3,completed
RTE-CIN-20251114-002,HUB-CIN,DRV-01029,VEH-0025,2025-11-14,47,0,completed
RTE-CHI-20251119-001,HUB-CHI,DRV-01047,VEH-0014,2025-11-19,35,0,completed
RTE-IND-20251009-001,HUB-IND,DRV-01042,VEH-0010,2025-10-09,64,0,completed
RTE-DET-20251209-001,HUB-DET,DRV-01022,VEH-0029,2025-12-09,31,3,partial
RTE-CMH-20250620-003,HUB-CMH,DRV-01036,VEH-0028,2025-06-20,31,0,completed
RTE-DET-20251218-002,HUB-DET,DRV-01014,VEH-0029,2025-12-18,64,0,completed
RTE-CHI-20251223-002,HUB-CHI,DRV-01047,VEH-0037,2025-12-23,54,0,completed
RTE-CIN-20250917-003,HUB-CIN,DRV-01027,VEH-0018,2025-09-17,63,0,completed
RTE-CHI-20250520-002,HUB-CHI,DRV-01035,VEH-0037,2025-05-20,19,0,completed
RTE-CIN-20250805-002,HUB-CIN,DRV-01029,VEH-0018,2025-08-05,58,0,completed
RTE-DET-20250826-002,HUB-DET,DRV-01046,VEH-0024,2025-08-26,34,0,completed
RTE-CIN-20251125-002,HUB-CIN,DRV-01023,VEH-0020,2025-11-25,62,0,completed
RTE-DET-20250129-001,HUB-DET,DRV-01037,VEH-0029,2025-01-29,24,0,completed
RTE-DET-20250425-001,HUB-DET,DRV-01022,VEH-0029,2025-04-25,61,0,completed
RTE-IND-20250313-002,HUB-IND,DRV-01188,VEH-0008,2025-03-13,44,0,completed
RTE-CMH-20251016-001,HUB-CMH,DRV-01036,VEH-0003,2025-10-16,42,0,completed
RTE-DET-20251215-002,HUB-DET,DRV-01037,VEH-0024,2025-12-15,19,0,completed
RTE-DET-20251218-003,HUB-DET,DRV-01014,VEH-0024,2025-12-18,56,1,completed
RTE-CMH-20251107-002,HUB-CMH,DRV-01016,VEH-0031,2025-11-07,57,0,completed
RTE-CHI-20250918-001,HUB-CHI,DRV-01012,VEH-0002,2025-09-18,48,0,completed
RTE-CHI-20250411-002,HUB-CHI,DRV-01017,VEH-0002,2025-04-11,27,0,completed
RTE-IND-20250903-002,HUB-IND,DRV-01032,VEH-0009,2025-09-03,45,0,completed
RTE-IND-20250331-003,HUB-IND,DRV-01033,VEH-0008,2025-03-31,53,3,completed
RTE-IND-20251023-004,HUB-IND,DRV-01024,VEH-0008,2025-10-23,59,0,completed
RTE-IND-20251021-004,HUB-IND,DRV-01045,VEH-0010,2025-10-21,20,0,completed
RTE-CIN-20250224-001,HUB-CIN,DRV-01008,VEH-0027,2025-02-24,47,0,completed
RTE-IND-20250218-002,HUB-IND,DRV-01045,VEH-0010,2025-02-18,55,0,completed
RTE-CHI-20250212-003,HUB-CHI,DRV-01005,VEH-0006,2025-02-12,32,0,completed
RTE-IND-20250131-001,HUB-IND,DRV-01045,VEH-0013,2025-01-31,61,0,completed
RTE-IND-20251024-002,HUB-IND,DRV-01031,VEH-0009,2025-10-24,54,0,completed
RTE-CHI-20250529-004,HUB-CHI,DRV-01048,VEH-0006,2025-05-29,64,0,completed
RTE-IND-20251213-001,HUB-IND,DRV-01031,VEH-0016,2025-12-13,50,2,completed
RTE-CHI-20250903-001,HUB-CHI,DRV-01017,VEH-0019,2025-09-03,21,0,completed
RTE-CHI-20250105-001,HUB-CHI,DRV-01047,VEH-0040,2025-01-05,26,0,completed
RTE-DET-20250210-002,HUB-DET,DRV-01037,VEH-0022,2025-02-10,22,0,completed
RTE-CMH-20250703-001,HUB-CMH,DRV-01044,VEH-0028,2025-07-03,40,0,completed
RTE-DET-20250806-007,HUB-DET,DRV-01037,VEH-0030,2025-08-06,27,0,completed
RTE-IND-20251202-002,HUB-IND,DRV-01032,VEH-0017,2025-12-02,47,5,partial
RTE-DET-20251229-002,HUB-DET,DRV-01037,VEH-0022,2025-12-29,64,0,completed
RTE-CMH-20250518-001,HUB-CMH,DRV-01043,VEH-0007,2025-05-18,51,0,completed
RTE-CHI-20250815-004,HUB-CHI,DRV-01048,VEH-0040,2025-08-15,48,0,completed
RTE-DET-20251003-002,HUB-DET,DRV-01037,VEH-0011,2025-10-03,21,0,completed
RTE-DET-20250815-002,HUB-DET,DRV-01046,VEH-0022,2025-08-15,56,0,completed
RTE-DET-20251114-001,HUB-DET,DRV-01021,VEH-0022,2025-11-14,65,6,partial
RTE-CMH-20250423-001,HUB-CMH,DRV-01039,VEH-0038,2025-04-23,21,0,completed
RTE-CMH-20250527-002,HUB-CMH,DRV-01015,VEH-0003,2025-05-27,63,0,completed
RTE-CIN-20250824-001,HUB-CIN,DRV-01003,VEH-0020,2025-08-24,56,0,completed
RTE-CHI-20251219-003,HUB-CHI,DRV-01047,VEH-0002,2025-12-19,29,0,completed
RTE-CIN-20250813-002,HUB-CIN,DRV-01003,VEH-0025,2025-08-13,57,0,completed
RTE-IND-20250703-001,HUB-IND,DRV-01006,VEH-0008,2025-07-03,55,0,completed
RTE-CMH-20250418-001,HUB-CMH,DRV-01039,VEH-0003,2025-04-18,19,0,completed
RTE-DET-20250709-003,HUB-DET,DRV-01022,VEH-0022,2025-07-09,23,0,completed
RTE-CMH-20250902-003,HUB-CMH,DRV-01040,VEH-0001,2025-09-02,64,0,completed
RTE-DET-20250203-002,HUB-DET,DRV-01021,VEH-0030,2025-02-03,30,4,partial
RTE-DET-20250115-002,HUB-DET,DRV-01014,VEH-0011,2025-01-15,29,0,completed
RTE-DET-20251228-002,HUB-DET,DRV-01014,VEH-0029,2025-12-28,31,5,partial
RTE-CMH-20251121-001,HUB-CMH,DRV-01009,VEH-0001,2025-11-21,24,0,completed
RTE-CIN-20250529-001,HUB-CIN,DRV-01008,VEH-0026,2025-05-29,28,3,partial
RTE-CHI-20250322-001,HUB-CHI,DRV-01017,VEH-0002,2025-03-22,18,0,completed
RTE-CIN-20250417-003,HUB-CIN,DRV-01026,VEH-0025,2025-04-17,35,0,completed
RTE-DET-20251031-001,HUB-DET,DRV-01022,VEH-0011,2025-10-31,28,0,completed
RTE-CMH-20250610-001,HUB-CMH,DRV-01015,VEH-0012,2025-06-10,39,0,completed
RTE-IND-20250122-002,HUB-IND,DRV-01188,VEH-0008,2025-01-22,22,0,completed
RTE-CMH-20251231-002,HUB-CMH,DRV-01043,VEH-0001,2025-12-31,37,0,completed
RTE-IND-20250212-001,HUB-IND,DRV-01032,VEH-0008,2025-02-12,63,3,partial
RTE-DET-20251118-002,HUB-DET,DRV-01004,VEH-0022,2025-11-18,48,0,completed
RTE-IND-20250408-006,HUB-IND,DRV-01188,VEH-0013,2025-04-08,56,0,completed
RTE-IND-20250126-001,HUB-IND,DRV-01042,VEH-0013,2025-01-26,27,3,completed
RTE-CHI-20250520-003,HUB-CHI,DRV-01011,VEH-0014,2025-05-20,43,0,completed
RTE-DET-20250130-002,HUB-DET,DRV-01037,VEH-0024,2025-01-30,60,0,completed
RTE-DET-20250226-002,HUB-DET,DRV-01021,VEH-0024,2025-02-26,24,0,completed
RTE-CMH-20251013-003,HUB-CMH,DRV-01018,VEH-0001,2025-10-13,41,0,completed
RTE-CIN-20250111-001,HUB-CIN,DRV-01027,VEH-0032,2025-01-11,39,0,completed
RTE-CMH-20250908-001,HUB-CMH,DRV-01030,VEH-0007,2025-09-08,43,0,completed
RTE-DET-20251008-002,HUB-DET,DRV-01021,VEH-0011,2025-10-08,34,0,completed
RTE-CMH-20250529-002,HUB-CMH,DRV-01049,VEH-0021,2025-05-29,35,0,completed
RTE-IND-20251116-001,HUB-IND,DRV-01031,VEH-0017,2025-11-16,43,0,completed
RTE-CMH-20251119-001,HUB-CMH,DRV-01030,VEH-0038,2025-11-19,21,0,completed
RTE-CMH-20250123-002,HUB-CMH,DRV-01016,VEH-0003,2025-01-23,32,0,completed
RTE-DET-20250401-002,HUB-DET,DRV-01037,VEH-0024,2025-04-01,57,0,completed
RTE-CIN-20250730-002,HUB-CIN,DRV-01038,VEH-0027,2025-07-30,25,0,completed
RTE-DET-20250103-002,HUB-DET,DRV-01022,VEH-0030,2025-01-03,23,0,completed
RTE-CMH-20250106-003,HUB-CMH,DRV-01018,VEH-0038,2025-01-06,22,0,completed
RTE-DET-20250423-003,HUB-DET,DRV-01021,VEH-0030,2025-04-23,48,0,completed
RTE-DET-20251130-003,HUB-DET,DRV-01022,VEH-0011,2025-11-30,61,3,completed
RTE-IND-20250824-001,HUB-IND,DRV-01006,VEH-0008,2025-08-24,49,0,completed
RTE-DET-20250211-002,HUB-DET,DRV-01021,VEH-0011,2025-02-11,63,0,completed
RTE-DET-20250818-002,HUB-DET,DRV-01037,VEH-0024,2025-08-18,29,0,completed
RTE-IND-20250708-003,HUB-IND,DRV-01188,VEH-0013,2025-07-08,24,0,completed
RTE-DET-20250808-002,HUB-DET,DRV-01022,VEH-0011,2025-08-08,45,0,completed
RTE-CHI-20251106-003,HUB-CHI,DRV-01011,VEH-0006,2025-11-06,37,0,completed
RTE-CIN-20250106-001,HUB-CIN,DRV-01008,VEH-0018,2025-01-06,41,2,partial
RTE-CHI-20250424-004,HUB-CHI,DRV-01035,VEH-0040,2025-04-24,35,0,completed
RTE-CIN-20250128-001,HUB-CIN,DRV-01038,VEH-0027,2025-01-28,24,1,completed
RTE-IND-20251027-003,HUB-IND,DRV-01033,VEH-0017,2025-10-27,47,0,completed
RTE-CIN-20251001-001,HUB-CIN,DRV-01002,VEH-0018,2025-10-01,29,0,completed
RTE-IND-20250326-002,HUB-IND,DRV-01045,VEH-0023,2025-03-26,26,1,completed
RTE-CIN-20250108-003,HUB-CIN,DRV-01029,VEH-0018,2025-01-08,27,0,completed
RTE-CMH-20251203-002,HUB-CMH,DRV-01043,VEH-0003,2025-12-03,43,0,completed
RTE-CMH-20250328-001,HUB-CMH,DRV-01040,VEH-0031,2025-03-28,63,0,completed
RTE-IND-20250710-001,HUB-IND,DRV-01042,VEH-0016,2025-07-10,24,0,completed
RTE-DET-20250713-002,HUB-DET,DRV-01046,VEH-0029,2025-07-13,27,0,completed
RTE-IND-20250727-002,HUB-IND,DRV-01045,VEH-0023,2025-07-27,65,0,completed
RTE-CHI-20250128-002,HUB-CHI,DRV-01020,VEH-0006,2025-01-28,42,0,completed
RTE-CHI-20250407-003,HUB-CHI,DRV-01005,VEH-0005,2025-04-07,29,0,completed
RTE-IND-20250522-002,HUB-IND,DRV-01006,VEH-0023,2025-05-22,53,0,completed
RTE-CIN-20250813-003,HUB-CIN,DRV-01027,VEH-0036,2025-08-13,31,0,completed
RTE-DET-20251129-001,HUB-DET,DRV-01004,VEH-0030,2025-11-29,30,0,completed
RTE-CMH-20250528-002,HUB-CMH,DRV-01043,VEH-0001,2025-05-28,21,0,completed
RTE-DET-20250812-002,HUB-DET,DRV-01021,VEH-0030,2025-08-12,36,0,completed
RTE-CIN-20250504-001,HUB-CIN,DRV-01019,VEH-0018,2025-05-04,18,0,completed
RTE-DET-20250610-002,HUB-DET,DRV-01004,VEH-0030,2025-06-10,56,0,completed
RTE-DET-20251118-003,HUB-DET,DRV-01004,VEH-0029,2025-11-18,35,0,completed
RTE-CHI-20251216-001,HUB-CHI,DRV-01047,VEH-0019,2025-12-16,57,0,completed
RTE-IND-20250526-002,HUB-IND,DRV-01188,VEH-0016,2025-05-26,21,0,completed
RTE-CIN-20250611-001,HUB-CIN,DRV-01019,VEH-0018,2025-06-11,34,0,completed
RTE-DET-20250306-002,HUB-DET,DRV-01046,VEH-0030,2025-03-06,54,2,completed
RTE-CMH-20250708-001,HUB-CMH,DRV-01013,VEH-0001,2025-07-08,61,0,completed
RTE-CMH-20251119-002,HUB-CMH,DRV-01049,VEH-0003,2025-11-19,57,0,completed
RTE-DET-20250617-002,HUB-DET,DRV-01021,VEH-0024,2025-06-17,48,0,completed
RTE-CIN-20250101-001,HUB-CIN,DRV-01023,VEH-0020,2025-01-01,49,4,partial
RTE-CIN-20250326-002,HUB-CIN,DRV-01025,VEH-0036,2025-03-26,18,0,completed
RTE-IND-20250626-002,HUB-IND,DRV-01032,VEH-0009,2025-06-26,18,0,completed
RTE-CIN-20250313-001,HUB-CIN,DRV-01025,VEH-0018,2025-03-13,38,0,completed
RTE-CMH-20250129-001,HUB-CMH,DRV-01013,VEH-0028,2025-01-29,28,1,completed
RTE-CIN-20250813-004,HUB-CIN,DRV-01029,VEH-0026,2025-08-13,61,0,completed
RTE-CMH-20250626-001,HUB-CMH,DRV-01040,VEH-0028,2025-06-26,25,0,completed
RTE-CMH-20251115-001,HUB-CMH,DRV-01049,VEH-0038,2025-11-15,58,5,partial
RTE-IND-20250217-001,HUB-IND,DRV-01024,VEH-0009,2025-02-17,19,0,completed
RTE-DET-20250102-002,HUB-DET,DRV-01021,VEH-0011,2025-01-02,35,0,completed
RTE-CMH-20250711-003,HUB-CMH,DRV-01016,VEH-0031,2025-07-11,55,0,completed
RTE-DET-20250320-003,HUB-DET,DRV-01022,VEH-0030,2025-03-20,27,0,completed
RTE-CIN-20250715-001,HUB-CIN,DRV-01034,VEH-0027,2025-07-15,34,0,completed
RTE-DET-20250919-001,HUB-DET,DRV-01037,VEH-0022,2025-09-19,20,0,completed
RTE-IND-20250319-001,HUB-IND,DRV-01031,VEH-0023,2025-03-19,31,0,completed
RTE-IND-20250712-001,HUB-IND,DRV-01045,VEH-0009,2025-07-12,44,0,completed
RTE-CMH-20250813-001,HUB-CMH,DRV-01010,VEH-0021,2025-08-13,25,0,completed
RTE-CIN-20250416-002,HUB-CIN,DRV-01023,VEH-0027,2025-04-16,23,0,completed
RTE-CIN-20250610-001,HUB-CIN,DRV-01003,VEH-0027,2025-06-10,32,0,completed
RTE-DET-20250408-001,HUB-DET,DRV-01021,VEH-0022,2025-04-08,45,0,completed
RTE-IND-20251203-003,HUB-IND,DRV-01042,VEH-0017,2025-12-03,56,0,completed
RTE-CIN-20250804-001,HUB-CIN,DRV-01003,VEH-0025,2025-08-04,20,0,completed
RTE-IND-20250225-001,HUB-IND,DRV-01045,VEH-0017,2025-02-25,32,0,completed
RTE-CIN-20250225-002,HUB-CIN,DRV-01027,VEH-0027,2025-02-25,53,0,completed
RTE-CHI-20250730-003,HUB-CHI,DRV-01012,VEH-0002,2025-07-30,26,0,completed
RTE-CHI-20250418-002,HUB-CHI,DRV-01012,VEH-0006,2025-04-18,24,0,completed
RTE-CMH-20250717-002,HUB-CMH,DRV-01043,VEH-0007,2025-07-17,38,3,partial
RTE-DET-20250320-004,HUB-DET,DRV-01004,VEH-0024,2025-03-20,18,2,completed
RTE-DET-20251007-002,HUB-DET,DRV-01022,VEH-0029,2025-10-07,50,0,completed
RTE-DET-20250121-001,HUB-DET,DRV-01046,VEH-0022,2025-01-21,42,2,completed
RTE-CIN-20250902-003,HUB-CIN,DRV-01034,VEH-0026,2025-09-02,45,0,completed
RTE-CMH-20250915-002,HUB-CMH,DRV-01016,VEH-0012,2025-09-15,49,0,completed
RTE-CIN-20250130-001,HUB-CIN,DRV-01029,VEH-0020,2025-01-30,30,1,completed
RTE-CMH-20250116-002,HUB-CMH,DRV-01036,VEH-0038,2025-01-16,28,4,partial
RTE-DET-20251218-004,HUB-DET,DRV-01021,VEH-0011,2025-12-18,51,0,completed
RTE-CHI-20250722-005,HUB-CHI,DRV-01007,VEH-0002,2025-07-22,54,0,completed
RTE-DET-20251117-002,HUB-DET,DRV-01014,VEH-0029,2025-11-17,47,0,completed
RTE-CHI-20251218-002,HUB-CHI,DRV-01048,VEH-0004,2025-12-18,45,0,completed
RTE-DET-20251021-003,HUB-DET,DRV-01004,VEH-0011,2025-10-21,42,0,completed
RTE-CIN-20250724-001,HUB-CIN,DRV-01038,VEH-0027,2025-07-24,22,0,completed
RTE-IND-20250325-001,HUB-IND,DRV-01031,VEH-0016,2025-03-25,61,0,completed
RTE-IND-20251120-002,HUB-IND,DRV-01024,VEH-0017,2025-11-20,57,0,completed
RTE-CIN-20250822-002,HUB-CIN,DRV-01027,VEH-0018,2025-08-22,31,0,completed
RTE-CMH-20251013-004,HUB-CMH,DRV-01030,VEH-0012,2025-10-13,34,0,completed
RTE-CIN-20250103-001,HUB-CIN,DRV-01029,VEH-0036,2025-01-03,40,0,completed
RTE-IND-20250513-001,HUB-IND,DRV-01188,VEH-0016,2025-05-13,54,2,partial
RTE-CHI-20251001-003,HUB-CHI,DRV-01012,VEH-0014,2025-10-01,44,0,completed
RTE-CIN-20250612-006,HUB-CIN,DRV-01026,VEH-0032,2025-06-12,47,0,completed
RTE-CHI-20251121-001,HUB-CHI,DRV-01035,VEH-0002,2025-11-21,29,1,partial
RTE-CMH-20250916-002,HUB-CMH,DRV-01018,VEH-0031,2025-09-16,65,0,completed
RTE-CMH-20250602-001,HUB-CMH,DRV-01016,VEH-0033,2025-06-02,58,0,completed
RTE-CMH-20250424-002,HUB-CMH,DRV-01030,VEH-0033,2025-04-24,64,0,completed
RTE-CHI-20251226-001,HUB-CHI,DRV-01047,VEH-0005,2025-12-26,59,0,completed
RTE-CHI-20251228-001,HUB-CHI,DRV-01047,VEH-0004,2025-12-28,26,0,completed
RTE-IND-20250211-001,HUB-IND,DRV-01042,VEH-0013,2025-02-11,52,0,completed
RTE-CHI-20250220-001,HUB-CHI,DRV-01047,VEH-0006,2025-02-20,63,2,partial
RTE-DET-20250303-002,HUB-DET,DRV-01046,VEH-0024,2025-03-03,42,0,completed
RTE-DET-20250519-001,HUB-DET,DRV-01037,VEH-0030,2025-05-19,35,0,completed
RTE-DET-20250226-003,HUB-DET,DRV-01037,VEH-0022,2025-02-26,46,1,completed
RTE-DET-20251112-001,HUB-DET,DRV-01022,VEH-0029,2025-11-12,26,3,partial
RTE-CIN-20250814-002,HUB-CIN,DRV-01023,VEH-0032,2025-08-14,43,0,completed
RTE-CMH-20250107-002,HUB-CMH,DRV-01016,VEH-0033,2025-01-07,46,4,partial
RTE-CIN-20251104-004,HUB-CIN,DRV-01041,VEH-0026,2025-11-04,50,0,completed
RTE-IND-20250807-001,HUB-IND,DRV-01031,VEH-0010,2025-08-07,39,0,completed
RTE-CHI-20250603-001,HUB-CHI,DRV-01017,VEH-0019,2025-06-03,53,0,completed
RTE-DET-20250725-001,HUB-DET,DRV-01014,VEH-0030,2025-07-25,29,0,completed
RTE-DET-20250129-002,HUB-DET,DRV-01014,VEH-0022,2025-01-29,63,0,completed
RTE-IND-20251112-002,HUB-IND,DRV-01006,VEH-0013,2025-11-12,60,3,partial
RTE-CMH-20250514-002,HUB-CMH,DRV-01013,VEH-0038,2025-05-14,28,0,completed
RTE-CIN-20250430-001,HUB-CIN,DRV-01026,VEH-0032,2025-04-30,52,0,completed
RTE-CIN-20250502-001,HUB-CIN,DRV-01008,VEH-0036,2025-05-02,30,0,completed
RTE-CIN-20251208-001,HUB-CIN,DRV-01029,VEH-0026,2025-12-08,26,6,partial
RTE-CIN-20250805-003,HUB-CIN,DRV-01041,VEH-0026,2025-08-05,29,0,completed
RTE-CMH-20250809-002,HUB-CMH,DRV-01013,VEH-0028,2025-08-09,43,0,completed
RTE-CIN-20250127-002,HUB-CIN,DRV-01023,VEH-0020,2025-01-27,49,0,completed
RTE-IND-20250210-001,HUB-IND,DRV-01031,VEH-0013,2025-02-10,27,0,completed
RTE-IND-20251117-001,HUB-IND,DRV-01006,VEH-0017,2025-11-17,43,6,partial
RTE-DET-20250808-003,HUB-DET,DRV-01021,VEH-0029,2025-08-08,58,0,completed
RTE-DET-20251027-001,HUB-DET,DRV-01004,VEH-0024,2025-10-27,56,0,completed
RTE-CMH-20251018-001,HUB-CMH,DRV-01001,VEH-0001,2025-10-18,56,2,completed
RTE-CHI-20250609-001,HUB-CHI,DRV-01005,VEH-0002,2025-06-09,24,0,completed
RTE-IND-20250923-001,HUB-IND,DRV-01045,VEH-0009,2025-09-23,59,0,completed
RTE-IND-20250909-001,HUB-IND,DRV-01031,VEH-0023,2025-09-09,18,0,completed
RTE-CHI-20250611-002,HUB-CHI,DRV-01011,VEH-0019,2025-06-11,60,0,completed
RTE-CIN-20251020-002,HUB-CIN,DRV-01027,VEH-0032,2025-10-20,30,1,completed
RTE-DET-20250730-002,HUB-DET,DRV-01021,VEH-0029,2025-07-30,54,0,completed
RTE-DET-20250124-001,HUB-DET,DRV-01004,VEH-0030,2025-01-24,61,0,completed
RTE-CMH-20250203-002,HUB-CMH,DRV-01044,VEH-0033,2025-02-03,23,3,completed
RTE-IND-20250317-003,HUB-IND,DRV-01006,VEH-0008,2025-03-17,44,0,completed
RTE-DET-20250317-001,HUB-DET,DRV-01022,VEH-0024,2025-03-17,33,0,completed
RTE-IND-20251022-005,HUB-IND,DRV-01045,VEH-0010,2025-10-22,26,0,completed
RTE-IND-20251211-002,HUB-IND,DRV-01006,VEH-0023,2025-12-11,38,0,completed
RTE-DET-20250526-002,HUB-DET,DRV-01022,VEH-0024,2025-05-26,23,2,completed
RTE-IND-20250918-002,HUB-IND,DRV-01042,VEH-0009,2025-09-18,63,0,completed
RTE-CIN-20251009-002,HUB-CIN,DRV-01041,VEH-0026,2025-10-09,39,0,completed
RTE-CIN-20251124-002,HUB-CIN,DRV-01027,VEH-0025,2025-11-24,54,0,completed
RTE-IND-20250205-003,HUB-IND,DRV-01042,VEH-0009,2025-02-05,51,0,completed
RTE-CHI-20250326-002,HUB-CHI,DRV-01005,VEH-0004,2025-03-26,43,0,completed
RTE-CHI-20250521-002,HUB-CHI,DRV-01005,VEH-0006,2025-05-21,58,0,completed
RTE-CIN-20250310-002,HUB-CIN,DRV-01027,VEH-0026,2025-03-10,63,0,completed
RTE-IND-20251126-002,HUB-IND,DRV-01032,VEH-0009,2025-11-26,63,0,completed
RTE-IND-20251031-001,HUB-IND,DRV-01042,VEH-0017,2025-10-31,47,0,completed
RTE-CMH-20250525-001,HUB-CMH,DRV-01015,VEH-0033,2025-05-25,47,0,completed
RTE-IND-20250721-002,HUB-IND,DRV-01188,VEH-0009,2025-07-21,65,0,completed
RTE-DET-20250106-001,HUB-DET,DRV-01022,VEH-0011,2025-01-06,19,5,partial
RTE-IND-20250530-001,HUB-IND,DRV-01031,VEH-0016,2025-05-30,50,0,completed
RTE-IND-20250714-002,HUB-IND,DRV-01031,VEH-0008,2025-07-14,26,0,completed
RTE-IND-20250805-003,HUB-IND,DRV-01042,VEH-0016,2025-08-05,48,0,completed
RTE-CHI-20250126-001,HUB-CHI,DRV-01017,VEH-0004,2025-01-26,18,0,completed
RTE-CIN-20251021-002,HUB-CIN,DRV-01003,VEH-0025,2025-10-21,51,0,completed
RTE-IND-20250428-003,HUB-IND,DRV-01042,VEH-0013,2025-04-28,40,0,completed
RTE-IND-20250425-002,HUB-IND,DRV-01032,VEH-0010,2025-04-25,35,2,partial
RTE-DET-20250921-002,HUB-DET,DRV-01046,VEH-0022,2025-09-21,22,0,completed
RTE-CIN-20250819-001,HUB-CIN,DRV-01041,VEH-0036,2025-08-19,59,0,completed
RTE-CIN-20250616-002,HUB-CIN,DRV-01002,VEH-0032,2025-06-16,48,0,completed
RTE-CMH-20251220-002,HUB-CMH,DRV-01010,VEH-0038,2025-12-20,28,1,partial
RTE-DET-20250404-001,HUB-DET,DRV-01021,VEH-0022,2025-04-04,24,0,completed
RTE-CMH-20250919-002,HUB-CMH,DRV-01016,VEH-0021,2025-09-19,34,0,completed
RTE-DET-20250422-001,HUB-DET,DRV-01046,VEH-0029,2025-04-22,21,0,completed
RTE-CMH-20250709-002,HUB-CMH,DRV-01028,VEH-0001,2025-07-09,57,0,completed
RTE-CMH-20251127-002,HUB-CMH,DRV-01039,VEH-0031,2025-11-27,26,0,completed
RTE-CHI-20250422-002,HUB-CHI,DRV-01047,VEH-0037,2025-04-22,29,0,completed
RTE-CHI-20251203-002,HUB-CHI,DRV-01011,VEH-0037,2025-12-03,39,0,completed
RTE-DET-20250102-003,HUB-DET,DRV-01037,VEH-0030,2025-01-02,21,4,partial
RTE-CHI-20251125-004,HUB-CHI,DRV-01047,VEH-0040,2025-11-25,49,0,completed
RTE-CHI-20250325-001,HUB-CHI,DRV-01035,VEH-0006,2025-03-25,42,0,completed
RTE-CIN-20250225-003,HUB-CIN,DRV-01023,VEH-0025,2025-02-25,35,6,partial
RTE-CHI-20251007-001,HUB-CHI,DRV-01048,VEH-0019,2025-10-07,46,0,completed
RTE-DET-20250326-003,HUB-DET,DRV-01014,VEH-0030,2025-03-26,19,2,completed
RTE-CIN-20251105-001,HUB-CIN,DRV-01025,VEH-0020,2025-11-05,48,0,completed
RTE-CIN-20250817-001,HUB-CIN,DRV-01041,VEH-0026,2025-08-17,24,0,completed
RTE-CHI-20250619-002,HUB-CHI,DRV-01012,VEH-0006,2025-06-19,22,0,completed
RTE-DET-20250602-001,HUB-DET,DRV-01021,VEH-0029,2025-06-02,22,0,completed
RTE-CMH-20250805-003,HUB-CMH,DRV-01044,VEH-0033,2025-08-05,42,0,completed
RTE-CMH-20250111-001,HUB-CMH,DRV-01010,VEH-0033,2025-01-11,51,0,completed
RTE-IND-20251016-001,HUB-IND,DRV-01188,VEH-0008,2025-10-16,18,0,completed
RTE-CHI-20250616-002,HUB-CHI,DRV-01048,VEH-0002,2025-06-16,59,0,completed
RTE-CMH-20250409-002,HUB-CMH,DRV-01036,VEH-0001,2025-04-09,39,0,completed
RTE-DET-20250911-002,HUB-DET,DRV-01037,VEH-0022,2025-09-11,28,0,completed
RTE-CIN-20250828-003,HUB-CIN,DRV-01038,VEH-0020,2025-08-28,63,0,completed
RTE-IND-20250912-001,HUB-IND,DRV-01045,VEH-0023,2025-09-12,29,0,completed
RTE-IND-20250901-001,HUB-IND,DRV-01032,VEH-0008,2025-09-01,22,0,completed
RTE-CHI-20250514-001,HUB-CHI,DRV-01048,VEH-0040,2025-05-14,26,0,completed
RTE-DET-20250114-002,HUB-DET,DRV-01021,VEH-0029,2025-01-14,56,1,completed
RTE-CIN-20251201-002,HUB-CIN,DRV-01023,VEH-0036,2025-12-01,25,0,completed
RTE-DET-20251017-002,HUB-DET,DRV-01046,VEH-0024,2025-10-17,38,0,completed
RTE-DET-20251022-001,HUB-DET,DRV-01014,VEH-0024,2025-10-22,60,0,completed
RTE-CMH-20250523-002,HUB-CMH,DRV-01036,VEH-0007,2025-05-23,49,0,completed
RTE-DET-20250701-002,HUB-DET,DRV-01014,VEH-0029,2025-07-01,51,0,completed
RTE-DET-20251128-001,HUB-DET,DRV-01004,VEH-0024,2025-11-28,61,5,partial
RTE-CHI-20250302-001,HUB-CHI,DRV-01007,VEH-0037,2025-03-02,46,0,completed
RTE-DET-20250110-001,HUB-DET,DRV-01021,VEH-0030,2025-01-10,24,6,partial
RTE-CMH-20250808-003,HUB-CMH,DRV-01036,VEH-0031,2025-08-08,43,0,completed
RTE-DET-20251218-005,HUB-DET,DRV-01004,VEH-0011,2025-12-18,64,0,completed
RTE-CHI-20250519-001,HUB-CHI,DRV-01017,VEH-0002,2025-05-19,23,1,completed
RTE-IND-20250710-002,HUB-IND,DRV-01188,VEH-0013,2025-07-10,62,0,completed
RTE-DET-20250709-004,HUB-DET,DRV-01046,VEH-0029,2025-07-09,41,0,completed
RTE-CHI-20250409-001,HUB-CHI,DRV-01047,VEH-0040,2025-04-09,37,1,completed
RTE-CMH-20251111-001,HUB-CMH,DRV-01043,VEH-0007,2025-11-11,33,5,partial
RTE-CHI-20250807-002,HUB-CHI,DRV-01007,VEH-0014,2025-08-07,62,0,completed
RTE-CMH-20250112-002,HUB-CMH,DRV-01044,VEH-0031,2025-01-12,39,4,partial
RTE-IND-20250107-002,HUB-IND,DRV-01032,VEH-0023,2025-01-07,36,5,partial
RTE-CIN-20250909-004,HUB-CIN,DRV-01003,VEH-0032,2025-09-09,44,0,completed
RTE-CMH-20250414-001,HUB-CMH,DRV-01049,VEH-0031,2025-04-14,25,0,completed
RTE-DET-20250129-003,HUB-DET,DRV-01004,VEH-0011,2025-01-29,45,0,completed
RTE-CIN-20250723-001,HUB-CIN,DRV-01002,VEH-0020,2025-07-23,45,0,completed
RTE-CMH-20251023-001,HUB-CMH,DRV-01015,VEH-0003,2025-10-23,25,0,completed
RTE-DET-20251021-004,HUB-DET,DRV-01022,VEH-0030,2025-10-21,45,0,completed
RTE-DET-20250526-003,HUB-DET,DRV-01022,VEH-0011,2025-05-26,54,0,completed
RTE-CMH-20250718-001,HUB-CMH,DRV-01030,VEH-0033,2025-07-18,35,0,completed
RTE-CHI-20250205-002,HUB-CHI,DRV-01011,VEH-0006,2025-02-05,19,0,completed
RTE-CIN-20250908-001,HUB-CIN,DRV-01029,VEH-0025,2025-09-08,63,0,completed
RTE-CIN-20251016-003,HUB-CIN,DRV-01029,VEH-0027,2025-10-16,27,0,completed
RTE-DET-20250421-002,HUB-DET,DRV-01021,VEH-0030,2025-04-21,43,0,completed
RTE-DET-20250809-001,HUB-DET,DRV-01021,VEH-0030,2025-08-09,29,0,completed
RTE-CMH-20250430-002,HUB-CMH,DRV-01044,VEH-0001,2025-04-30,54,0,completed
RTE-IND-20250203-002,HUB-IND,DRV-01033,VEH-0013,2025-02-03,39,0,completed
RTE-CMH-20250701-002,HUB-CMH,DRV-01009,VEH-0012,2025-07-01,31,0,completed
RTE-CMH-20250319-002,HUB-CMH,DRV-01009,VEH-0028,2025-03-19,42,0,completed
RTE-CMH-20250925-003,HUB-CMH,DRV-01015,VEH-0001,2025-09-25,52,0,completed
RTE-CHI-20251001-004,HUB-CHI,DRV-01017,VEH-0037,2025-10-01,37,0,completed
RTE-CMH-20251125-001,HUB-CMH,DRV-01039,VEH-0012,2025-11-25,46,3,completed
RTE-CHI-20250523-002,HUB-CHI,DRV-01012,VEH-0004,2025-05-23,41,0,completed
RTE-CHI-20250729-002,HUB-CHI,DRV-01047,VEH-0004,2025-07-29,32,0,completed
RTE-CIN-20251201-003,HUB-CIN,DRV-01003,VEH-0025,2025-12-01,24,0,completed
RTE-DET-20250208-001,HUB-DET,DRV-01037,VEH-0011,2025-02-08,19,4,partial
RTE-DET-20250605-001,HUB-DET,DRV-01046,VEH-0024,2025-06-05,36,0,completed
RTE-IND-20250131-002,HUB-IND,DRV-01024,VEH-0010,2025-01-31,24,0,completed
RTE-CIN-20250425-003,HUB-CIN,DRV-01023,VEH-0020,2025-04-25,49,0,completed
RTE-CMH-20250217-002,HUB-CMH,DRV-01036,VEH-0007,2025-02-17,45,0,completed
RTE-CIN-20251001-002,HUB-CIN,DRV-01002,VEH-0018,2025-10-01,57,0,completed
RTE-CMH-20250807-003,HUB-CMH,DRV-01039,VEH-0031,2025-08-07,51,2,completed
RTE-DET-20250211-003,HUB-DET,DRV-01046,VEH-0029,2025-02-11,64,0,completed
RTE-CHI-20250827-001,HUB-CHI,DRV-01017,VEH-0005,2025-08-27,18,0,completed
RTE-CMH-20250829-002,HUB-CMH,DRV-01030,VEH-0001,2025-08-29,39,0,completed
RTE-CIN-20250626-001,HUB-CIN,DRV-01008,VEH-0025,2025-06-26,61,3,partial
RTE-CIN-20250906-001,HUB-CIN,DRV-01041,VEH-0025,2025-09-06,62,0,completed
RTE-CMH-20250526-002,HUB-CMH,DRV-01001,VEH-0012,2025-05-26,21,0,completed
RTE-CMH-20250707-003,HUB-CMH,DRV-01040,VEH-0038,2025-07-07,44,2,completed
RTE-IND-20250319-002,HUB-IND,DRV-01033,VEH-0017,2025-03-19,47,0,completed
RTE-CMH-20251127-003,HUB-CMH,DRV-01036,VEH-0021,2025-11-27,55,0,completed
RTE-CIN-20250627-001,HUB-CIN,DRV-01019,VEH-0020,2025-06-27,41,3,completed
RTE-CHI-20250106-002,HUB-CHI,DRV-01035,VEH-0006,2025-01-06,31,5,partial
RTE-CIN-20250617-003,HUB-CIN,DRV-01023,VEH-0036,2025-06-17,61,0,completed
RTE-CHI-20250917-001,HUB-CHI,DRV-01012,VEH-0019,2025-09-17,65,0,completed
RTE-CIN-20250512-001,HUB-CIN,DRV-01008,VEH-0018,2025-05-12,33,0,completed
RTE-CMH-20250103-003,HUB-CMH,DRV-01009,VEH-0028,2025-01-03,59,0,completed
RTE-DET-20250902-005,HUB-DET,DRV-01037,VEH-0024,2025-09-02,24,0,completed
RTE-CMH-20250709-003,HUB-CMH,DRV-01013,VEH-0038,2025-07-09,41,0,completed
RTE-CHI-20250508-002,HUB-CHI,DRV-01012,VEH-0040,2025-05-08,41,1,partial
RTE-CMH-20250505-002,HUB-CMH,DRV-01028,VEH-0028,2025-05-05,28,0,completed
RTE-CHI-20250318-002,HUB-CHI,DRV-01011,VEH-0014,2025-03-18,33,0,completed
RTE-CIN-20250415-003,HUB-CIN,DRV-01025,VEH-0036,2025-04-15,65,0,completed
RTE-DET-20251022-002,HUB-DET,DRV-01021,VEH-0029,2025-10-22,28,0,completed
RTE-CHI-20250909-002,HUB-CHI,DRV-01012,VEH-0019,2025-09-09,19,3,completed
RTE-CIN-20250616-003,HUB-CIN,DRV-01002,VEH-0025,2025-06-16,51,0,completed
RTE-CMH-20250530-002,HUB-CMH,DRV-01028,VEH-0038,2025-05-30,28,0,completed
RTE-CIN-20250627-002,HUB-CIN,DRV-01027,VEH-0032,2025-06-27,29,0,completed
RTE-CMH-20250820-002,HUB-CMH,DRV-01043,VEH-0031,2025-08-20,28,0,completed
RTE-CIN-20250704-002,HUB-CIN,DRV-01027,VEH-0032,2025-07-04,31,0,completed
RTE-CMH-20250926-003,HUB-CMH,DRV-01016,VEH-0028,2025-09-26,52,0,completed
RTE-CMH-20250315-001,HUB-CMH,DRV-01018,VEH-0033,2025-03-15,41,0,completed
RTE-DET-20250412-001,HUB-DET,DRV-01046,VEH-0011,2025-04-12,31,0,completed
RTE-IND-20250218-003,HUB-IND,DRV-01188,VEH-0013,2025-02-18,39,0,completed
RTE-CIN-20251224-002,HUB-CIN,DRV-01029,VEH-0032,2025-12-24,61,0,completed
RTE-CIN-20250814-003,HUB-CIN,DRV-01034,VEH-0027,2025-08-14,48,1,partial
RTE-IND-20251220-001,HUB-IND,DRV-01032,VEH-0016,2025-12-20,29,0,completed
RTE-CHI-20250208-001,HUB-CHI,DRV-01012,VEH-0037,2025-02-08,39,0,completed
RTE-DET-20250706-001,HUB-DET,DRV-01022,VEH-0024,2025-07-06,36,0,completed
RTE-CHI-20250716-001,HUB-CHI,DRV-01011,VEH-0005,2025-07-16,18,0,completed
RTE-CHI-20251203-003,HUB-CHI,DRV-01017,VEH-0037,2025-12-03,34,0,completed
RTE-DET-20251218-006,HUB-DET,DRV-01004,VEH-0022,2025-12-18,51,1,completed
RTE-IND-20251103-001,HUB-IND,DRV-01042,VEH-0008,2025-11-03,20,0,completed
RTE-CIN-20251203-002,HUB-CIN,DRV-01019,VEH-0027,2025-12-03,64,2,completed
RTE-CIN-20250316-001,HUB-CIN,DRV-01041,VEH-0026,2025-03-16,18,0,completed
RTE-DET-20250711-001,HUB-DET,DRV-01004,VEH-0011,2025-07-11,33,0,completed
RTE-CMH-20250408-001,HUB-CMH,DRV-01016,VEH-0031,2025-04-08,56,0,completed
RTE-CHI-20251130-001,HUB-CHI,DRV-01020,VEH-0002,2025-11-30,61,0,completed
RTE-IND-20251111-002,HUB-IND,DRV-01024,VEH-0009,2025-11-11,31,5,partial
RTE-CIN-20251111-001,HUB-CIN,DRV-01038,VEH-0036,2025-11-11,18,0,completed
RTE-CIN-20251008-003,HUB-CIN,DRV-01029,VEH-0026,2025-10-08,19,0,completed
RTE-CMH-20250216-001,HUB-CMH,DRV-01028,VEH-0003,2025-02-16,36,0,completed
RTE-CHI-20250331-001,HUB-CHI,DRV-01035,VEH-0002,2025-03-31,33,0,completed
RTE-CIN-20250731-001,HUB-CIN,DRV-01002,VEH-0027,2025-07-31,59,0,completed
RTE-CIN-20251013-001,HUB-CIN,DRV-01023,VEH-0025,2025-10-13,35,0,completed
RTE-CHI-20250227-003,HUB-CHI,DRV-01011,VEH-0037,2025-02-27,63,0,completed
RTE-DET-20250911-003,HUB-DET,DRV-01014,VEH-0030,2025-09-11,32,0,completed
RTE-CIN-20250207-002,HUB-CIN,DRV-01003,VEH-0032,2025-02-07,50,3,completed
RTE-CHI-20250602-002,HUB-CHI,DRV-01005,VEH-0040,2025-06-02,54,0,completed
RTE-DET-20250618-001,HUB-DET,DRV-01037,VEH-0024,2025-06-18,29,0,completed
RTE-CIN-20250304-005,HUB-CIN,DRV-01002,VEH-0018,2025-03-04,51,0,completed
RTE-CIN-20250327-002,HUB-CIN,DRV-01003,VEH-0032,2025-03-27,62,0,completed
RTE-IND-20250717-002,HUB-IND,DRV-01188,VEH-0010,2025-07-17,42,1,completed
RTE-DET-20250206-002,HUB-DET,DRV-01037,VEH-0011,2025-02-06,46,0,completed
RTE-IND-20250109-004,HUB-IND,DRV-01031,VEH-0017,2025-01-09,33,0,completed
RTE-IND-20250910-001,HUB-IND,DRV-01024,VEH-0023,2025-09-10,23,0,completed
RTE-CMH-20251109-002,HUB-CMH,DRV-01018,VEH-0012,2025-11-09,19,0,completed
RTE-CHI-20250308-002,HUB-CHI,DRV-01035,VEH-0004,2025-03-08,53,0,completed
RTE-CHI-20250626-002,HUB-CHI,DRV-01007,VEH-0002,2025-06-26,19,0,completed
RTE-DET-20250205-002,HUB-DET,DRV-01037,VEH-0022,2025-02-05,38,4,partial
RTE-CHI-20250328-002,HUB-CHI,DRV-01012,VEH-0002,2025-03-28,22,0,completed
RTE-CMH-20250818-001,HUB-CMH,DRV-01010,VEH-0001,2025-08-18,54,0,completed
RTE-CMH-20251014-002,HUB-CMH,DRV-01044,VEH-0021,2025-10-14,18,2,completed
RTE-CMH-20250718-002,HUB-CMH,DRV-01044,VEH-0012,2025-07-18,43,2,completed
RTE-CHI-20250909-003,HUB-CHI,DRV-01005,VEH-0014,2025-09-09,41,3,completed
RTE-CMH-20251010-003,HUB-CMH,DRV-01018,VEH-0012,2025-10-10,62,0,completed
RTE-IND-20250416-003,HUB-IND,DRV-01006,VEH-0008,2025-04-16,43,0,completed
RTE-CHI-20250804-001,HUB-CHI,DRV-01020,VEH-0004,2025-08-04,20,0,completed
RTE-IND-20251023-005,HUB-IND,DRV-01045,VEH-0008,2025-10-23,49,0,completed
RTE-CMH-20250623-001,HUB-CMH,DRV-01013,VEH-0012,2025-06-23,60,0,completed
RTE-DET-20251030-003,HUB-DET,DRV-01022,VEH-0022,2025-10-30,21,0,completed
RTE-CHI-20251028-002,HUB-CHI,DRV-01017,VEH-0002,2025-10-28,48,0,completed
RTE-IND-20251123-001,HUB-IND,DRV-01045,VEH-0013,2025-11-23,39,5,partial
RTE-CHI-20250716-002,HUB-CHI,DRV-01048,VEH-0019,2025-07-16,48,0,completed
RTE-CIN-20250424-002,HUB-CIN,DRV-01003,VEH-0027,2025-04-24,38,0,completed
RTE-CMH-20250110-003,HUB-CMH,DRV-01001,VEH-0038,2025-01-10,37,2,partial
RTE-IND-20250217-002,HUB-IND,DRV-01045,VEH-0016,2025-02-17,33,0,completed
RTE-CMH-20250103-004,HUB-CMH,DRV-01013,VEH-0021,2025-01-03,58,0,completed
RTE-IND-20250709-002,HUB-IND,DRV-01033,VEH-0013,2025-07-09,65,0,completed
RTE-CMH-20250324-001,HUB-CMH,DRV-01009,VEH-0038,2025-03-24,24,0,completed
RTE-CMH-20251103-001,HUB-CMH,DRV-01010,VEH-0012,2025-11-03,28,4,canceled
RTE-CIN-20251008-004,HUB-CIN,DRV-01002,VEH-0026,2025-10-08,65,3,completed
RTE-CMH-20250907-001,HUB-CMH,DRV-01028,VEH-0028,2025-09-07,25,0,completed
RTE-CHI-20251024-005,HUB-CHI,DRV-01035,VEH-0040,2025-10-24,48,0,completed
RTE-DET-20250218-001,HUB-DET,DRV-01046,VEH-0022,2025-02-18,60,6,canceled
RTE-IND-20251118-002,HUB-IND,DRV-01032,VEH-0017,2025-11-18,56,0,completed
RTE-DET-20250627-002,HUB-DET,DRV-01037,VEH-0030,2025-06-27,58,0,completed
RTE-CMH-20250326-001,HUB-CMH,DRV-01010,VEH-0001,2025-03-26,34,0,completed
RTE-CMH-20251012-001,HUB-CMH,DRV-01049,VEH-0001,2025-10-12,32,0,completed
RTE-IND-20251211-003,HUB-IND,DRV-01032,VEH-0010,2025-12-11,49,0,completed
RTE-CHI-20250530-001,HUB-CHI,DRV-01047,VEH-0004,2025-05-30,61,0,completed
RTE-IND-20250813-001,HUB-IND,DRV-01042,VEH-0009,2025-08-13,22,0,completed
RTE-CMH-20250701-003,HUB-CMH,DRV-01030,VEH-0001,2025-07-01,21,0,completed
RTE-CMH-20251113-002,HUB-CMH,DRV-01018,VEH-0028,2025-11-13,37,0,completed
RTE-DET-20250611-002,HUB-DET,DRV-01021,VEH-0022,2025-06-11,46,0,completed
RTE-IND-20251031-002,HUB-IND,DRV-01032,VEH-0013,2025-10-31,58,3,completed
RTE-CHI-20250924-002,HUB-CHI,DRV-01017,VEH-0019,2025-09-24,21,0,completed
RTE-CMH-20250815-001,HUB-CMH,DRV-01010,VEH-0012,2025-08-15,44,2,completed
RTE-DET-20250131-003,HUB-DET,DRV-01004,VEH-0022,2025-01-31,29,0,completed
RTE-CMH-20250414-002,HUB-CMH,DRV-01013,VEH-0021,2025-04-14,65,2,completed
RTE-IND-20251022-006,HUB-IND,DRV-01033,VEH-0008,2025-10-22,49,0,completed
RTE-CHI-20250718-001,HUB-CHI,DRV-01047,VEH-0002,2025-07-18,40,0,completed
RTE-CIN-20250407-002,HUB-CIN,DRV-01019,VEH-0020,2025-04-07,57,0,completed
RTE-CMH-20251113-003,HUB-CMH,DRV-01001,VEH-0038,2025-11-13,28,0,completed
RTE-IND-20250805-004,HUB-IND,DRV-01045,VEH-0008,2025-08-05,26,0,completed
RTE-IND-20250715-003,HUB-IND,DRV-01045,VEH-0010,2025-07-15,64,0,completed
RTE-DET-20250903-001,HUB-DET,DRV-01021,VEH-0029,2025-09-03,53,0,completed
RTE-CHI-20250715-001,HUB-CHI,DRV-01020,VEH-0002,2025-07-15,53,0,completed
RTE-CMH-20250630-002,HUB-CMH,DRV-01040,VEH-0003,2025-06-30,59,0,completed
RTE-CHI-20250606-002,HUB-CHI,DRV-01011,VEH-0019,2025-06-06,47,0,completed
RTE-CMH-20250303-001,HUB-CMH,DRV-01010,VEH-0038,2025-03-03,40,0,completed
RTE-IND-20250224-003,HUB-IND,DRV-01032,VEH-0016,2025-02-24,61,0,completed
RTE-CMH-20250314-003,HUB-CMH,DRV-01013,VEH-0007,2025-03-14,61,0,completed
RTE-IND-20251005-001,HUB-IND,DRV-01024,VEH-0016,2025-10-05,25,0,completed
RTE-CIN-20251016-004,HUB-CIN,DRV-01002,VEH-0036,2025-10-16,40,0,completed
RTE-CIN-20250416-003,HUB-CIN,DRV-01002,VEH-0036,2025-04-16,39,0,completed
RTE-CIN-20250108-004,HUB-CIN,DRV-01019,VEH-0036,2025-01-08,21,5,partial
RTE-DET-20250223-001,HUB-DET,DRV-01022,VEH-0029,2025-02-23,55,6,partial
RTE-CMH-20251025-003,HUB-CMH,DRV-01040,VEH-0001,2025-10-25,39,2,partial
RTE-DET-20251024-004,HUB-DET,DRV-01004,VEH-0030,2025-10-24,40,0,completed
RTE-IND-20250531-003,HUB-IND,DRV-01042,VEH-0017,2025-05-31,35,2,completed
RTE-CHI-20250301-001,HUB-CHI,DRV-01048,VEH-0040,2025-03-01,45,0,completed
RTE-IND-20251010-002,HUB-IND,DRV-01032,VEH-0008,2025-10-10,62,0,completed
RTE-IND-20250612-001,HUB-IND,DRV-01045,VEH-0013,2025-06-12,45,0,completed
RTE-DET-20251103-002,HUB-DET,DRV-01037,VEH-0022,2025-11-03,54,0,completed
RTE-CHI-20250729-003,HUB-CHI,DRV-01011,VEH-0040,2025-07-29,31,0,completed
RTE-CHI-20250516-001,HUB-CHI,DRV-01047,VEH-0002,2025-05-16,30,0,completed
RTE-CIN-20251121-002,HUB-CIN,DRV-01003,VEH-0027,2025-11-21,60,0,completed
RTE-DET-20250617-003,HUB-DET,DRV-01022,VEH-0024,2025-06-17,61,0,completed
RTE-IND-20250225-002,HUB-IND,DRV-01024,VEH-0017,2025-02-25,32,1,partial
RTE-CIN-20250723-002,HUB-CIN,DRV-01038,VEH-0036,2025-07-23,32,0,completed
RTE-CIN-20251023-003,HUB-CIN,DRV-01027,VEH-0026,2025-10-23,62,0,completed
RTE-DET-20251125-002,HUB-DET,DRV-01004,VEH-0024,2025-11-25,64,0,completed
RTE-DET-20250502-001,HUB-DET,DRV-01046,VEH-0022,2025-05-02,46,0,completed
RTE-CHI-20251205-001,HUB-CHI,DRV-01047,VEH-0006,2025-12-05,52,2,partial
RTE-CHI-20250927-001,HUB-CHI,DRV-01017,VEH-0004,2025-09-27,30,0,completed
RTE-DET-20251212-002,HUB-DET,DRV-01046,VEH-0011,2025-12-12,45,0,completed
RTE-CMH-20250203-003,HUB-CMH,DRV-01040,VEH-0021,2025-02-03,47,0,completed
RTE-IND-20250415-001,HUB-IND,DRV-01188,VEH-0016,2025-04-15,48,0,completed
RTE-IND-20250428-004,HUB-IND,DRV-01033,VEH-0008,2025-04-28,35,0,completed
RTE-DET-20250615-001,HUB-DET,DRV-01021,VEH-0029,2025-06-15,30,1,partial
RTE-CHI-20251031-003,HUB-CHI,DRV-01035,VEH-0037,2025-10-31,32,0,completed
RTE-CMH-20250110-004,HUB-CMH,DRV-01030,VEH-0038,2025-01-10,56,5,partial
RTE-IND-20250305-001,HUB-IND,DRV-01042,VEH-0013,2025-03-05,50,0,completed
RTE-CMH-20250929-001,HUB-CMH,DRV-01049,VEH-0021,2025-09-29,22,0,completed
RTE-CMH-20251114-001,HUB-CMH,DRV-01043,VEH-0007,2025-11-14,36,4,partial
RTE-CHI-20250828-001,HUB-CHI,DRV-01017,VEH-0037,2025-08-28,20,0,completed
RTE-DET-20251007-003,HUB-DET,DRV-01014,VEH-0029,2025-10-07,30,3,completed
RTE-CIN-20250217-002,HUB-CIN,DRV-01003,VEH-0020,2025-02-17,46,0,completed
RTE-CIN-20250319-003,HUB-CIN,DRV-01041,VEH-0020,2025-03-19,51,0,completed
RTE-CIN-20250102-002,HUB-CIN,DRV-01041,VEH-0020,2025-01-02,35,0,completed
RTE-CMH-20251202-001,HUB-CMH,DRV-01018,VEH-0021,2025-12-02,49,0,completed
RTE-CHI-20250902-003,HUB-CHI,DRV-01048,VEH-0037,2025-09-02,53,0,completed
RTE-CHI-20250415-002,HUB-CHI,DRV-01047,VEH-0005,2025-04-15,62,0,completed
RTE-CIN-20250907-002,HUB-CIN,DRV-01003,VEH-0027,2025-09-07,22,0,completed
RTE-CIN-20250417-004,HUB-CIN,DRV-01008,VEH-0025,2025-04-17,62,0,completed
RTE-CMH-20250508-001,HUB-CMH,DRV-01049,VEH-0007,2025-05-08,23,0,completed
RTE-CHI-20250127-002,HUB-CHI,DRV-01012,VEH-0014,2025-01-27,22,0,completed
RTE-DET-20250831-001,HUB-DET,DRV-01022,VEH-0011,2025-08-31,27,0,completed
RTE-DET-20250108-004,HUB-DET,DRV-01014,VEH-0029,2025-01-08,62,0,completed
RTE-CIN-20250929-001,HUB-CIN,DRV-01003,VEH-0018,2025-09-29,39,0,completed
RTE-CIN-20250508-002,HUB-CIN,DRV-01003,VEH-0026,2025-05-08,48,0,completed
RTE-CHI-20251209-004,HUB-CHI,DRV-01047,VEH-0006,2025-12-09,56,0,completed
RTE-CIN-20250618-002,HUB-CIN,DRV-01019,VEH-0036,2025-06-18,21,0,completed
RTE-CHI-20250321-001,HUB-CHI,DRV-01047,VEH-0004,2025-03-21,35,0,completed
RTE-CHI-20250612-001,HUB-CHI,DRV-01035,VEH-0005,2025-06-12,33,0,completed
RTE-CMH-20250331-001,HUB-CMH,DRV-01028,VEH-0007,2025-03-31,58,0,completed
RTE-DET-20250919-002,HUB-DET,DRV-01004,VEH-0011,2025-09-19,39,0,completed
RTE-CHI-20251211-003,HUB-CHI,DRV-01012,VEH-0002,2025-12-11,62,0,completed
RTE-CMH-20251010-004,HUB-CMH,DRV-01009,VEH-0021,2025-10-10,42,0,completed
RTE-IND-20250213-001,HUB-IND,DRV-01024,VEH-0023,2025-02-13,27,0,completed
RTE-IND-20250101-002,HUB-IND,DRV-01033,VEH-0013,2025-01-01,24,0,completed
RTE-CHI-20251015-002,HUB-CHI,DRV-01035,VEH-0005,2025-10-15,36,0,completed
RTE-CIN-20250818-004,HUB-CIN,DRV-01038,VEH-0027,2025-08-18,45,0,completed
RTE-CHI-20250903-002,HUB-CHI,DRV-01011,VEH-0040,2025-09-03,47,0,completed
RTE-DET-20250113-002,HUB-DET,DRV-01014,VEH-0030,2025-01-13,59,0,completed
RTE-CMH-20251124-002,HUB-CMH,DRV-01040,VEH-0012,2025-11-24,44,0,completed
RTE-DET-20250704-003,HUB-DET,DRV-01021,VEH-0011,2025-07-04,62,0,completed
RTE-IND-20251008-002,HUB-IND,DRV-01032,VEH-0013,2025-10-08,43,0,completed
RTE-CHI-20250505-001,HUB-CHI,DRV-01047,VEH-0019,2025-05-05,44,0,completed
RTE-IND-20250917-001,HUB-IND,DRV-01042,VEH-0009,2025-09-17,39,0,completed
RTE-DET-20250904-001,HUB-DET,DRV-01037,VEH-0024,2025-09-04,54,0,completed
RTE-CIN-20250623-001,HUB-CIN,DRV-01019,VEH-0026,2025-06-23,22,0,completed
RTE-CIN-20251215-001,HUB-CIN,DRV-01041,VEH-0020,2025-12-15,46,5,partial
RTE-CHI-20250327-003,HUB-CHI,DRV-01035,VEH-0002,2025-03-27,36,0,completed
RTE-IND-20250404-001,HUB-IND,DRV-01045,VEH-0013,2025-04-04,58,1,partial
RTE-CHI-20250922-001,HUB-CHI,DRV-01020,VEH-0004,2025-09-22,43,0,completed
RTE-CHI-20250102-001,HUB-CHI,DRV-01047,VEH-0037,2025-01-02,31,0,completed
RTE-IND-20251029-001,HUB-IND,DRV-01006,VEH-0009,2025-10-29,50,0,completed
RTE-IND-20250116-001,HUB-IND,DRV-01032,VEH-0013,2025-01-16,34,2,completed
RTE-CMH-20251009-002,HUB-CMH,DRV-01030,VEH-0031,2025-10-09,38,0,completed
RTE-CMH-20250303-002,HUB-CMH,DRV-01030,VEH-0031,2025-03-03,24,0,completed
RTE-DET-20251031-002,HUB-DET,DRV-01004,VEH-0029,2025-10-31,64,0,completed
RTE-CIN-20250416-004,HUB-CIN,DRV-01019,VEH-0032,2025-04-16,23,0,completed
RTE-DET-20250327-003,HUB-DET,DRV-01021,VEH-0030,2025-03-27,36,0,completed
RTE-CMH-20250122-003,HUB-CMH,DRV-01049,VEH-0031,2025-01-22,41,0,completed
RTE-CIN-20250604-001,HUB-CIN,DRV-01026,VEH-0020,2025-06-04,58,0,completed
RTE-CMH-20250206-001,HUB-CMH,DRV-01039,VEH-0033,2025-02-06,60,0,completed
RTE-IND-20250102-002,HUB-IND,DRV-01045,VEH-0008,2025-01-02,39,0,completed
RTE-CHI-20250903-003,HUB-CHI,DRV-01048,VEH-0014,2025-09-03,25,2,completed
RTE-DET-20250115-003,HUB-DET,DRV-01022,VEH-0011,2025-01-15,44,0,completed
RTE-CMH-20251212-001,HUB-CMH,DRV-01039,VEH-0028,2025-12-12,30,0,completed
RTE-DET-20250814-003,HUB-DET,DRV-01022,VEH-0011,2025-08-14,62,0,completed
RTE-IND-20250530-002,HUB-IND,DRV-01045,VEH-0016,2025-05-30,47,0,completed
RTE-DET-20251220-001,HUB-DET,DRV-01037,VEH-0029,2025-12-20,39,0,completed
RTE-DET-20250109-002,HUB-DET,DRV-01037,VEH-0022,2025-01-09,35,0,completed
RTE-DET-20250403-002,HUB-DET,DRV-01004,VEH-0024,2025-04-03,30,0,completed
RTE-CIN-20250926-002,HUB-CIN,DRV-01008,VEH-0036,2025-09-26,58,0,completed
RTE-CIN-20250811-002,HUB-CIN,DRV-01026,VEH-0026,2025-08-11,64,3,partial
RTE-CMH-20251217-001,HUB-CMH,DRV-01030,VEH-0033,2025-12-17,38,0,completed
RTE-CMH-20250529-003,HUB-CMH,DRV-01013,VEH-0031,2025-05-29,32,0,completed
RTE-CMH-20250620-004,HUB-CMH,DRV-01010,VEH-0031,2025-06-20,25,0,completed
RTE-CIN-20250504-002,HUB-CIN,DRV-01002,VEH-0036,2025-05-04,28,0,completed
RTE-CHI-20251107-003,HUB-CHI,DRV-01005,VEH-0014,2025-11-07,36,1,partial
RTE-CHI-20250213-001,HUB-CHI,DRV-01017,VEH-0019,2025-02-13,39,0,completed
RTE-CIN-20251107-002,HUB-CIN,DRV-01034,VEH-0018,2025-11-07,20,0,completed
RTE-DET-20250625-001,HUB-DET,DRV-01022,VEH-0030,2025-06-25,49,0,completed
RTE-CMH-20250508-002,HUB-CMH,DRV-01018,VEH-0012,2025-05-08,44,0,completed
RTE-DET-20250927-001,HUB-DET,DRV-01046,VEH-0011,2025-09-27,59,0,completed
RTE-CMH-20250225-003,HUB-CMH,DRV-01015,VEH-0003,2025-02-25,33,0,completed
RTE-DET-20250822-002,HUB-DET,DRV-01022,VEH-0029,2025-08-22,56,0,completed
RTE-CHI-20251024-006,HUB-CHI,DRV-01011,VEH-0005,2025-10-24,35,0,completed
RTE-DET-20250716-001,HUB-DET,DRV-01014,VEH-0029,2025-07-16,23,0,completed
RTE-CIN-20250820-001,HUB-CIN,DRV-01003,VEH-0036,2025-08-20,26,3,completed
RTE-CMH-20250516-002,HUB-CMH,DRV-01049,VEH-0007,2025-05-16,52,0,completed
RTE-IND-20251219-004,HUB-IND,DRV-01033,VEH-0009,2025-12-19,53,0,completed
RTE-DET-20251029-001,HUB-DET,DRV-01022,VEH-0030,2025-10-29,35,0,completed
RTE-DET-20250501-001,HUB-DET,DRV-01022,VEH-0029,2025-05-01,35,0,completed
RTE-DET-20250924-001,HUB-DET,DRV-01037,VEH-0030,2025-09-24,55,0,completed
RTE-CIN-20250903-003,HUB-CIN,DRV-01026,VEH-0020,2025-09-03,54,0,completed
RTE-CMH-20250602-002,HUB-CMH,DRV-01030,VEH-0012,2025-06-02,38,0,completed
RTE-IND-20250128-001,HUB-IND,DRV-01033,VEH-0010,2025-01-28,47,4,partial
RTE-IND-20250312-001,HUB-IND,DRV-01033,VEH-0010,2025-03-12,39,0,completed
RTE-CIN-20250903-004,HUB-CIN,DRV-01026,VEH-0018,2025-09-03,21,0,completed
RTE-IND-20250901-002,HUB-IND,DRV-01006,VEH-0013,2025-09-01,38,0,completed
RTE-CHI-20251111-002,HUB-CHI,DRV-01007,VEH-0014,2025-11-11,42,0,completed
RTE-CIN-20250328-003,HUB-CIN,DRV-01002,VEH-0020,2025-03-28,38,0,completed
RTE-CIN-20251103-003,HUB-CIN,DRV-01041,VEH-0018,2025-11-03,61,0,completed
RTE-IND-20251014-004,HUB-IND,DRV-01188,VEH-0013,2025-10-14,47,3,completed
RTE-CMH-20250116-003,HUB-CMH,DRV-01013,VEH-0012,2025-01-16,56,0,completed
RTE-CIN-20250820-002,HUB-CIN,DRV-01027,VEH-0032,2025-08-20,37,0,completed
RTE-CHI-20250721-002,HUB-CHI,DRV-01007,VEH-0040,2025-07-21,48,2,completed
RTE-DET-20250728-002,HUB-DET,DRV-01046,VEH-0030,2025-07-28,44,1,partial
RTE-DET-20251015-002,HUB-DET,DRV-01014,VEH-0030,2025-10-15,25,0,completed
RTE-CHI-20250729-004,HUB-CHI,DRV-01017,VEH-0037,2025-07-29,37,2,completed
RTE-IND-20250707-002,HUB-IND,DRV-01188,VEH-0013,2025-07-07,19,0,completed
RTE-CHI-20250518-001,HUB-CHI,DRV-01017,VEH-0019,2025-05-18,36,1,partial
RTE-CHI-20250714-002,HUB-CHI,DRV-01005,VEH-0002,2025-07-14,22,0,completed
RTE-CIN-20250929-002,HUB-CIN,DRV-01019,VEH-0025,2025-09-29,50,0,completed
RTE-CIN-20250105-002,HUB-CIN,DRV-01008,VEH-0036,2025-01-05,19,0,completed
RTE-IND-20250717-003,HUB-IND,DRV-01006,VEH-0010,2025-07-17,58,0,completed
RTE-DET-20250926-001,HUB-DET,DRV-01037,VEH-0029,2025-09-26,56,1,partial
RTE-CHI-20250422-003,HUB-CHI,DRV-01007,VEH-0019,2025-04-22,26,0,completed
RTE-IND-20250108-002,HUB-IND,DRV-01024,VEH-0010,2025-01-08,58,0,completed
RTE-CHI-20251222-001,HUB-CHI,DRV-01047,VEH-0037,2025-12-22,51,0,completed
RTE-CHI-20250217-001,HUB-CHI,DRV-01047,VEH-0040,2025-02-17,64,0,completed
RTE-CHI-20251020-001,HUB-CHI,DRV-01012,VEH-0006,2025-10-20,33,0,completed
RTE-CIN-20250812-002,HUB-CIN,DRV-01023,VEH-0020,2025-08-12,19,2,completed
RTE-CHI-20251209-005,HUB-CHI,DRV-01020,VEH-0002,2025-12-09,64,0,completed
RTE-CMH-20250203-004,HUB-CMH,DRV-01013,VEH-0003,2025-02-03,52,6,partial
RTE-CHI-20250907-001,HUB-CHI,DRV-01035,VEH-0019,2025-09-07,26,0,completed
RTE-DET-20251121-001,HUB-DET,DRV-01021,VEH-0024,2025-11-21,36,0,completed
RTE-CMH-20251204-001,HUB-CMH,DRV-01013,VEH-0038,2025-12-04,35,0,completed
RTE-DET-20250730-003,HUB-DET,DRV-01046,VEH-0022,2025-07-30,45,0,completed
RTE-CMH-20251212-002,HUB-CMH,DRV-01009,VEH-0038,2025-12-12,57,5,partial
RTE-IND-20250228-001,HUB-IND,DRV-01032,VEH-0023,2025-02-28,39,0,completed
RTE-IND-20250623-001,HUB-IND,DRV-01031,VEH-0010,2025-06-23,58,0,completed
RTE-DET-20250930-002,HUB-DET,DRV-01046,VEH-0011,2025-09-30,49,0,completed
RTE-CMH-20250919-003,HUB-CMH,DRV-01044,VEH-0012,2025-09-19,50,0,completed
RTE-DET-20251231-002,HUB-DET,DRV-01021,VEH-0011,2025-12-31,33,0,completed
RTE-CMH-20250512-002,HUB-CMH,DRV-01028,VEH-0021,2025-05-12,57,3,completed
RTE-CIN-20250711-001,HUB-CIN,DRV-01008,VEH-0032,2025-07-11,34,2,partial
RTE-IND-20250611-003,HUB-IND,DRV-01045,VEH-0017,2025-06-11,40,1,completed
RTE-DET-20251127-001,HUB-DET,DRV-01004,VEH-0011,2025-11-27,57,0,completed
RTE-DET-20250628-001,HUB-DET,DRV-01014,VEH-0029,2025-06-28,27,0,completed
RTE-CHI-20250101-001,HUB-CHI,DRV-01007,VEH-0019,2025-01-01,52,3,completed
RTE-IND-20251102-001,HUB-IND,DRV-01031,VEH-0016,2025-11-02,19,0,completed
RTE-CHI-20250326-003,HUB-CHI,DRV-01007,VEH-0019,2025-03-26,21,0,completed
RTE-DET-20251014-001,HUB-DET,DRV-01014,VEH-0011,2025-10-14,39,0,completed
RTE-CHI-20250120-002,HUB-CHI,DRV-01017,VEH-0006,2025-01-20,29,0,completed
RTE-CHI-20250323-001,HUB-CHI,DRV-01005,VEH-0019,2025-03-23,61,0,completed
RTE-IND-20251230-001,HUB-IND,DRV-01042,VEH-0017,2025-12-30,42,0,completed
RTE-IND-20250916-001,HUB-IND,DRV-01188,VEH-0010,2025-09-16,42,0,completed
RTE-CIN-20250815-002,HUB-CIN,DRV-01041,VEH-0020,2025-08-15,32,0,completed
RTE-CIN-20251105-002,HUB-CIN,DRV-01023,VEH-0020,2025-11-05,22,6,partial
RTE-DET-20250630-004,HUB-DET,DRV-01037,VEH-0029,2025-06-30,51,0,completed
RTE-CMH-20250929-002,HUB-CMH,DRV-01039,VEH-0028,2025-09-29,48,0,completed
RTE-CHI-20250918-002,HUB-CHI,DRV-01047,VEH-0006,2025-09-18,18,0,completed
RTE-CIN-20250206-001,HUB-CIN,DRV-01034,VEH-0027,2025-02-06,45,0,completed
RTE-CIN-20251120-001,HUB-CIN,DRV-01038,VEH-0027,2025-11-20,36,0,completed
RTE-DET-20250110-002,HUB-DET,DRV-01021,VEH-0024,2025-01-10,44,3,partial
RTE-CHI-20250102-002,HUB-CHI,DRV-01011,VEH-0040,2025-01-02,24,0,completed
RTE-CIN-20251124-003,HUB-CIN,DRV-01027,VEH-0025,2025-11-24,51,0,completed
RTE-CMH-20250618-001,HUB-CMH,DRV-01043,VEH-0038,2025-06-18,20,0,completed
RTE-CMH-20251206-001,HUB-CMH,DRV-01015,VEH-0031,2025-12-06,55,0,completed
RTE-IND-20250825-001,HUB-IND,DRV-01032,VEH-0016,2025-08-25,19,0,completed
RTE-CIN-20250513-002,HUB-CIN,DRV-01023,VEH-0026,2025-05-13,49,0,completed
RTE-CMH-20250327-002,HUB-CMH,DRV-01010,VEH-0021,2025-03-27,58,0,completed
RTE-CHI-20250902-004,HUB-CHI,DRV-01007,VEH-0040,2025-09-02,23,0,completed
RTE-CIN-20251201-004,HUB-CIN,DRV-01041,VEH-0032,2025-12-01,18,2,completed
RTE-DET-20250411-001,HUB-DET,DRV-01022,VEH-0022,2025-04-11,57,0,completed
RTE-CIN-20250722-002,HUB-CIN,DRV-01038,VEH-0025,2025-07-22,26,0,completed
RTE-DET-20250212-002,HUB-DET,DRV-01022,VEH-0029,2025-02-12,35,0,completed
RTE-DET-20250115-004,HUB-DET,DRV-01046,VEH-0030,2025-01-15,32,0,completed
RTE-IND-20250815-002,HUB-IND,DRV-01045,VEH-0010,2025-08-15,26,0,completed
RTE-CMH-20251229-001,HUB-CMH,DRV-01030,VEH-0012,2025-12-29,24,0,completed
RTE-CMH-20250409-003,HUB-CMH,DRV-01039,VEH-0001,2025-04-09,22,0,completed
RTE-CIN-20250210-001,HUB-CIN,DRV-01019,VEH-0020,2025-02-10,23,0,completed
RTE-CMH-20251019-001,HUB-CMH,DRV-01044,VEH-0033,2025-10-19,36,3,completed
RTE-IND-20250713-001,HUB-IND,DRV-01032,VEH-0008,2025-07-13,53,0,completed
RTE-DET-20250723-003,HUB-DET,DRV-01014,VEH-0022,2025-07-23,26,0,completed
RTE-DET-20250603-001,HUB-DET,DRV-01046,VEH-0024,2025-06-03,35,0,completed
RTE-DET-20250120-001,HUB-DET,DRV-01004,VEH-0029,2025-01-20,21,0,completed
RTE-CHI-20251126-002,HUB-CHI,DRV-01047,VEH-0040,2025-11-26,51,0,completed
RTE-CHI-20251113-002,HUB-CHI,DRV-01007,VEH-0014,2025-11-13,25,0,completed
RTE-CMH-20250121-002,HUB-CMH,DRV-01028,VEH-0007,2025-01-21,56,6,partial
RTE-CIN-20251114-003,HUB-CIN,DRV-01041,VEH-0018,2025-11-14,64,1,completed
RTE-DET-20250626-002,HUB-DET,DRV-01021,VEH-0029,2025-06-26,58,0,completed
RTE-IND-20250808-004,HUB-IND,DRV-01042,VEH-0013,2025-08-08,41,0,completed
RTE-CHI-20250111-001,HUB-CHI,DRV-01035,VEH-0040,2025-01-11,64,0,completed
RTE-IND-20251029-002,HUB-IND,DRV-01188,VEH-0016,2025-10-29,23,0,completed
RTE-CIN-20250111-002,HUB-CIN,DRV-01041,VEH-0027,2025-01-11,55,0,completed
RTE-DET-20250422-002,HUB-DET,DRV-01037,VEH-0024,2025-04-22,52,0,completed
RTE-IND-20250725-003,HUB-IND,DRV-01031,VEH-0009,2025-07-25,20,0,completed
RTE-IND-20250528-001,HUB-IND,DRV-01032,VEH-0009,2025-05-28,34,0,completed
RTE-IND-20250113-003,HUB-IND,DRV-01031,VEH-0008,2025-01-13,47,0,completed
RTE-CMH-20250102-005,HUB-CMH,DRV-01010,VEH-0031,2025-01-02,47,0,completed
RTE-DET-20250515-001,HUB-DET,DRV-01021,VEH-0022,2025-05-15,63,0,completed
RTE-IND-20250811-001,HUB-IND,DRV-01024,VEH-0013,2025-08-11,31,0,completed
RTE-CMH-20250624-001,HUB-CMH,DRV-01009,VEH-0033,2025-06-24,27,0,completed
RTE-CHI-20251121-002,HUB-CHI,DRV-01005,VEH-0006,2025-11-21,40,0,completed
RTE-DET-20250331-003,HUB-DET,DRV-01014,VEH-0022,2025-03-31,19,0,completed
RTE-IND-20250128-002,HUB-IND,DRV-01006,VEH-0016,2025-01-28,62,0,completed
RTE-CMH-20250808-004,HUB-CMH,DRV-01009,VEH-0007,2025-08-08,41,0,completed
RTE-IND-20250604-002,HUB-IND,DRV-01032,VEH-0008,2025-06-04,43,0,completed
RTE-DET-20251215-003,HUB-DET,DRV-01022,VEH-0022,2025-12-15,23,4,partial
RTE-CIN-20250101-002,HUB-CIN,DRV-01029,VEH-0018,2025-01-01,60,0,completed
RTE-DET-20250801-004,HUB-DET,DRV-01014,VEH-0024,2025-08-01,26,1,partial
RTE-CHI-20250905-002,HUB-CHI,DRV-01047,VEH-0004,2025-09-05,22,1,partial
RTE-DET-20251001-001,HUB-DET,DRV-01037,VEH-0029,2025-10-01,35,0,completed
RTE-IND-20250831-001,HUB-IND,DRV-01033,VEH-0013,2025-08-31,53,0,completed
RTE-DET-20250409-002,HUB-DET,DRV-01021,VEH-0022,2025-04-09,39,0,completed
RTE-CIN-20250714-001,HUB-CIN,DRV-01034,VEH-0036,2025-07-14,54,0,completed
RTE-DET-20250909-001,HUB-DET,DRV-01014,VEH-0030,2025-09-09,41,3,partial
RTE-CHI-20250324-003,HUB-CHI,DRV-01047,VEH-0002,2025-03-24,24,0,completed
RTE-CIN-20250109-001,HUB-CIN,DRV-01025,VEH-0032,2025-01-09,59,0,completed
RTE-CMH-20251127-004,HUB-CMH,DRV-01016,VEH-0003,2025-11-27,57,0,completed
RTE-CHI-20250714-003,HUB-CHI,DRV-01011,VEH-0006,2025-07-14,21,0,completed
RTE-CHI-20250907-002,HUB-CHI,DRV-01020,VEH-0037,2025-09-07,22,0,completed
RTE-CIN-20251125-003,HUB-CIN,DRV-01041,VEH-0025,2025-11-25,61,0,completed
RTE-CHI-20250428-001,HUB-CHI,DRV-01048,VEH-0014,2025-04-28,23,0,completed
RTE-CIN-20251216-002,HUB-CIN,DRV-01038,VEH-0036,2025-12-16,19,0,completed
RTE-CIN-20251008-005,HUB-CIN,DRV-01003,VEH-0025,2025-10-08,64,0,completed
RTE-DET-20250729-003,HUB-DET,DRV-01004,VEH-0022,2025-07-29,19,0,completed
RTE-CIN-20251022-003,HUB-CIN,DRV-01002,VEH-0025,2025-10-22,23,0,completed
RTE-IND-20250421-001,HUB-IND,DRV-01032,VEH-0010,2025-04-21,54,0,completed
RTE-IND-20250508-001,HUB-IND,DRV-01045,VEH-0016,2025-05-08,21,0,completed
RTE-DET-20250925-003,HUB-DET,DRV-01022,VEH-0030,2025-09-25,58,0,completed
RTE-IND-20250508-002,HUB-IND,DRV-01188,VEH-0009,2025-05-08,36,0,completed
RTE-CMH-20250514-003,HUB-CMH,DRV-01040,VEH-0031,2025-05-14,47,0,completed
RTE-CIN-20250218-001,HUB-CIN,DRV-01027,VEH-0032,2025-02-18,36,5,partial
RTE-CHI-20251105-002,HUB-CHI,DRV-01011,VEH-0037,2025-11-05,51,3,completed
RTE-CIN-20250113-001,HUB-CIN,DRV-01041,VEH-0032,2025-01-13,29,0,completed
RTE-CHI-20251211-004,HUB-CHI,DRV-01048,VEH-0002,2025-12-11,53,3,completed
RTE-DET-20250321-002,HUB-DET,DRV-01014,VEH-0029,2025-03-21,48,0,completed
RTE-CMH-20250425-002,HUB-CMH,DRV-01044,VEH-0007,2025-04-25,39,0,completed
RTE-DET-20251014-002,HUB-DET,DRV-01022,VEH-0029,2025-10-14,32,0,completed
RTE-CMH-20250512-003,HUB-CMH,DRV-01036,VEH-0033,2025-05-12,65,0,completed
RTE-DET-20250828-002,HUB-DET,DRV-01021,VEH-0022,2025-08-28,26,0,completed
RTE-CMH-20250619-002,HUB-CMH,DRV-01018,VEH-0007,2025-06-19,22,0,completed
RTE-DET-20250206-003,HUB-DET,DRV-01004,VEH-0022,2025-02-06,41,0,completed
RTE-IND-20250602-001,HUB-IND,DRV-01033,VEH-0017,2025-06-02,47,3,partial
RTE-DET-20250701-003,HUB-DET,DRV-01021,VEH-0024,2025-07-01,63,0,completed
RTE-DET-20250123-001,HUB-DET,DRV-01022,VEH-0029,2025-01-23,37,0,completed
RTE-IND-20250923-002,HUB-IND,DRV-01024,VEH-0009,2025-09-23,52,0,completed
RTE-CMH-20250812-001,HUB-CMH,DRV-01028,VEH-0038,2025-08-12,33,0,completed
RTE-IND-20251107-002,HUB-IND,DRV-01031,VEH-0017,2025-11-07,26,0,completed
RTE-CMH-20250718-003,HUB-CMH,DRV-01039,VEH-0012,2025-07-18,41,0,completed
RTE-IND-20250806-001,HUB-IND,DRV-01033,VEH-0013,2025-08-06,24,0,completed
RTE-CMH-20250220-001,HUB-CMH,DRV-01039,VEH-0003,2025-02-20,20,0,completed
RTE-DET-20250530-002,HUB-DET,DRV-01014,VEH-0030,2025-05-30,59,0,completed
RTE-CHI-20250210-002,HUB-CHI,DRV-01048,VEH-0006,2025-02-10,38,0,completed
RTE-CMH-20251230-003,HUB-CMH,DRV-01039,VEH-0003,2025-12-30,26,0,completed
RTE-CHI-20250207-002,HUB-CHI,DRV-01047,VEH-0040,2025-02-07,62,3,completed
RTE-CHI-20250914-001,HUB-CHI,DRV-01005,VEH-0004,2025-09-14,61,0,completed
RTE-DET-20250519-002,HUB-DET,DRV-01037,VEH-0024,2025-05-19,18,0,completed
RTE-CHI-20250102-003,HUB-CHI,DRV-01005,VEH-0005,2025-01-02,28,0,completed
RTE-DET-20250123-002,HUB-DET,DRV-01021,VEH-0011,2025-01-23,56,0,completed
RTE-CIN-20251222-001,HUB-CIN,DRV-01019,VEH-0026,2025-12-22,44,2,partial
RTE-IND-20251124-001,HUB-IND,DRV-01188,VEH-0009,2025-11-24,51,2,completed
RTE-IND-20250717-004,HUB-IND,DRV-01045,VEH-0009,2025-07-17,44,1,completed
RTE-CMH-20250114-001,HUB-CMH,DRV-01044,VEH-0038,2025-01-14,53,0,completed
RTE-CMH-20250101-002,HUB-CMH,DRV-01016,VEH-0012,2025-01-01,47,0,completed
RTE-DET-20251007-004,HUB-DET,DRV-01037,VEH-0029,2025-10-07,58,0,completed
RTE-CHI-20251202-003,HUB-CHI,DRV-01005,VEH-0006,2025-12-02,18,0,completed
RTE-CIN-20250201-001,HUB-CIN,DRV-01003,VEH-0036,2025-02-01,45,0,completed
RTE-CHI-20250329-001,HUB-CHI,DRV-01047,VEH-0037,2025-03-29,59,0,completed
RTE-IND-20250227-001,HUB-IND,DRV-01033,VEH-0008,2025-02-27,40,0,completed
RTE-CMH-20251223-004,HUB-CMH,DRV-01036,VEH-0038,2025-12-23,21,0,completed
RTE-DET-20251214-002,HUB-DET,DRV-01046,VEH-0022,2025-12-14,57,0,completed
RTE-CIN-20251222-002,HUB-CIN,DRV-01023,VEH-0036,2025-12-22,27,0,completed
RTE-CHI-20250729-005,HUB-CHI,DRV-01020,VEH-0006,2025-07-29,37,0,completed
RTE-CHI-20251227-001,HUB-CHI,DRV-01048,VEH-0040,2025-12-27,59,0,completed
RTE-IND-20251112-003,HUB-IND,DRV-01042,VEH-0016,2025-11-12,23,2,partial
RTE-CHI-20250428-002,HUB-CHI,DRV-01020,VEH-0019,2025-04-28,51,0,completed
RTE-CHI-20250822-002,HUB-CHI,DRV-01048,VEH-0006,2025-08-22,34,0,completed
RTE-CIN-20250421-002,HUB-CIN,DRV-01034,VEH-0018,2025-04-21,45,3,completed
RTE-CIN-20250614-002,HUB-CIN,DRV-01027,VEH-0025,2025-06-14,31,3,completed
RTE-CMH-20250729-002,HUB-CMH,DRV-01015,VEH-0001,2025-07-29,61,0,completed
RTE-DET-20250808-004,HUB-DET,DRV-01037,VEH-0024,2025-08-08,58,0,completed
RTE-CIN-20250826-001,HUB-CIN,DRV-01029,VEH-0027,2025-08-26,61,0,completed
RTE-IND-20250219-002,HUB-IND,DRV-01042,VEH-0023,2025-02-19,34,0,completed
RTE-CMH-20250211-001,HUB-CMH,DRV-01030,VEH-0003,2025-02-11,48,0,completed
RTE-IND-20250922-001,HUB-IND,DRV-01188,VEH-0010,2025-09-22,55,0,completed
RTE-CIN-20250123-002,HUB-CIN,DRV-01008,VEH-0026,2025-01-23,29,0,completed
RTE-DET-20250922-001,HUB-DET,DRV-01021,VEH-0030,2025-09-22,19,0,completed
RTE-CHI-20250910-001,HUB-CHI,DRV-01005,VEH-0002,2025-09-10,53,0,completed
RTE-IND-20250912-002,HUB-IND,DRV-01032,VEH-0023,2025-09-12,60,0,completed
RTE-CHI-20251218-003,HUB-CHI,DRV-01011,VEH-0019,2025-12-18,40,0,completed
RTE-IND-20251224-001,HUB-IND,DRV-01045,VEH-0016,2025-12-24,19,0,completed
RTE-IND-20251008-003,HUB-IND,DRV-01045,VEH-0023,2025-10-08,56,0,completed
RTE-CMH-20250101-003,HUB-CMH,DRV-01016,VEH-0038,2025-01-01,25,2,completed
RTE-IND-20250320-003,HUB-IND,DRV-01031,VEH-0010,2025-03-20,57,0,completed
RTE-IND-20251216-004,HUB-IND,DRV-01188,VEH-0017,2025-12-16,20,3,completed
RTE-IND-20250313-003,HUB-IND,DRV-01033,VEH-0023,2025-03-13,45,2,partial
RTE-CIN-20250323-001,HUB-CIN,DRV-01027,VEH-0026,2025-03-23,36,0,completed
RTE-CMH-20250505-003,HUB-CMH,DRV-01039,VEH-0038,2025-05-05,31,0,completed
RTE-CMH-20251105-001,HUB-CMH,DRV-01036,VEH-0003,2025-11-05,61,6,partial
RTE-DET-20251125-003,HUB-DET,DRV-01021,VEH-0011,2025-11-25,50,3,partial
RTE-CMH-20250310-002,HUB-CMH,DRV-01039,VEH-0007,2025-03-10,28,0,completed
RTE-CIN-20250611-002,HUB-CIN,DRV-01027,VEH-0025,2025-06-11,47,0,completed
RTE-CHI-20250810-003,HUB-CHI,DRV-01048,VEH-0040,2025-08-10,42,0,completed
RTE-IND-20250819-001,HUB-IND,DRV-01042,VEH-0010,2025-08-19,26,0,completed
RTE-CIN-20250731-002,HUB-CIN,DRV-01025,VEH-0026,2025-07-31,52,0,completed
RTE-DET-20250807-002,HUB-DET,DRV-01021,VEH-0030,2025-08-07,48,0,completed
RTE-DET-20251203-001,HUB-DET,DRV-01021,VEH-0030,2025-12-03,48,1,completed
RTE-IND-20250331-004,HUB-IND,DRV-01042,VEH-0010,2025-03-31,43,0,completed
RTE-CHI-20250624-002,HUB-CHI,DRV-01012,VEH-0014,2025-06-24,46,0,completed
RTE-CIN-20250516-004,HUB-CIN,DRV-01023,VEH-0025,2025-05-16,47,1,partial
RTE-IND-20250609-003,HUB-IND,DRV-01006,VEH-0010,2025-06-09,60,0,completed
RTE-DET-20250419-001,HUB-DET,DRV-01004,VEH-0029,2025-04-19,56,0,completed
RTE-CIN-20250203-002,HUB-CIN,DRV-01003,VEH-0027,2025-02-03,43,0,completed
RTE-IND-20250814-002,HUB-IND,DRV-01042,VEH-0010,2025-08-14,54,0,completed
RTE-CIN-20250402-003,HUB-CIN,DRV-01029,VEH-0018,2025-04-02,60,0,completed
RTE-CHI-20251128-001,HUB-CHI,DRV-01017,VEH-0004,2025-11-28,57,0,completed
RTE-DET-20250824-001,HUB-DET,DRV-01046,VEH-0011,2025-08-24,23,0,completed
RTE-DET-20250225-001,HUB-DET,DRV-01022,VEH-0029,2025-02-25,36,0,completed
RTE-DET-20250410-002,HUB-DET,DRV-01004,VEH-0024,2025-04-10,52,0,completed
RTE-CIN-20250102-003,HUB-CIN,DRV-01029,VEH-0025,2025-01-02,56,1,partial
RTE-DET-20250425-002,HUB-DET,DRV-01037,VEH-0024,2025-04-25,48,0,completed
RTE-CHI-20251106-004,HUB-CHI,DRV-01017,VEH-0040,2025-11-06,42,0,completed
RTE-CIN-20250922-002,HUB-CIN,DRV-01034,VEH-0020,2025-09-22,63,0,completed
RTE-DET-20250211-004,HUB-DET,DRV-01046,VEH-0011,2025-02-11,62,0,completed
RTE-CIN-20250611-003,HUB-CIN,DRV-01038,VEH-0018,2025-06-11,52,0,completed
RTE-CIN-20250211-001,HUB-CIN,DRV-01026,VEH-0032,2025-02-11,38,1,partial
RTE-CMH-20250817-001,HUB-CMH,DRV-01039,VEH-0001,2025-08-17,38,0,completed
RTE-CHI-20250203-002,HUB-CHI,DRV-01035,VEH-0002,2025-02-03,41,4,partial
RTE-CIN-20250313-002,HUB-CIN,DRV-01023,VEH-0025,2025-03-13,57,0,completed
RTE-DET-20250815-003,HUB-DET,DRV-01037,VEH-0024,2025-08-15,41,0,completed
RTE-CHI-20250218-002,HUB-CHI,DRV-01035,VEH-0004,2025-02-18,32,5,partial
RTE-CMH-20250418-002,HUB-CMH,DRV-01043,VEH-0038,2025-04-18,62,0,completed
RTE-IND-20250501-004,HUB-IND,DRV-01042,VEH-0016,2025-05-01,63,0,completed
RTE-IND-20250401-001,HUB-IND,DRV-01006,VEH-0017,2025-04-01,29,0,completed
RTE-DET-20250613-004,HUB-DET,DRV-01004,VEH-0011,2025-06-13,42,0,completed
RTE-DET-20251225-002,HUB-DET,DRV-01021,VEH-0022,2025-12-25,39,3,completed
RTE-CHI-20250921-001,HUB-CHI,DRV-01011,VEH-0040,2025-09-21,62,1,completed
RTE-CMH-20250512-004,HUB-CMH,DRV-01010,VEH-0038,2025-05-12,65,2,completed
RTE-DET-20251120-001,HUB-DET,DRV-01022,VEH-0022,2025-11-20,36,2,completed
RTE-CMH-20250801-004,HUB-CMH,DRV-01010,VEH-0031,2025-08-01,31,0,completed
RTE-DET-20250707-002,HUB-DET,DRV-01021,VEH-0011,2025-07-07,63,0,completed
RTE-CIN-20250402-004,HUB-CIN,DRV-01029,VEH-0032,2025-04-02,49,1,completed
RTE-IND-20250218-004,HUB-IND,DRV-01024,VEH-0010,2025-02-18,61,0,completed
RTE-CMH-20250427-001,HUB-CMH,DRV-01028,VEH-0007,2025-04-27,59,0,completed
RTE-CIN-20250715-002,HUB-CIN,DRV-01025,VEH-0018,2025-07-15,34,0,completed
RTE-IND-20251204-004,HUB-IND,DRV-01042,VEH-0009,2025-12-04,42,2,partial
RTE-IND-20250506-001,HUB-IND,DRV-01033,VEH-0017,2025-05-06,48,0,completed
RTE-IND-20250328-004,HUB-IND,DRV-01006,VEH-0010,2025-03-28,64,0,completed
RTE-CMH-20250502-002,HUB-CMH,DRV-01043,VEH-0031,2025-05-02,22,0,completed
RTE-IND-20250103-002,HUB-IND,DRV-01042,VEH-0017,2025-01-03,51,0,completed
RTE-DET-20250311-001,HUB-DET,DRV-01021,VEH-0022,2025-03-11,30,0,completed
RTE-DET-20250917-001,HUB-DET,DRV-01004,VEH-0024,2025-09-17,44,0,completed
RTE-DET-20250703-001,HUB-DET,DRV-01014,VEH-0030,2025-07-03,41,0,completed
RTE-CIN-20250320-002,HUB-CIN,DRV-01023,VEH-0020,2025-03-20,57,0,completed
RTE-IND-20250813-002,HUB-IND,DRV-01045,VEH-0016,2025-08-13,53,2,partial
RTE-CHI-20250908-002,HUB-CHI,DRV-01012,VEH-0002,2025-09-08,47,0,completed
RTE-DET-20250306-003,HUB-DET,DRV-01046,VEH-0029,2025-03-06,18,0,completed
RTE-CMH-20250528-003,HUB-CMH,DRV-01015,VEH-0021,2025-05-28,47,0,completed
RTE-CMH-20250709-004,HUB-CMH,DRV-01009,VEH-0033,2025-07-09,38,2,partial
RTE-CMH-20251110-002,HUB-CMH,DRV-01039,VEH-0031,2025-11-10,38,0,completed
RTE-CIN-20250723-003,HUB-CIN,DRV-01027,VEH-0036,2025-07-23,65,0,completed
RTE-CHI-20250310-001,HUB-CHI,DRV-01012,VEH-0005,2025-03-10,36,0,completed
RTE-DET-20250223-002,HUB-DET,DRV-01037,VEH-0029,2025-02-23,24,0,completed
RTE-DET-20250507-003,HUB-DET,DRV-01014,VEH-0024,2025-05-07,55,3,partial
RTE-CHI-20250216-001,HUB-CHI,DRV-01005,VEH-0005,2025-02-16,53,0,completed
RTE-CHI-20250310-002,HUB-CHI,DRV-01012,VEH-0005,2025-03-10,53,0,completed
RTE-IND-20250303-001,HUB-IND,DRV-01006,VEH-0017,2025-03-03,26,0,completed
RTE-IND-20250618-001,HUB-IND,DRV-01031,VEH-0009,2025-06-18,34,0,completed
RTE-CHI-20250321-002,HUB-CHI,DRV-01017,VEH-0006,2025-03-21,19,0,completed
RTE-CMH-20251226-002,HUB-CMH,DRV-01001,VEH-0001,2025-12-26,24,4,partial
RTE-CHI-20251106-005,HUB-CHI,DRV-01048,VEH-0005,2025-11-06,34,0,completed
RTE-CMH-20250620-005,HUB-CMH,DRV-01039,VEH-0033,2025-06-20,54,1,completed
RTE-CIN-20250324-001,HUB-CIN,DRV-01025,VEH-0026,2025-03-24,25,0,completed
RTE-CHI-20250906-001,HUB-CHI,DRV-01017,VEH-0014,2025-09-06,44,0,completed
RTE-CIN-20251003-001,HUB-CIN,DRV-01027,VEH-0026,2025-10-03,55,0,completed
RTE-DET-20250421-003,HUB-DET,DRV-01004,VEH-0024,2025-04-21,18,0,completed
RTE-DET-20250101-003,HUB-DET,DRV-01004,VEH-0030,2025-01-01,21,0,completed
RTE-DET-20250502-002,HUB-DET,DRV-01004,VEH-0022,2025-05-02,49,0,completed
RTE-IND-20250304-002,HUB-IND,DRV-01045,VEH-0013,2025-03-04,64,0,completed
RTE-DET-20250205-003,HUB-DET,DRV-01046,VEH-0022,2025-02-05,45,2,completed
RTE-CIN-20251103-004,HUB-CIN,DRV-01034,VEH-0026,2025-11-03,63,0,completed
RTE-CHI-20250821-001,HUB-CHI,DRV-01048,VEH-0005,2025-08-21,62,0,completed
RTE-CHI-20250915-003,HUB-CHI,DRV-01007,VEH-0014,2025-09-15,45,0,completed
RTE-CIN-20250324-002,HUB-CIN,DRV-01019,VEH-0020,2025-03-24,51,0,completed
RTE-CHI-20250212-004,HUB-CHI,DRV-01048,VEH-0019,2025-02-12,29,0,completed
RTE-IND-20250422-002,HUB-IND,DRV-01006,VEH-0013,2025-04-22,27,0,completed
RTE-CIN-20250115-001,HUB-CIN,DRV-01041,VEH-0025,2025-01-15,20,0,completed
RTE-CMH-20251218-001,HUB-CMH,DRV-01015,VEH-0021,2025-12-18,22,3,partial
RTE-IND-20250321-004,HUB-IND,DRV-01042,VEH-0013,2025-03-21,46,0,completed
RTE-CIN-20250925-001,HUB-CIN,DRV-01019,VEH-0027,2025-09-25,63,0,completed
RTE-IND-20251224-002,HUB-IND,DRV-01006,VEH-0010,2025-12-24,44,0,completed
RTE-CIN-20251222-003,HUB-CIN,DRV-01041,VEH-0020,2025-12-22,30,0,completed
RTE-CHI-20250630-002,HUB-CHI,DRV-01020,VEH-0006,2025-06-30,31,0,completed
RTE-CMH-20250505-004,HUB-CMH,DRV-01036,VEH-0021,2025-05-05,39,0,completed
RTE-CIN-20250131-001,HUB-CIN,DRV-01041,VEH-0020,2025-01-31,40,0,completed
RTE-CHI-20250902-005,HUB-CHI,DRV-01012,VEH-0005,2025-09-02,65,0,completed
RTE-CMH-20250408-002,HUB-CMH,DRV-01001,VEH-0033,2025-04-08,18,0,completed
RTE-CIN-20250205-001,HUB-CIN,DRV-01026,VEH-0027,2025-02-05,37,0,completed
RTE-DET-20250602-002,HUB-DET,DRV-01046,VEH-0029,2025-06-02,36,0,completed
RTE-IND-20251119-001,HUB-IND,DRV-01031,VEH-0017,2025-11-19,57,5,partial
RTE-DET-20250707-003,HUB-DET,DRV-01021,VEH-0011,2025-07-07,53,0,completed
RTE-CIN-20250715-003,HUB-CIN,DRV-01008,VEH-0032,2025-07-15,26,0,completed
RTE-CMH-20251205-002,HUB-CMH,DRV-01040,VEH-0007,2025-12-05,39,0,completed
RTE-CMH-20250516-003,HUB-CMH,DRV-01043,VEH-0003,2025-05-16,65,0,completed
RTE-IND-20250708-004,HUB-IND,DRV-01045,VEH-0009,2025-07-08,59,0,completed
RTE-CHI-20250206-001,HUB-CHI,DRV-01035,VEH-0037,2025-02-06,46,0,completed
RTE-CIN-20251127-002,HUB-CIN,DRV-01002,VEH-0036,2025-11-27,59,0,completed
RTE-CMH-20250516-004,HUB-CMH,DRV-01040,VEH-0028,2025-05-16,54,0,completed
RTE-CMH-20250905-003,HUB-CMH,DRV-01013,VEH-0012,2025-09-05,45,0,completed
RTE-IND-20250329-001,HUB-IND,DRV-01032,VEH-0017,2025-03-29,27,2,completed
RTE-CMH-20250728-003,HUB-CMH,DRV-01015,VEH-0012,2025-07-28,37,0,completed
RTE-CHI-20251223-003,HUB-CHI,DRV-01047,VEH-0004,2025-12-23,40,6,partial
RTE-CMH-20250303-003,HUB-CMH,DRV-01036,VEH-0003,2025-03-03,39,0,completed
RTE-CIN-20250730-003,HUB-CIN,DRV-01019,VEH-0032,2025-07-30,19,0,completed
RTE-CHI-20250209-002,HUB-CHI,DRV-01011,VEH-0019,2025-02-09,28,0,completed
RTE-IND-20250725-004,HUB-IND,DRV-01188,VEH-0010,2025-07-25,46,0,completed
RTE-IND-20250715-004,HUB-IND,DRV-01033,VEH-0009,2025-07-15,50,0,completed
RTE-CMH-20250430-003,HUB-CMH,DRV-01028,VEH-0001,2025-04-30,47,0,completed
RTE-CMH-20250121-003,HUB-CMH,DRV-01040,VEH-0001,2025-01-21,24,3,completed
RTE-IND-20251107-003,HUB-IND,DRV-01031,VEH-0008,2025-11-07,25,0,completed
RTE-IND-20250904-002,HUB-IND,DRV-01006,VEH-0008,2025-09-04,35,0,completed
RTE-CMH-20250205-002,HUB-CMH,DRV-01039,VEH-0001,2025-02-05,46,2,partial
RTE-CHI-20250531-001,HUB-CHI,DRV-01005,VEH-0014,2025-05-31,54,0,completed
RTE-DET-20250109-003,HUB-DET,DRV-01021,VEH-0011,2025-01-09,34,1,completed
RTE-IND-20250121-001,HUB-IND,DRV-01032,VEH-0008,2025-01-21,19,0,completed
RTE-CMH-20250709-005,HUB-CMH,DRV-01013,VEH-0003,2025-07-09,41,0,completed
RTE-CMH-20250612-002,HUB-CMH,DRV-01018,VEH-0031,2025-06-12,18,0,completed
RTE-IND-20250816-001,HUB-IND,DRV-01024,VEH-0010,2025-08-16,25,0,completed
RTE-IND-20250206-001,HUB-IND,DRV-01045,VEH-0008,2025-02-06,54,0,completed
RTE-DET-20250517-001,HUB-DET,DRV-01022,VEH-0011,2025-05-17,61,0,completed
RTE-CHI-20250625-003,HUB-CHI,DRV-01048,VEH-0037,2025-06-25,25,2,completed
RTE-DET-20250210-003,HUB-DET,DRV-01014,VEH-0029,2025-02-10,24,3,partial
RTE-CMH-20250515-001,HUB-CMH,DRV-01001,VEH-0031,2025-05-15,24,0,completed
RTE-IND-20250804-002,HUB-IND,DRV-01006,VEH-0017,2025-08-04,34,0,completed
RTE-IND-20250612-002,HUB-IND,DRV-01032,VEH-0008,2025-06-12,62,1,completed
RTE-CIN-20250614-003,HUB-CIN,DRV-01038,VEH-0025,2025-06-14,38,0,completed
RTE-IND-20250401-002,HUB-IND,DRV-01006,VEH-0016,2025-04-01,51,0,completed
RTE-DET-20250118-001,HUB-DET,DRV-01046,VEH-0030,2025-01-18,26,2,partial
RTE-CMH-20250728-004,HUB-CMH,DRV-01009,VEH-0001,2025-07-28,55,0,completed
RTE-CIN-20251110-001,HUB-CIN,DRV-01019,VEH-0036,2025-11-10,22,0,completed
RTE-CMH-20251030-003,HUB-CMH,DRV-01043,VEH-0021,2025-10-30,21,3,partial
RTE-CMH-20250916-003,HUB-CMH,DRV-01010,VEH-0033,2025-09-16,63,0,completed
RTE-CHI-20251028-003,HUB-CHI,DRV-01011,VEH-0040,2025-10-28,37,0,completed
RTE-IND-20250621-001,HUB-IND,DRV-01031,VEH-0023,2025-06-21,40,0,completed
RTE-IND-20250409-003,HUB-IND,DRV-01042,VEH-0023,2025-04-09,20,0,completed
RTE-IND-20250807-002,HUB-IND,DRV-01031,VEH-0013,2025-08-07,33,0,completed
RTE-DET-20251230-001,HUB-DET,DRV-01046,VEH-0030,2025-12-30,43,0,completed
RTE-CIN-20250523-003,HUB-CIN,DRV-01003,VEH-0018,2025-05-23,20,0,completed
RTE-DET-20250311-002,HUB-DET,DRV-01014,VEH-0024,2025-03-11,30,2,completed
RTE-CIN-20250912-002,HUB-CIN,DRV-01029,VEH-0020,2025-09-12,60,0,completed
RTE-DET-20250106-002,HUB-DET,DRV-01004,VEH-0030,2025-01-06,62,0,completed
RTE-CMH-20250509-003,HUB-CMH,DRV-01030,VEH-0012,2025-05-09,58,0,completed
RTE-CHI-20251222-002,HUB-CHI,DRV-01012,VEH-0004,2025-12-22,40,0,completed
RTE-CMH-20250402-001,HUB-CMH,DRV-01030,VEH-0007,2025-04-02,60,0,completed
RTE-DET-20251230-002,HUB-DET,DRV-01046,VEH-0022,2025-12-30,19,2,completed
RTE-CMH-20250616-001,HUB-CMH,DRV-01039,VEH-0007,2025-06-16,42,0,completed
RTE-CMH-20250725-002,HUB-CMH,DRV-01049,VEH-0038,2025-07-25,44,0,completed
RTE-CMH-20250805-004,HUB-CMH,DRV-01009,VEH-0001,2025-08-05,53,0,completed
RTE-CHI-20251211-005,HUB-CHI,DRV-01005,VEH-0005,2025-12-11,60,0,completed
RTE-DET-20250902-006,HUB-DET,DRV-01022,VEH-0022,2025-09-02,44,3,completed
RTE-CHI-20250416-002,HUB-CHI,DRV-01020,VEH-0002,2025-04-16,43,0,completed
RTE-DET-20250910-003,HUB-DET,DRV-01004,VEH-0024,2025-09-10,40,3,completed
RTE-CIN-20250128-002,HUB-CIN,DRV-01019,VEH-0018,2025-01-28,44,0,completed
RTE-CIN-20251221-001,HUB-CIN,DRV-01002,VEH-0025,2025-12-21,41,0,completed
RTE-CMH-20250528-004,HUB-CMH,DRV-01044,VEH-0007,2025-05-28,34,0,completed
RTE-DET-20250203-003,HUB-DET,DRV-01004,VEH-0024,2025-02-03,18,0,completed
RTE-CIN-20251027-003,HUB-CIN,DRV-01002,VEH-0026,2025-10-27,43,1,partial
RTE-CMH-20250916-004,HUB-CMH,DRV-01040,VEH-0021,2025-09-16,57,0,completed
RTE-DET-20250418-001,HUB-DET,DRV-01022,VEH-0030,2025-04-18,34,0,completed
RTE-CHI-20250502-001,HUB-CHI,DRV-01007,VEH-0040,2025-05-02,46,0,completed
RTE-CMH-20251223-005,HUB-CMH,DRV-01009,VEH-0033,2025-12-23,45,0,completed
RTE-CMH-20250710-002,HUB-CMH,DRV-01040,VEH-0001,2025-07-10,35,0,completed
RTE-IND-20250910-002,HUB-IND,DRV-01032,VEH-0017,2025-09-10,24,0,completed
RTE-CHI-20251207-001,HUB-CHI,DRV-01020,VEH-0002,2025-12-07,63,0,completed
RTE-DET-20251014-003,HUB-DET,DRV-01004,VEH-0022,2025-10-14,55,2,completed
RTE-DET-20250704-004,HUB-DET,DRV-01022,VEH-0024,2025-07-04,31,0,completed
RTE-CMH-20250616-002,HUB-CMH,DRV-01049,VEH-0028,2025-06-16,33,0,completed
RTE-DET-20251224-002,HUB-DET,DRV-01021,VEH-0022,2025-12-24,56,0,completed
RTE-CMH-20250912-005,HUB-CMH,DRV-01030,VEH-0003,2025-09-12,28,3,completed
RTE-CHI-20250114-002,HUB-CHI,DRV-01047,VEH-0004,2025-01-14,18,2,partial
RTE-CIN-20250103-002,HUB-CIN,DRV-01008,VEH-0036,2025-01-03,33,1,partial
RTE-CIN-20251217-002,HUB-CIN,DRV-01002,VEH-0027,2025-12-17,47,0,completed
RTE-CMH-20250701-004,HUB-CMH,DRV-01049,VEH-0031,2025-07-01,43,1,completed
RTE-IND-20250722-004,HUB-IND,DRV-01033,VEH-0010,2025-07-22,56,1,partial
RTE-DET-20250528-001,HUB-DET,DRV-01046,VEH-0011,2025-05-28,45,0,completed
RTE-CHI-20250314-001,HUB-CHI,DRV-01011,VEH-0040,2025-03-14,62,0,completed
RTE-CMH-20250518-002,HUB-CMH,DRV-01010,VEH-0031,2025-05-18,19,0,completed
RTE-CIN-20250403-001,HUB-CIN,DRV-01038,VEH-0025,2025-04-03,44,0,completed
RTE-CIN-20250619-002,HUB-CIN,DRV-01008,VEH-0018,2025-06-19,63,0,completed
RTE-DET-20250612-003,HUB-DET,DRV-01037,VEH-0030,2025-06-12,43,0,completed
RTE-CHI-20250422-004,HUB-CHI,DRV-01047,VEH-0014,2025-04-22,40,0,completed
RTE-CMH-20251107-003,HUB-CMH,DRV-01030,VEH-0001,2025-11-07,29,3,completed
RTE-CMH-20250730-001,HUB-CMH,DRV-01043,VEH-0021,2025-07-30,37,0,completed
RTE-DET-20250425-003,HUB-DET,DRV-01014,VEH-0029,2025-04-25,59,0,completed
RTE-CMH-20251114-002,HUB-CMH,DRV-01030,VEH-0028,2025-11-14,46,0,completed
RTE-CIN-20250828-004,HUB-CIN,DRV-01023,VEH-0026,2025-08-28,43,0,completed
RTE-IND-20250422-003,HUB-IND,DRV-01031,VEH-0017,2025-04-22,54,1,completed
RTE-CHI-20251031-004,HUB-CHI,DRV-01047,VEH-0019,2025-10-31,28,0,completed
RTE-CMH-20251204-002,HUB-CMH,DRV-01016,VEH-0003,2025-12-04,28,4,partial
RTE-CIN-20250103-003,HUB-CIN,DRV-01034,VEH-0026,2025-01-03,20,4,canceled
RTE-IND-20250807-003,HUB-IND,DRV-01188,VEH-0016,2025-08-07,61,0,completed
RTE-DET-20250709-005,HUB-DET,DRV-01021,VEH-0030,2025-07-09,26,0,completed
RTE-CIN-20250422-004,HUB-CIN,DRV-01025,VEH-0025,2025-04-22,62,0,completed
RTE-IND-20250122-003,HUB-IND,DRV-01033,VEH-0017,2025-01-22,39,2,partial
RTE-DET-20251009-001,HUB-DET,DRV-01014,VEH-0030,2025-10-09,30,0,completed
RTE-DET-20250713-003,HUB-DET,DRV-01037,VEH-0011,2025-07-13,51,0,completed
RTE-IND-20250512-002,HUB-IND,DRV-01045,VEH-0008,2025-05-12,26,0,completed
RTE-CHI-20250727-001,HUB-CHI,DRV-01011,VEH-0006,2025-07-27,22,0,completed
RTE-CMH-20250414-003,HUB-CMH,DRV-01028,VEH-0001,2025-04-14,47,0,completed
RTE-CIN-20250530-001,HUB-CIN,DRV-01041,VEH-0026,2025-05-30,51,0,completed
RTE-CHI-20251123-001,HUB-CHI,DRV-01017,VEH-0019,2025-11-23,22,5,partial
RTE-IND-20251127-001,HUB-IND,DRV-01042,VEH-0010,2025-11-27,23,0,completed
RTE-CIN-20250413-001,HUB-CIN,DRV-01029,VEH-0018,2025-04-13,37,0,completed
RTE-IND-20251229-001,HUB-IND,DRV-01031,VEH-0010,2025-12-29,19,0,completed
RTE-CMH-20250310-003,HUB-CMH,DRV-01044,VEH-0012,2025-03-10,56,0,completed
RTE-CMH-20251211-002,HUB-CMH,DRV-01039,VEH-0001,2025-12-11,46,0,completed
RTE-IND-20250620-002,HUB-IND,DRV-01006,VEH-0008,2025-06-20,38,0,completed
RTE-DET-20250613-005,HUB-DET,DRV-01046,VEH-0029,2025-06-13,63,1,completed
RTE-CHI-20250820-001,HUB-CHI,DRV-01012,VEH-0037,2025-08-20,22,0,completed
RTE-IND-20250213-002,HUB-IND,DRV-01024,VEH-0023,2025-02-13,45,0,completed
RTE-CIN-20250318-001,HUB-CIN,DRV-01025,VEH-0026,2025-03-18,44,0,completed
RTE-IND-20251125-002,HUB-IND,DRV-01031,VEH-0017,2025-11-25,34,0,completed
RTE-CMH-20250625-002,HUB-CMH,DRV-01028,VEH-0038,2025-06-25,28,0,completed
RTE-IND-20251215-002,HUB-IND,DRV-01188,VEH-0013,2025-12-15,30,4,partial
RTE-IND-20250910-003,HUB-IND,DRV-01024,VEH-0016,2025-09-10,42,0,completed
RTE-CMH-20250131-002,HUB-CMH,DRV-01044,VEH-0007,2025-01-31,38,0,completed
RTE-CHI-20250919-003,HUB-CHI,DRV-01020,VEH-0037,2025-09-19,26,0,completed
RTE-CIN-20250508-003,HUB-CIN,DRV-01027,VEH-0026,2025-05-08,48,0,completed
RTE-CMH-20250514-004,HUB-CMH,DRV-01010,VEH-0012,2025-05-14,37,0,completed
RTE-IND-20250830-001,HUB-IND,DRV-01042,VEH-0008,2025-08-30,30,0,completed
RTE-CMH-20251204-003,HUB-CMH,DRV-01043,VEH-0007,2025-12-04,52,0,completed
RTE-DET-20250325-002,HUB-DET,DRV-01021,VEH-0029,2025-03-25,39,0,completed
RTE-DET-20250425-004,HUB-DET,DRV-01022,VEH-0024,2025-04-25,42,0,completed
RTE-IND-20250709-003,HUB-IND,DRV-01042,VEH-0017,2025-07-09,34,2,completed
RTE-CIN-20250919-001,HUB-CIN,DRV-01019,VEH-0027,2025-09-19,46,0,completed
RTE-IND-20250703-002,HUB-IND,DRV-01032,VEH-0013,2025-07-03,60,0,completed
RTE-CHI-20250328-003,HUB-CHI,DRV-01005,VEH-0014,2025-03-28,46,2,partial
RTE-DET-20250911-004,HUB-DET,DRV-01021,VEH-0030,2025-09-11,63,0,completed
RTE-CMH-20251229-002,HUB-CMH,DRV-01009,VEH-0038,2025-12-29,64,0,completed
RTE-CIN-20250717-003,HUB-CIN,DRV-01008,VEH-0036,2025-07-17,46,1,completed
RTE-CHI-20250619-003,HUB-CHI,DRV-01048,VEH-0040,2025-06-19,22,0,completed
RTE-CIN-20250630-002,HUB-CIN,DRV-01019,VEH-0025,2025-06-30,59,0,completed
RTE-CIN-20250309-001,HUB-CIN,DRV-01041,VEH-0032,2025-03-09,47,0,completed
RTE-IND-20250609-004,HUB-IND,DRV-01031,VEH-0023,2025-06-09,35,3,partial
RTE-CIN-20250513-003,HUB-CIN,DRV-01002,VEH-0025,2025-05-13,62,0,completed
RTE-DET-20250926-002,HUB-DET,DRV-01046,VEH-0030,2025-09-26,63,0,completed
RTE-DET-20251004-001,HUB-DET,DRV-01014,VEH-0024,2025-10-04,60,0,completed
RTE-IND-20250326-003,HUB-IND,DRV-01188,VEH-0023,2025-03-26,47,2,completed
RTE-CHI-20250822-003,HUB-CHI,DRV-01047,VEH-0004,2025-08-22,39,0,completed
RTE-DET-20250304-001,HUB-DET,DRV-01014,VEH-0011,2025-03-04,65,0,completed
RTE-CMH-20250713-001,HUB-CMH,DRV-01013,VEH-0038,2025-07-13,64,0,completed
RTE-CHI-20251224-002,HUB-CHI,DRV-01007,VEH-0004,2025-12-24,43,0,completed
RTE-DET-20250303-003,HUB-DET,DRV-01014,VEH-0024,2025-03-03,65,0,completed
RTE-CIN-20250723-004,HUB-CIN,DRV-01041,VEH-0027,2025-07-23,51,0,completed
RTE-DET-20251126-001,HUB-DET,DRV-01022,VEH-0029,2025-11-26,29,0,completed
RTE-IND-20250403-002,HUB-IND,DRV-01188,VEH-0016,2025-04-03,58,0,completed
RTE-IND-20250306-001,HUB-IND,DRV-01188,VEH-0013,2025-03-06,59,0,completed
RTE-DET-20251010-003,HUB-DET,DRV-01022,VEH-0011,2025-10-10,61,0,completed
RTE-CMH-20250720-001,HUB-CMH,DRV-01039,VEH-0021,2025-07-20,51,0,completed
RTE-DET-20250703-002,HUB-DET,DRV-01037,VEH-0022,2025-07-03,39,0,completed
RTE-CHI-20250709-001,HUB-CHI,DRV-01012,VEH-0019,2025-07-09,27,0,completed
RTE-CMH-20250129-002,HUB-CMH,DRV-01043,VEH-0012,2025-01-29,36,0,completed
RTE-DET-20250425-005,HUB-DET,DRV-01014,VEH-0024,2025-04-25,39,0,completed
RTE-DET-20250527-001,HUB-DET,DRV-01004,VEH-0011,2025-05-27,40,0,completed
RTE-CHI-20250923-001,HUB-CHI,DRV-01011,VEH-0004,2025-09-23,53,0,completed
RTE-IND-20251017-002,HUB-IND,DRV-01024,VEH-0013,2025-10-17,23,0,completed
RTE-DET-20250101-004,HUB-DET,DRV-01004,VEH-0029,2025-01-01,47,0,completed
RTE-CIN-20250807-001,HUB-CIN,DRV-01019,VEH-0036,2025-08-07,25,0,completed
RTE-IND-20250720-001,HUB-IND,DRV-01042,VEH-0009,2025-07-20,53,0,completed
RTE-IND-20250724-001,HUB-IND,DRV-01031,VEH-0010,2025-07-24,38,0,completed
RTE-IND-20250425-003,HUB-IND,DRV-01032,VEH-0009,2025-04-25,62,0,completed
RTE-CMH-20250331-002,HUB-CMH,DRV-01001,VEH-0003,2025-03-31,28,0,completed
RTE-DET-20250603-002,HUB-DET,DRV-01022,VEH-0024,2025-06-03,56,3,completed
RTE-IND-20251106-001,HUB-IND,DRV-01188,VEH-0013,2025-11-06,20,6,partial
RTE-IND-20250101-003,HUB-IND,DRV-01045,VEH-0016,2025-01-01,60,0,completed
RTE-CIN-20250709-001,HUB-CIN,DRV-01019,VEH-0020,2025-07-09,20,2,partial
RTE-IND-20250421-002,HUB-IND,DRV-01033,VEH-0010,2025-04-21,42,0,completed
RTE-DET-20250409-003,HUB-DET,DRV-01022,VEH-0030,2025-04-09,50,0,completed
RTE-DET-20250428-002,HUB-DET,DRV-01037,VEH-0029,2025-04-28,33,0,completed
RTE-IND-20250603-002,HUB-IND,DRV-01033,VEH-0016,2025-06-03,50,0,completed
RTE-DET-20250116-003,HUB-DET,DRV-01014,VEH-0022,2025-01-16,44,0,completed
RTE-CIN-20250409-001,HUB-CIN,DRV-01008,VEH-0032,2025-04-09,19,0,completed
RTE-CMH-20251230-004,HUB-CMH,DRV-01015,VEH-0007,2025-12-30,55,5,partial
RTE-CMH-20250313-003,HUB-CMH,DRV-01009,VEH-0007,2025-03-13,35,0,completed
RTE-IND-20251119-002,HUB-IND,DRV-01006,VEH-0013,2025-11-19,56,0,completed
RTE-CMH-20251005-001,HUB-CMH,DRV-01036,VEH-0012,2025-10-05,50,0,completed
RTE-CHI-20250110-003,HUB-CHI,DRV-01048,VEH-0005,2025-01-10,64,0,completed
RTE-CHI-20250916-002,HUB-CHI,DRV-01005,VEH-0004,2025-09-16,41,0,completed
RTE-IND-20251208-001,HUB-IND,DRV-01042,VEH-0010,2025-12-08,49,0,completed
RTE-DET-20250210-004,HUB-DET,DRV-01037,VEH-0011,2025-02-10,64,0,completed
RTE-CIN-20250718-002,HUB-CIN,DRV-01002,VEH-0020,2025-07-18,20,0,completed
RTE-CMH-20250116-004,HUB-CMH,DRV-01044,VEH-0028,2025-01-16,61,0,completed
RTE-DET-20250519-003,HUB-DET,DRV-01037,VEH-0011,2025-05-19,23,0,completed
RTE-CHI-20250521-003,HUB-CHI,DRV-01012,VEH-0037,2025-05-21,18,0,completed
RTE-IND-20250910-004,HUB-IND,DRV-01032,VEH-0009,2025-09-10,24,0,completed
RTE-CMH-20250225-004,HUB-CMH,DRV-01049,VEH-0028,2025-02-25,35,0,completed
RTE-CIN-20251114-004,HUB-CIN,DRV-01008,VEH-0027,2025-11-14,23,0,completed
RTE-CIN-20250225-004,HUB-CIN,DRV-01026,VEH-0036,2025-02-25,57,0,completed
RTE-CHI-20250204-002,HUB-CHI,DRV-01035,VEH-0014,2025-02-04,22,0,completed
RTE-CIN-20251225-001,HUB-CIN,DRV-01008,VEH-0018,2025-12-25,41,0,completed
RTE-CIN-20250604-002,HUB-CIN,DRV-01038,VEH-0020,2025-06-04,43,3,partial
RTE-CMH-20250924-002,HUB-CMH,DRV-01009,VEH-0003,2025-09-24,39,0,completed
RTE-CHI-20251205-002,HUB-CHI,DRV-01035,VEH-0002,2025-12-05,57,0,completed
RTE-CIN-20250418-001,HUB-CIN,DRV-01023,VEH-0025,2025-04-18,58,0,completed
RTE-IND-20250411-002,HUB-IND,DRV-01188,VEH-0009,2025-04-11,26,3,completed
RTE-CMH-20251119-003,HUB-CMH,DRV-01016,VEH-0012,2025-11-19,29,0,completed
RTE-DET-20250626-003,HUB-DET,DRV-01046,VEH-0022,2025-06-26,37,0,completed
RTE-CIN-20251015-001,HUB-CIN,DRV-01041,VEH-0036,2025-10-15,53,0,completed
RTE-CIN-20251219-002,HUB-CIN,DRV-01002,VEH-0036,2025-12-19,37,0,completed
RTE-CMH-20250911-002,HUB-CMH,DRV-01015,VEH-0031,2025-09-11,35,0,completed
RTE-IND-20251225-002,HUB-IND,DRV-01042,VEH-0010,2025-12-25,24,0,completed
RTE-CHI-20251019-001,HUB-CHI,DRV-01017,VEH-0002,2025-10-19,39,0,completed
RTE-IND-20251123-002,HUB-IND,DRV-01024,VEH-0008,2025-11-23,58,0,completed
RTE-CHI-20250709-002,HUB-CHI,DRV-01007,VEH-0002,2025-07-09,33,0,completed
RTE-CMH-20251024-002,HUB-CMH,DRV-01040,VEH-0031,2025-10-24,43,0,completed
RTE-CMH-20251218-002,HUB-CMH,DRV-01036,VEH-0028,2025-12-18,27,5,canceled
RTE-CIN-20250620-002,HUB-CIN,DRV-01026,VEH-0027,2025-06-20,63,3,partial
RTE-IND-20251107-004,HUB-IND,DRV-01031,VEH-0016,2025-11-07,18,5,partial
RTE-CIN-20250929-003,HUB-CIN,DRV-01008,VEH-0025,2025-09-29,52,0,completed
RTE-DET-20250616-002,HUB-DET,DRV-01037,VEH-0022,2025-06-16,56,0,completed
RTE-CMH-20251006-002,HUB-CMH,DRV-01013,VEH-0033,2025-10-06,19,0,completed
RTE-CHI-20250212-005,HUB-CHI,DRV-01005,VEH-0019,2025-02-12,53,0,completed
RTE-CIN-20250729-002,HUB-CIN,DRV-01038,VEH-0032,2025-07-29,37,0,completed
RTE-CMH-20250416-003,HUB-CMH,DRV-01028,VEH-0021,2025-04-16,51,0,completed
RTE-CMH-20251010-005,HUB-CMH,DRV-01043,VEH-0012,2025-10-10,34,0,completed
RTE-IND-20251031-003,HUB-IND,DRV-01024,VEH-0010,2025-10-31,18,0,completed
RTE-CIN-20250206-002,HUB-CIN,DRV-01003,VEH-0020,2025-02-06,63,0,completed
RTE-CMH-20250717-003,HUB-CMH,DRV-01028,VEH-0001,2025-07-17,18,2,completed
RTE-IND-20250703-003,HUB-IND,DRV-01024,VEH-0017,2025-07-03,65,0,completed
RTE-IND-20250409-004,HUB-IND,DRV-01024,VEH-0008,2025-04-09,64,0,completed
RTE-IND-20250612-003,HUB-IND,DRV-01032,VEH-0017,2025-06-12,54,0,completed
RTE-DET-20250615-002,HUB-DET,DRV-01004,VEH-0024,2025-06-15,35,1,partial
RTE-CIN-20251221-002,HUB-CIN,DRV-01029,VEH-0026,2025-12-21,21,1,partial
RTE-CHI-20251205-003,HUB-CHI,DRV-01007,VEH-0019,2025-12-05,27,0,completed
RTE-DET-20250225-002,HUB-DET,DRV-01022,VEH-0011,2025-02-25,25,3,completed
RTE-CHI-20250430-001,HUB-CHI,DRV-01017,VEH-0002,2025-04-30,56,0,completed
RTE-CHI-20250625-004,HUB-CHI,DRV-01035,VEH-0004,2025-06-25,26,0,completed
RTE-CIN-20250731-003,HUB-CIN,DRV-01023,VEH-0027,2025-07-31,23,0,completed
RTE-CHI-20251230-003,HUB-CHI,DRV-01012,VEH-0002,2025-12-30,25,0,completed
RTE-DET-20251024-005,HUB-DET,DRV-01021,VEH-0024,2025-10-24,58,0,completed
RTE-CHI-20250506-001,HUB-CHI,DRV-01012,VEH-0006,2025-05-06,42,0,completed
RTE-IND-20250220-002,HUB-IND,DRV-01032,VEH-0010,2025-02-20,36,0,completed
RTE-CHI-20250328-004,HUB-CHI,DRV-01048,VEH-0002,2025-03-28,65,0,completed
RTE-IND-20250129-001,HUB-IND,DRV-01032,VEH-0016,2025-01-29,61,0,completed
RTE-CMH-20251020-001,HUB-CMH,DRV-01016,VEH-0028,2025-10-20,18,0,completed
RTE-CHI-20250519-002,HUB-CHI,DRV-01048,VEH-0004,2025-05-19,45,0,completed
RTE-CHI-20250723-003,HUB-CHI,DRV-01020,VEH-0040,2025-07-23,49,0,completed
RTE-CIN-20250114-001,HUB-CIN,DRV-01027,VEH-0020,2025-01-14,47,1,partial
RTE-CIN-20250710-001,HUB-CIN,DRV-01003,VEH-0025,2025-07-10,65,0,completed
RTE-CIN-20251021-003,HUB-CIN,DRV-01041,VEH-0036,2025-10-21,65,0,completed
RTE-IND-20250711-001,HUB-IND,DRV-01042,VEH-0008,2025-07-11,53,0,completed
RTE-IND-20250702-001,HUB-IND,DRV-01031,VEH-0016,2025-07-02,45,0,completed
RTE-IND-20251117-002,HUB-IND,DRV-01031,VEH-0009,2025-11-17,24,0,completed
RTE-CIN-20250307-002,HUB-CIN,DRV-01023,VEH-0020,2025-03-07,34,0,completed
RTE-CHI-20250903-004,HUB-CHI,DRV-01048,VEH-0002,2025-09-03,60,0,completed
RTE-CIN-20250321-002,HUB-CIN,DRV-01003,VEH-0032,2025-03-21,47,0,completed
RTE-IND-20250716-001,HUB-IND,DRV-01024,VEH-0017,2025-07-16,59,0,completed
RTE-CHI-20250515-001,HUB-CHI,DRV-01005,VEH-0014,2025-05-15,58,0,completed
RTE-CIN-20250909-005,HUB-CIN,DRV-01003,VEH-0020,2025-09-09,24,0,completed
RTE-CHI-20250714-004,HUB-CHI,DRV-01020,VEH-0006,2025-07-14,21,0,completed
RTE-IND-20250312-002,HUB-IND,DRV-01024,VEH-0009,2025-03-12,19,1,completed
RTE-DET-20251125-004,HUB-DET,DRV-01037,VEH-0011,2025-11-25,41,0,completed
RTE-CHI-20251112-002,HUB-CHI,DRV-01011,VEH-0040,2025-11-12,48,6,partial
RTE-IND-20250128-003,HUB-IND,DRV-01188,VEH-0013,2025-01-28,57,0,completed
RTE-DET-20250923-002,HUB-DET,DRV-01046,VEH-0022,2025-09-23,40,0,completed
RTE-DET-20251030-004,HUB-DET,DRV-01046,VEH-0024,2025-10-30,22,2,completed
RTE-DET-20250818-003,HUB-DET,DRV-01021,VEH-0030,2025-08-18,57,0,completed
RTE-DET-20250327-004,HUB-DET,DRV-01046,VEH-0029,2025-03-27,30,0,completed
RTE-CIN-20250730-004,HUB-CIN,DRV-01002,VEH-0018,2025-07-30,46,0,completed
RTE-CIN-20250224-002,HUB-CIN,DRV-01023,VEH-0026,2025-02-24,38,3,partial
RTE-CMH-20250307-002,HUB-CMH,DRV-01009,VEH-0003,2025-03-07,27,0,completed
RTE-CMH-20250905-004,HUB-CMH,DRV-01040,VEH-0021,2025-09-05,27,0,completed
RTE-IND-20251225-003,HUB-IND,DRV-01032,VEH-0009,2025-12-25,59,0,completed
RTE-CHI-20250312-001,HUB-CHI,DRV-01048,VEH-0004,2025-03-12,37,0,completed
RTE-DET-20250227-001,HUB-DET,DRV-01004,VEH-0029,2025-02-27,43,0,completed
RTE-DET-20251115-002,HUB-DET,DRV-01021,VEH-0024,2025-11-15,44,0,completed
RTE-DET-20250121-002,HUB-DET,DRV-01004,VEH-0011,2025-01-21,56,0,completed
RTE-IND-20251024-003,HUB-IND,DRV-01024,VEH-0023,2025-10-24,25,0,completed
RTE-CIN-20250910-001,HUB-CIN,DRV-01027,VEH-0020,2025-09-10,33,0,completed
RTE-DET-20250411-002,HUB-DET,DRV-01004,VEH-0024,2025-04-11,59,0,completed
RTE-DET-20250922-002,HUB-DET,DRV-01004,VEH-0022,2025-09-22,43,0,completed
RTE-DET-20250418-002,HUB-DET,DRV-01014,VEH-0024,2025-04-18,39,0,completed
RTE-IND-20251003-001,HUB-IND,DRV-01045,VEH-0017,2025-10-03,55,0,completed
RTE-DET-20251010-004,HUB-DET,DRV-01021,VEH-0011,2025-10-10,51,0,completed
RTE-DET-20250702-001,HUB-DET,DRV-01046,VEH-0011,2025-07-02,22,0,completed
RTE-CIN-20250912-003,HUB-CIN,DRV-01023,VEH-0032,2025-09-12,37,0,completed
RTE-CHI-20250131-001,HUB-CHI,DRV-01047,VEH-0014,2025-01-31,50,0,completed
RTE-DET-20250429-002,HUB-DET,DRV-01037,VEH-0022,2025-04-29,43,0,completed
RTE-IND-20250127-003,HUB-IND,DRV-01033,VEH-0016,2025-01-27,43,0,completed
RTE-CIN-20251003-002,HUB-CIN,DRV-01003,VEH-0026,2025-10-03,22,0,completed
RTE-DET-20250908-002,HUB-DET,DRV-01046,VEH-0022,2025-09-08,36,0,completed
RTE-IND-20250826-002,HUB-IND,DRV-01045,VEH-0013,2025-08-26,51,0,completed
RTE-CHI-20250711-002,HUB-CHI,DRV-01047,VEH-0006,2025-07-11,62,0,completed
RTE-CMH-20251125-002,HUB-CMH,DRV-01039,VEH-0038,2025-11-25,51,4,partial
RTE-CMH-20250526-003,HUB-CMH,DRV-01044,VEH-0012,2025-05-26,39,0,completed
RTE-IND-20251121-002,HUB-IND,DRV-01042,VEH-0017,2025-11-21,46,0,completed
RTE-DET-20251123-002,HUB-DET,DRV-01037,VEH-0011,2025-11-23,48,0,completed
RTE-CMH-20251125-003,HUB-CMH,DRV-01044,VEH-0021,2025-11-25,58,0,completed
RTE-CMH-20250622-001,HUB-CMH,DRV-01001,VEH-0003,2025-06-22,49,0,completed
RTE-CMH-20250515-002,HUB-CMH,DRV-01010,VEH-0033,2025-05-15,29,0,completed
RTE-CHI-20251028-004,HUB-CHI,DRV-01007,VEH-0005,2025-10-28,54,0,completed
RTE-DET-20250702-002,HUB-DET,DRV-01022,VEH-0022,2025-07-02,34,2,completed
RTE-CHI-20251127-001,HUB-CHI,DRV-01020,VEH-0004,2025-11-27,49,0,completed
RTE-CIN-20251121-003,HUB-CIN,DRV-01025,VEH-0026,2025-11-21,38,6,partial
RTE-IND-20250321-005,HUB-IND,DRV-01032,VEH-0013,2025-03-21,37,0,completed
RTE-CHI-20250311-002,HUB-CHI,DRV-01005,VEH-0005,2025-03-11,26,1,completed
RTE-CIN-20250530-002,HUB-CIN,DRV-01026,VEH-0018,2025-05-30,47,0,completed
RTE-CHI-20250624-003,HUB-CHI,DRV-01005,VEH-0004,2025-06-24,64,0,completed
RTE-DET-20250825-001,HUB-DET,DRV-01004,VEH-0030,2025-08-25,44,0,completed
RTE-DET-20250429-003,HUB-DET,DRV-01014,VEH-0024,2025-04-29,20,1,partial
RTE-IND-20250302-001,HUB-IND,DRV-01045,VEH-0017,2025-03-02,57,0,completed
RTE-CMH-20250402-002,HUB-CMH,DRV-01016,VEH-0001,2025-04-02,45,0,completed
RTE-DET-20250122-001,HUB-DET,DRV-01037,VEH-0029,2025-01-22,58,6,partial
RTE-CIN-20250621-001,HUB-CIN,DRV-01023,VEH-0025,2025-06-21,60,0,completed
RTE-DET-20250422-003,HUB-DET,DRV-01021,VEH-0030,2025-04-22,34,3,completed
RTE-CHI-20250118-001,HUB-CHI,DRV-01005,VEH-0037,2025-01-18,49,0,completed
RTE-CHI-20250730-004,HUB-CHI,DRV-01012,VEH-0005,2025-07-30,24,0,completed
RTE-DET-20250303-004,HUB-DET,DRV-01021,VEH-0011,2025-03-03,56,0,completed
RTE-CHI-20251030-001,HUB-CHI,DRV-01035,VEH-0002,2025-10-30,39,0,completed
RTE-CHI-20250701-002,HUB-CHI,DRV-01007,VEH-0014,2025-07-01,61,0,completed
RTE-CHI-20250519-003,HUB-CHI,DRV-01011,VEH-0002,2025-05-19,49,0,completed
RTE-CHI-20250527-002,HUB-CHI,DRV-01007,VEH-0002,2025-05-27,47,0,completed
RTE-CHI-20250326-004,HUB-CHI,DRV-01048,VEH-0040,2025-03-26,34,0,completed
RTE-CIN-20251102-001,HUB-CIN,DRV-01034,VEH-0020,2025-11-02,64,0,completed
RTE-CMH-20250723-003,HUB-CMH,DRV-01009,VEH-0033,2025-07-23,43,0,completed
RTE-CIN-20251208-002,HUB-CIN,DRV-01027,VEH-0020,2025-12-08,50,0,completed
RTE-CMH-20250922-001,HUB-CMH,DRV-01009,VEH-0003,2025-09-22,22,0,completed
RTE-IND-20250117-001,HUB-IND,DRV-01031,VEH-0017,2025-01-17,55,2,completed
RTE-CHI-20250706-002,HUB-CHI,DRV-01011,VEH-0006,2025-07-06,47,0,completed
RTE-IND-20250123-003,HUB-IND,DRV-01033,VEH-0023,2025-01-23,51,0,completed
RTE-CHI-20250723-004,HUB-CHI,DRV-01011,VEH-0014,2025-07-23,35,0,completed
RTE-DET-20250509-002,HUB-DET,DRV-01004,VEH-0024,2025-05-09,25,0,completed
RTE-DET-20250328-001,HUB-DET,DRV-01004,VEH-0029,2025-03-28,64,0,completed
RTE-IND-20250616-001,HUB-IND,DRV-01031,VEH-0013,2025-06-16,55,0,completed
RTE-CIN-20251204-001,HUB-CIN,DRV-01034,VEH-0026,2025-12-04,21,3,partial
RTE-CIN-20250209-001,HUB-CIN,DRV-01041,VEH-0036,2025-02-09,20,6,partial
RTE-IND-20251109-001,HUB-IND,DRV-01033,VEH-0010,2025-11-09,23,0,completed
RTE-IND-20250123-004,HUB-IND,DRV-01032,VEH-0013,2025-01-23,47,0,completed
RTE-CIN-20250327-003,HUB-CIN,DRV-01038,VEH-0026,2025-03-27,47,0,completed
RTE-IND-20250117-002,HUB-IND,DRV-01006,VEH-0009,2025-01-17,38,0,completed
RTE-CHI-20250328-005,HUB-CHI,DRV-01047,VEH-0005,2025-03-28,35,0,completed
RTE-DET-20250518-002,HUB-DET,DRV-01004,VEH-0024,2025-05-18,52,0,completed
RTE-CMH-20250702-001,HUB-CMH,DRV-01009,VEH-0001,2025-07-02,43,0,completed
RTE-CHI-20250721-003,HUB-CHI,DRV-01011,VEH-0005,2025-07-21,61,0,completed
RTE-CMH-20251106-003,HUB-CMH,DRV-01043,VEH-0003,2025-11-06,22,0,completed
RTE-IND-20250918-003,HUB-IND,DRV-01024,VEH-0009,2025-09-18,40,0,completed
RTE-CIN-20250402-005,HUB-CIN,DRV-01003,VEH-0026,2025-04-02,56,0,completed
RTE-CHI-20250313-003,HUB-CHI,DRV-01011,VEH-0005,2025-03-13,40,0,completed
RTE-CMH-20250512-005,HUB-CMH,DRV-01030,VEH-0033,2025-05-12,39,0,completed
RTE-DET-20250902-007,HUB-DET,DRV-01004,VEH-0029,2025-09-02,43,0,completed
RTE-IND-20251209-003,HUB-IND,DRV-01042,VEH-0023,2025-12-09,51,0,completed
RTE-CHI-20250924-003,HUB-CHI,DRV-01035,VEH-0037,2025-09-24,18,0,completed
RTE-CHI-20251014-002,HUB-CHI,DRV-01012,VEH-0014,2025-10-14,21,0,completed
RTE-DET-20250410-003,HUB-DET,DRV-01037,VEH-0022,2025-04-10,43,0,completed
RTE-IND-20250227-002,HUB-IND,DRV-01031,VEH-0023,2025-02-27,42,0,completed
RTE-CMH-20250923-001,HUB-CMH,DRV-01030,VEH-0001,2025-09-23,48,0,completed
RTE-CMH-20250127-003,HUB-CMH,DRV-01001,VEH-0007,2025-01-27,27,0,completed
RTE-DET-20250414-002,HUB-DET,DRV-01046,VEH-0011,2025-04-14,35,0,completed
RTE-CIN-20250103-004,HUB-CIN,DRV-01008,VEH-0027,2025-01-03,20,2,completed
RTE-IND-20250214-002,HUB-IND,DRV-01031,VEH-0017,2025-02-14,25,4,partial
RTE-DET-20250401-003,HUB-DET,DRV-01037,VEH-0022,2025-04-01,55,0,completed
RTE-CIN-20250523-004,HUB-CIN,DRV-01025,VEH-0025,2025-05-23,28,0,completed
RTE-CHI-20250802-001,HUB-CHI,DRV-01012,VEH-0006,2025-08-02,43,0,completed
RTE-CHI-20250919-004,HUB-CHI,DRV-01011,VEH-0014,2025-09-19,19,0,completed
RTE-CIN-20250331-001,HUB-CIN,DRV-01003,VEH-0036,2025-03-31,57,0,completed
RTE-CIN-20251110-002,HUB-CIN,DRV-01003,VEH-0032,2025-11-10,60,0,completed
RTE-CIN-20250114-002,HUB-CIN,DRV-01029,VEH-0036,2025-01-14,19,0,completed
RTE-CMH-20251015-001,HUB-CMH,DRV-01015,VEH-0001,2025-10-15,57,0,completed
RTE-CHI-20250721-004,HUB-CHI,DRV-01047,VEH-0005,2025-07-21,35,0,completed
RTE-CHI-20250618-002,HUB-CHI,DRV-01011,VEH-0040,2025-06-18,41,0,completed
RTE-DET-20250311-003,HUB-DET,DRV-01022,VEH-0022,2025-03-11,26,0,completed
RTE-DET-20251230-003,HUB-DET,DRV-01014,VEH-0022,2025-12-30,27,3,partial
RTE-CHI-20250502-002,HUB-CHI,DRV-01020,VEH-0002,2025-05-02,24,0,completed
RTE-CHI-20251024-007,HUB-CHI,DRV-01011,VEH-0040,2025-10-24,34,0,completed
RTE-DET-20250213-002,HUB-DET,DRV-01021,VEH-0011,2025-02-13,45,4,partial
RTE-IND-20250601-001,HUB-IND,DRV-01024,VEH-0009,2025-06-01,30,0,completed
RTE-CMH-20250807-004,HUB-CMH,DRV-01040,VEH-0028,2025-08-07,47,0,completed
RTE-CIN-20250318-002,HUB-CIN,DRV-01026,VEH-0026,2025-03-18,65,0,completed
RTE-CMH-20250903-001,HUB-CMH,DRV-01039,VEH-0003,2025-09-03,50,1,partial
RTE-CHI-20250821-002,HUB-CHI,DRV-01012,VEH-0004,2025-08-21,55,0,completed
RTE-IND-20251003-002,HUB-IND,DRV-01045,VEH-0010,2025-10-03,41,0,completed
RTE-CHI-20250730-005,HUB-CHI,DRV-01035,VEH-0019,2025-07-30,22,0,completed
RTE-DET-20250823-001,HUB-DET,DRV-01046,VEH-0024,2025-08-23,40,0,completed
RTE-CIN-20250731-004,HUB-CIN,DRV-01027,VEH-0026,2025-07-31,21,0,completed
RTE-CHI-20250312-002,HUB-CHI,DRV-01035,VEH-0014,2025-03-12,37,0,completed
RTE-IND-20251021-005,HUB-IND,DRV-01024,VEH-0023,2025-10-21,36,0,completed
RTE-CMH-20251208-002,HUB-CMH,DRV-01040,VEH-0021,2025-12-08,30,0,completed
RTE-CHI-20250509-002,HUB-CHI,DRV-01017,VEH-0004,2025-05-09,44,0,completed
RTE-DET-20250828-003,HUB-DET,DRV-01021,VEH-0024,2025-08-28,27,0,completed
RTE-CHI-20250220-002,HUB-CHI,DRV-01017,VEH-0005,2025-02-20,59,6,partial
RTE-CHI-20250903-005,HUB-CHI,DRV-01048,VEH-0004,2025-09-03,60,0,completed
RTE-CIN-20251216-003,HUB-CIN,DRV-01002,VEH-0020,2025-12-16,34,0,completed
RTE-CMH-20250221-002,HUB-CMH,DRV-01039,VEH-0007,2025-02-21,55,0,completed
RTE-IND-20251014-005,HUB-IND,DRV-01006,VEH-0016,2025-10-14,65,0,completed
RTE-DET-20250328-002,HUB-DET,DRV-01004,VEH-0011,2025-03-28,37,0,completed
RTE-IND-20250422-004,HUB-IND,DRV-01045,VEH-0017,2025-04-22,30,0,completed
RTE-IND-20251229-002,HUB-IND,DRV-01032,VEH-0008,2025-12-29,62,0,completed
RTE-CMH-20251120-001,HUB-CMH,DRV-01049,VEH-0031,2025-11-20,32,0,completed
RTE-IND-20250411-003,HUB-IND,DRV-01033,VEH-0013,2025-04-11,58,2,partial
RTE-CIN-20251124-004,HUB-CIN,DRV-01008,VEH-0025,2025-11-24,37,4,partial
RTE-CHI-20250314-002,HUB-CHI,DRV-01005,VEH-0037,2025-03-14,52,0,completed
RTE-CIN-20251127-003,HUB-CIN,DRV-01041,VEH-0025,2025-11-27,39,0,completed
RTE-CMH-20251219-001,HUB-CMH,DRV-01010,VEH-0038,2025-12-19,37,0,completed
RTE-CMH-20251218-003,HUB-CMH,DRV-01043,VEH-0038,2025-12-18,23,0,completed
RTE-IND-20250401-003,HUB-IND,DRV-01033,VEH-0016,2025-04-01,56,0,completed
RTE-IND-20250604-003,HUB-IND,DRV-01032,VEH-0017,2025-06-04,44,0,completed
RTE-DET-20250922-003,HUB-DET,DRV-01004,VEH-0022,2025-09-22,44,0,completed
RTE-DET-20250529-001,HUB-DET,DRV-01004,VEH-0029,2025-05-29,24,0,completed
RTE-IND-20250106-001,HUB-IND,DRV-01033,VEH-0009,2025-01-06,32,0,completed
RTE-CHI-20251209-006,HUB-CHI,DRV-01035,VEH-0040,2025-12-09,23,6,partial
RTE-DET-20250103-003,HUB-DET,DRV-01037,VEH-0024,2025-01-03,33,0,completed
RTE-CMH-20250331-003,HUB-CMH,DRV-01028,VEH-0038,2025-03-31,56,0,completed
RTE-DET-20250101-005,HUB-DET,DRV-01037,VEH-0029,2025-01-01,26,0,completed
RTE-DET-20250807-003,HUB-DET,DRV-01014,VEH-0011,2025-08-07,35,2,completed
RTE-CMH-20250411-002,HUB-CMH,DRV-01036,VEH-0003,2025-04-11,59,0,completed
RTE-DET-20251120-002,HUB-DET,DRV-01021,VEH-0030,2025-11-20,42,0,completed
RTE-IND-20250909-002,HUB-IND,DRV-01006,VEH-0023,2025-09-09,25,0,completed
RTE-CHI-20250626-003,HUB-CHI,DRV-01007,VEH-0040,2025-06-26,39,0,completed
RTE-IND-20250101-004,HUB-IND,DRV-01045,VEH-0023,2025-01-01,24,0,completed
RTE-CIN-20250601-002,HUB-CIN,DRV-01041,VEH-0025,2025-06-01,21,0,completed
RTE-CHI-20250827-002,HUB-CHI,DRV-01035,VEH-0040,2025-08-27,39,0,completed
RTE-DET-20250814-004,HUB-DET,DRV-01037,VEH-0011,2025-08-14,55,0,completed
RTE-CHI-20250513-001,HUB-CHI,DRV-01020,VEH-0002,2025-05-13,57,0,completed
RTE-DET-20250411-003,HUB-DET,DRV-01046,VEH-0011,2025-04-11,31,0,completed
RTE-IND-20251127-002,HUB-IND,DRV-01031,VEH-0016,2025-11-27,51,1,partial
RTE-CIN-20250318-003,HUB-CIN,DRV-01034,VEH-0026,2025-03-18,49,0,completed
RTE-CIN-20250703-002,HUB-CIN,DRV-01041,VEH-0032,2025-07-03,60,0,completed
RTE-CMH-20251024-003,HUB-CMH,DRV-01044,VEH-0033,2025-10-24,47,0,completed
RTE-CIN-20250720-001,HUB-CIN,DRV-01008,VEH-0020,2025-07-20,39,0,completed
RTE-IND-20251224-003,HUB-IND,DRV-01032,VEH-0013,2025-12-24,62,0,completed
RTE-DET-20250804-003,HUB-DET,DRV-01014,VEH-0030,2025-08-04,49,2,partial
RTE-IND-20250812-001,HUB-IND,DRV-01032,VEH-0017,2025-08-12,39,0,completed
RTE-IND-20250620-003,HUB-IND,DRV-01032,VEH-0016,2025-06-20,35,0,completed
RTE-CHI-20251203-004,HUB-CHI,DRV-01017,VEH-0037,2025-12-03,33,0,completed
RTE-CHI-20250825-001,HUB-CHI,DRV-01048,VEH-0019,2025-08-25,38,0,completed
RTE-CMH-20250522-001,HUB-CMH,DRV-01028,VEH-0012,2025-05-22,62,0,completed
RTE-IND-20251112-004,HUB-IND,DRV-01032,VEH-0008,2025-11-12,37,0,completed
RTE-IND-20250323-001,HUB-IND,DRV-01033,VEH-0010,2025-03-23,64,0,completed
RTE-CIN-20250117-001,HUB-CIN,DRV-01026,VEH-0026,2025-01-17,42,2,completed
RTE-DET-20250704-005,HUB-DET,DRV-01021,VEH-0011,2025-07-04,37,2,completed
RTE-DET-20251209-002,HUB-DET,DRV-01046,VEH-0029,2025-12-09,19,3,partial
RTE-CMH-20250429-002,HUB-CMH,DRV-01028,VEH-0033,2025-04-29,54,0,completed
RTE-IND-20250908-002,HUB-IND,DRV-01024,VEH-0017,2025-09-08,59,1,completed
RTE-IND-20251202-003,HUB-IND,DRV-01024,VEH-0016,2025-12-02,36,2,partial
RTE-CMH-20250728-005,HUB-CMH,DRV-01016,VEH-0001,2025-07-28,35,0,completed
RTE-CHI-20250319-002,HUB-CHI,DRV-01005,VEH-0005,2025-03-19,38,3,completed
RTE-CMH-20250115-004,HUB-CMH,DRV-01010,VEH-0028,2025-01-15,20,6,partial
RTE-IND-20250814-003,HUB-IND,DRV-01188,VEH-0009,2025-08-14,57,0,completed
RTE-IND-20251229-003,HUB-IND,DRV-01042,VEH-0010,2025-12-29,26,5,partial
RTE-CMH-20251113-004,HUB-CMH,DRV-01015,VEH-0033,2025-11-13,40,0,completed
RTE-IND-20250530-003,HUB-IND,DRV-01045,VEH-0016,2025-05-30,36,0,completed
RTE-CHI-20250715-002,HUB-CHI,DRV-01012,VEH-0006,2025-07-15,33,0,completed
RTE-CIN-20251121-004,HUB-CIN,DRV-01029,VEH-0025,2025-11-21,64,0,completed
RTE-CMH-20250625-003,HUB-CMH,DRV-01036,VEH-0001,2025-06-25,31,0,completed
RTE-CHI-20251015-003,HUB-CHI,DRV-01005,VEH-0005,2025-10-15,36,1,completed
RTE-CIN-20250515-001,HUB-CIN,DRV-01002,VEH-0020,2025-05-15,41,0,completed
RTE-CHI-20251017-003,HUB-CHI,DRV-01017,VEH-0004,2025-10-17,49,0,completed
RTE-CHI-20251117-001,HUB-CHI,DRV-01012,VEH-0014,2025-11-17,63,0,completed
RTE-CMH-20250430-004,HUB-CMH,DRV-01043,VEH-0033,2025-04-30,25,0,completed
RTE-CMH-20250319-003,HUB-CMH,DRV-01039,VEH-0038,2025-03-19,28,2,partial
RTE-CHI-20250811-002,HUB-CHI,DRV-01011,VEH-0006,2025-08-11,22,0,completed
RTE-CMH-20250228-002,HUB-CMH,DRV-01039,VEH-0001,2025-02-28,52,0,completed
RTE-CIN-20250501-002,HUB-CIN,DRV-01029,VEH-0020,2025-05-01,43,0,completed
RTE-DET-20251215-004,HUB-DET,DRV-01004,VEH-0022,2025-12-15,60,0,completed
RTE-CIN-20250819-002,HUB-CIN,DRV-01025,VEH-0020,2025-08-19,40,0,completed
RTE-CMH-20250519-003,HUB-CMH,DRV-01049,VEH-0003,2025-05-19,56,0,completed
RTE-IND-20250407-002,HUB-IND,DRV-01033,VEH-0023,2025-04-07,46,0,completed
RTE-DET-20250925-004,HUB-DET,DRV-01014,VEH-0030,2025-09-25,54,0,completed
RTE-IND-20250325-002,HUB-IND,DRV-01006,VEH-0017,2025-03-25,28,0,completed
RTE-IND-20251226-002,HUB-IND,DRV-01031,VEH-0008,2025-12-26,32,6,partial
RTE-CIN-20250106-002,HUB-CIN,DRV-01002,VEH-0027,2025-01-06,59,2,partial
RTE-CHI-20250706-003,HUB-CHI,DRV-01048,VEH-0037,2025-07-06,57,0,completed
RTE-CHI-20250624-004,HUB-CHI,DRV-01007,VEH-0002,2025-06-24,42,0,completed
RTE-CHI-20250904-001,HUB-CHI,DRV-01012,VEH-0006,2025-09-04,51,0,completed
RTE-IND-20250716-002,HUB-IND,DRV-01032,VEH-0023,2025-07-16,36,0,completed
RTE-CHI-20250127-003,HUB-CHI,DRV-01017,VEH-0037,2025-01-27,43,0,completed
RTE-CHI-20251022-001,HUB-CHI,DRV-01012,VEH-0019,2025-10-22,53,0,completed
RTE-CHI-20250619-004,HUB-CHI,DRV-01005,VEH-0004,2025-06-19,18,0,completed
RTE-IND-20250227-003,HUB-IND,DRV-01033,VEH-0010,2025-02-27,37,0,completed
RTE-CMH-20250314-004,HUB-CMH,DRV-01028,VEH-0021,2025-03-14,21,0,completed
RTE-CMH-20250827-003,HUB-CMH,DRV-01013,VEH-0007,2025-08-27,28,3,completed
RTE-CIN-20250618-003,HUB-CIN,DRV-01034,VEH-0018,2025-06-18,26,0,completed
RTE-CIN-20250509-002,HUB-CIN,DRV-01029,VEH-0020,2025-05-09,54,1,completed
RTE-CHI-20250127-004,HUB-CHI,DRV-01047,VEH-0005,2025-01-27,50,0,completed
RTE-CHI-20250129-001,HUB-CHI,DRV-01047,VEH-0005,2025-01-29,56,0,completed
RTE-IND-20250818-002,HUB-IND,DRV-01042,VEH-0008,2025-08-18,27,0,completed
RTE-CMH-20250826-002,HUB-CMH,DRV-01039,VEH-0001,2025-08-26,49,0,completed
RTE-CHI-20250807-003,HUB-CHI,DRV-01012,VEH-0002,2025-08-07,29,0,completed
RTE-DET-20250808-005,HUB-DET,DRV-01037,VEH-0030,2025-08-08,57,0,completed
RTE-DET-20250326-004,HUB-DET,DRV-01021,VEH-0029,2025-03-26,28,1,completed
RTE-CIN-20250627-003,HUB-CIN,DRV-01008,VEH-0032,2025-06-27,57,0,completed
RTE-IND-20250723-001,HUB-IND,DRV-01045,VEH-0009,2025-07-23,22,0,completed
RTE-CIN-20250616-004,HUB-CIN,DRV-01002,VEH-0027,2025-06-16,64,0,completed
RTE-CMH-20250602-003,HUB-CMH,DRV-01043,VEH-0021,2025-06-02,49,0,completed
RTE-DET-20250417-002,HUB-DET,DRV-01022,VEH-0022,2025-04-17,46,0,completed
RTE-CHI-20251230-004,HUB-CHI,DRV-01020,VEH-0037,2025-12-30,36,0,completed
RTE-CIN-20250701-001,HUB-CIN,DRV-01026,VEH-0025,2025-07-01,49,0,completed
RTE-DET-20250912-003,HUB-DET,DRV-01046,VEH-0011,2025-09-12,38,0,completed
RTE-IND-20250728-001,HUB-IND,DRV-01006,VEH-0013,2025-07-28,47,0,completed
RTE-CMH-20250524-002,HUB-CMH,DRV-01009,VEH-0028,2025-05-24,55,0,completed
RTE-CIN-20250610-002,HUB-CIN,DRV-01008,VEH-0036,2025-06-10,39,0,completed
RTE-CMH-20250822-002,HUB-CMH,DRV-01015,VEH-0007,2025-08-22,45,0,completed
RTE-CMH-20250702-002,HUB-CMH,DRV-01044,VEH-0038,2025-07-02,21,0,completed
RTE-DET-20250603-003,HUB-DET,DRV-01022,VEH-0011,2025-06-03,62,0,completed
RTE-CHI-20251227-002,HUB-CHI,DRV-01048,VEH-0019,2025-12-27,20,0,completed
RTE-IND-20250826-003,HUB-IND,DRV-01006,VEH-0023,2025-08-26,58,0,completed
RTE-CIN-20250115-002,HUB-CIN,DRV-01008,VEH-0020,2025-01-15,39,2,partial
RTE-CIN-20250425-004,HUB-CIN,DRV-01002,VEH-0020,2025-04-25,55,0,completed
RTE-CHI-20250715-003,HUB-CHI,DRV-01047,VEH-0037,2025-07-15,33,0,completed
RTE-IND-20250219-003,HUB-IND,DRV-01188,VEH-0010,2025-02-19,55,0,completed
RTE-CMH-20251119-004,HUB-CMH,DRV-01016,VEH-0003,2025-11-19,26,0,completed
RTE-IND-20250618-002,HUB-IND,DRV-01042,VEH-0023,2025-06-18,53,0,completed
RTE-IND-20251007-001,HUB-IND,DRV-01032,VEH-0017,2025-10-07,32,0,completed
RTE-IND-20251205-001,HUB-IND,DRV-01024,VEH-0013,2025-12-05,55,0,completed
RTE-CIN-20250628-001,HUB-CIN,DRV-01041,VEH-0025,2025-06-28,27,0,completed
RTE-CMH-20250123-003,HUB-CMH,DRV-01030,VEH-0003,2025-01-23,49,0,completed
RTE-DET-20251022-003,HUB-DET,DRV-01014,VEH-0011,2025-10-22,25,3,completed
RTE-DET-20250418-003,HUB-DET,DRV-01004,VEH-0030,2025-04-18,52,0,completed
RTE-CMH-20250219-001,HUB-CMH,DRV-01016,VEH-0001,2025-02-19,36,0,completed
RTE-IND-20250820-002,HUB-IND,DRV-01006,VEH-0008,2025-08-20,63,0,completed
RTE-IND-20250909-003,HUB-IND,DRV-01032,VEH-0010,2025-09-09,61,0,completed
RTE-CIN-20250703-003,HUB-CIN,DRV-01041,VEH-0025,2025-07-03,28,3,completed
RTE-CIN-20250109-002,HUB-CIN,DRV-01023,VEH-0036,2025-01-09,23,0,completed
RTE-IND-20250728-002,HUB-IND,DRV-01033,VEH-0016,2025-07-28,20,0,completed
RTE-DET-20251008-003,HUB-DET,DRV-01014,VEH-0024,2025-10-08,39,2,completed
RTE-CMH-20250621-001,HUB-CMH,DRV-01036,VEH-0001,2025-06-21,54,0,completed
RTE-DET-20250709-006,HUB-DET,DRV-01022,VEH-0011,2025-07-09,46,0,completed
RTE-DET-20251024-006,HUB-DET,DRV-01046,VEH-0011,2025-10-24,61,0,completed
RTE-DET-20251210-002,HUB-DET,DRV-01037,VEH-0024,2025-12-10,25,3,partial
RTE-IND-20250329-002,HUB-IND,DRV-01032,VEH-0013,2025-03-29,56,0,completed
RTE-CIN-20250704-003,HUB-CIN,DRV-01025,VEH-0027,2025-07-04,28,0,completed
RTE-DET-20250309-001,HUB-DET,DRV-01037,VEH-0011,2025-03-09,41,0,completed
RTE-IND-20251211-004,HUB-IND,DRV-01006,VEH-0013,2025-12-11,19,0,completed
RTE-CHI-20251127-002,HUB-CHI,DRV-01047,VEH-0037,2025-11-27,25,2,partial
RTE-CMH-20250701-005,HUB-CMH,DRV-01039,VEH-0007,2025-07-01,19,0,completed
RTE-IND-20250513-002,HUB-IND,DRV-01045,VEH-0016,2025-05-13,25,0,completed
RTE-CHI-20250829-001,HUB-CHI,DRV-01017,VEH-0014,2025-08-29,30,0,completed
RTE-CIN-20250703-004,HUB-CIN,DRV-01029,VEH-0032,2025-07-03,64,0,completed
RTE-CIN-20251004-001,HUB-CIN,DRV-01027,VEH-0036,2025-10-04,18,0,completed
RTE-CMH-20250922-002,HUB-CMH,DRV-01039,VEH-0003,2025-09-22,25,0,completed
RTE-DET-20250430-001,HUB-DET,DRV-01037,VEH-0024,2025-04-30,60,0,completed
RTE-CHI-20250417-002,HUB-CHI,DRV-01007,VEH-0014,2025-04-17,33,0,completed
RTE-DET-20250211-005,HUB-DET,DRV-01004,VEH-0029,2025-02-11,24,5,partial
RTE-DET-20251105-001,HUB-DET,DRV-01014,VEH-0022,2025-11-05,65,0,completed
RTE-CMH-20251112-003,HUB-CMH,DRV-01044,VEH-0038,2025-11-12,64,6,canceled
RTE-CIN-20250330-001,HUB-CIN,DRV-01008,VEH-0020,2025-03-30,21,0,completed
RTE-IND-20250923-003,HUB-IND,DRV-01032,VEH-0023,2025-09-23,38,0,completed
RTE-CIN-20250909-006,HUB-CIN,DRV-01029,VEH-0018,2025-09-09,44,0,completed
RTE-IND-20251028-003,HUB-IND,DRV-01188,VEH-0008,2025-10-28,20,0,completed
RTE-IND-20250314-001,HUB-IND,DRV-01006,VEH-0008,2025-03-14,63,0,completed
RTE-CHI-20251120-001,HUB-CHI,DRV-01048,VEH-0014,2025-11-20,28,1,completed
RTE-CHI-20251201-002,HUB-CHI,DRV-01007,VEH-0006,2025-12-01,49,0,completed
RTE-CHI-20250522-001,HUB-CHI,DRV-01017,VEH-0002,2025-05-22,32,0,completed
RTE-IND-20250131-003,HUB-IND,DRV-01188,VEH-0016,2025-01-31,28,0,completed
RTE-CMH-20251124-003,HUB-CMH,DRV-01028,VEH-0012,2025-11-24,32,3,completed
RTE-DET-20250430-002,HUB-DET,DRV-01037,VEH-0022,2025-04-30,28,3,partial
RTE-CIN-20250321-003,HUB-CIN,DRV-01041,VEH-0026,2025-03-21,57,0,completed
RTE-IND-20250708-005,HUB-IND,DRV-01045,VEH-0009,2025-07-08,23,2,completed
RTE-DET-20250128-005,HUB-DET,DRV-01014,VEH-0011,2025-01-28,50,1,partial
RTE-DET-20251203-002,HUB-DET,DRV-01022,VEH-0024,2025-12-03,64,0,completed
RTE-CHI-20251022-002,HUB-CHI,DRV-01007,VEH-0006,2025-10-22,64,0,completed
RTE-CMH-20251121-002,HUB-CMH,DRV-01009,VEH-0012,2025-11-21,35,5,partial
RTE-CIN-20251219-003,HUB-CIN,DRV-01025,VEH-0018,2025-12-19,55,5,partial
RTE-CIN-20251027-004,HUB-CIN,DRV-01023,VEH-0025,2025-10-27,35,0,completed
RTE-IND-20250630-003,HUB-IND,DRV-01188,VEH-0023,2025-06-30,27,0,completed
RTE-IND-20250129-002,HUB-IND,DRV-01188,VEH-0010,2025-01-29,37,0,completed
RTE-DET-20250704-006,HUB-DET,DRV-01014,VEH-0030,2025-07-04,34,0,completed
RTE-DET-20250515-002,HUB-DET,DRV-01021,VEH-0011,2025-05-15,36,0,completed
RTE-DET-20250606-003,HUB-DET,DRV-01046,VEH-0024,2025-06-06,49,0,completed
RTE-IND-20250204-003,HUB-IND,DRV-01042,VEH-0009,2025-02-04,38,5,partial
RTE-DET-20251001-002,HUB-DET,DRV-01021,VEH-0029,2025-10-01,38,0,completed
RTE-CIN-20251014-002,HUB-CIN,DRV-01019,VEH-0018,2025-10-14,34,0,completed
RTE-DET-20250212-003,HUB-DET,DRV-01037,VEH-0024,2025-02-12,27,5,partial
RTE-CIN-20250812-003,HUB-CIN,DRV-01034,VEH-0026,2025-08-12,39,0,completed
RTE-CIN-20250423-001,HUB-CIN,DRV-01019,VEH-0026,2025-04-23,49,0,completed
RTE-DET-20250309-002,HUB-DET,DRV-01046,VEH-0011,2025-03-09,41,0,completed
RTE-CHI-20250319-003,HUB-CHI,DRV-01017,VEH-0004,2025-03-19,28,0,completed
RTE-CHI-20250101-002,HUB-CHI,DRV-01048,VEH-0006,2025-01-01,35,0,completed
RTE-CHI-20250312-003,HUB-CHI,DRV-01012,VEH-0040,2025-03-12,27,2,partial
RTE-DET-20251103-003,HUB-DET,DRV-01021,VEH-0022,2025-11-03,48,6,partial
RTE-CHI-20250808-001,HUB-CHI,DRV-01011,VEH-0006,2025-08-08,56,0,completed
RTE-CIN-20251106-002,HUB-CIN,DRV-01038,VEH-0032,2025-11-06,53,0,completed
RTE-CHI-20250822-004,HUB-CHI,DRV-01012,VEH-0019,2025-08-22,28,1,completed
RTE-CHI-20250929-001,HUB-CHI,DRV-01047,VEH-0019,2025-09-29,40,0,completed
RTE-CHI-20251007-002,HUB-CHI,DRV-01035,VEH-0006,2025-10-07,28,0,completed
RTE-CMH-20250709-006,HUB-CMH,DRV-01040,VEH-0001,2025-07-09,53,0,completed
RTE-CIN-20250917-004,HUB-CIN,DRV-01041,VEH-0032,2025-09-17,55,0,completed
RTE-CMH-20251230-005,HUB-CMH,DRV-01030,VEH-0003,2025-12-30,24,0,completed
RTE-CIN-20251105-003,HUB-CIN,DRV-01023,VEH-0020,2025-11-05,53,6,partial
RTE-CHI-20250527-003,HUB-CHI,DRV-01005,VEH-0037,2025-05-27,34,0,completed
RTE-CIN-20251203-003,HUB-CIN,DRV-01041,VEH-0032,2025-12-03,38,0,completed
RTE-CIN-20250526-001,HUB-CIN,DRV-01038,VEH-0026,2025-05-26,63,3,completed
RTE-CMH-20251117-002,HUB-CMH,DRV-01015,VEH-0001,2025-11-17,54,0,completed
RTE-CHI-20250421-001,HUB-CHI,DRV-01017,VEH-0005,2025-04-21,35,0,completed
RTE-CMH-20251117-003,HUB-CMH,DRV-01044,VEH-0001,2025-11-17,57,0,completed
RTE-DET-20251215-005,HUB-DET,DRV-01014,VEH-0011,2025-12-15,42,2,completed
RTE-DET-20250922-004,HUB-DET,DRV-01014,VEH-0024,2025-09-22,34,0,completed
RTE-CMH-20250503-001,HUB-CMH,DRV-01049,VEH-0033,2025-05-03,25,0,completed
RTE-CHI-20250212-006,HUB-CHI,DRV-01020,VEH-0040,2025-02-12,57,0,completed
RTE-DET-20251029-002,HUB-DET,DRV-01037,VEH-0011,2025-10-29,21,0,completed
RTE-CIN-20250227-001,HUB-CIN,DRV-01029,VEH-0036,2025-02-27,60,2,partial
RTE-CIN-20250529-002,HUB-CIN,DRV-01025,VEH-0020,2025-05-29,20,0,completed
RTE-CIN-20251020-003,HUB-CIN,DRV-01038,VEH-0036,2025-10-20,22,0,completed
RTE-CIN-20250216-001,HUB-CIN,DRV-01027,VEH-0026,2025-02-16,50,0,completed
RTE-DET-20250224-001,HUB-DET,DRV-01022,VEH-0024,2025-02-24,21,0,completed
RTE-CMH-20251001-002,HUB-CMH,DRV-01001,VEH-0028,2025-10-01,35,0,completed
RTE-DET-20250111-001,HUB-DET,DRV-01022,VEH-0029,2025-01-11,21,2,completed
RTE-CMH-20250113-002,HUB-CMH,DRV-01001,VEH-0012,2025-01-13,42,0,completed
RTE-IND-20251003-003,HUB-IND,DRV-01188,VEH-0023,2025-10-03,37,0,completed
RTE-CHI-20250901-004,HUB-CHI,DRV-01048,VEH-0014,2025-09-01,46,0,completed
RTE-CIN-20250216-002,HUB-CIN,DRV-01023,VEH-0036,2025-02-16,41,0,completed
RTE-CHI-20250718-002,HUB-CHI,DRV-01005,VEH-0005,2025-07-18,24,0,completed
RTE-DET-20250409-004,HUB-DET,DRV-01014,VEH-0029,2025-04-09,26,0,completed
RTE-CMH-20250227-001,HUB-CMH,DRV-01010,VEH-0038,2025-02-27,20,0,completed
RTE-CMH-20250416-004,HUB-CMH,DRV-01001,VEH-0007,2025-04-16,42,0,completed
RTE-CMH-20250814-001,HUB-CMH,DRV-01016,VEH-0001,2025-08-14,42,0,completed
RTE-IND-20251211-005,HUB-IND,DRV-01031,VEH-0017,2025-12-11,40,2,completed
RTE-IND-20250616-002,HUB-IND,DRV-01045,VEH-0010,2025-06-16,63,0,completed
RTE-DET-20250911-005,HUB-DET,DRV-01014,VEH-0011,2025-09-11,45,0,completed
RTE-IND-20250602-002,HUB-IND,DRV-01042,VEH-0016,2025-06-02,21,0,completed
RTE-CHI-20250623-001,HUB-CHI,DRV-01020,VEH-0014,2025-06-23,28,0,completed
RTE-DET-20250415-002,HUB-DET,DRV-01014,VEH-0024,2025-04-15,45,0,completed
RTE-CHI-20250716-003,HUB-CHI,DRV-01011,VEH-0037,2025-07-16,62,0,completed
RTE-DET-20250207-002,HUB-DET,DRV-01021,VEH-0029,2025-02-07,55,3,partial
RTE-CHI-20250621-001,HUB-CHI,DRV-01017,VEH-0005,2025-06-21,62,3,partial
RTE-CHI-20250514-002,HUB-CHI,DRV-01020,VEH-0014,2025-05-14,56,0,completed
RTE-DET-20250127-001,HUB-DET,DRV-01021,VEH-0022,2025-01-27,48,6,canceled
RTE-CHI-20250121-002,HUB-CHI,DRV-01017,VEH-0040,2025-01-21,32,4,partial
RTE-CHI-20250625-005,HUB-CHI,DRV-01020,VEH-0005,2025-06-25,23,3,partial
RTE-IND-20251216-005,HUB-IND,DRV-01033,VEH-0023,2025-12-16,29,1,completed
RTE-CHI-20251213-002,HUB-CHI,DRV-01047,VEH-0002,2025-12-13,63,0,completed
RTE-CMH-20251008-002,HUB-CMH,DRV-01030,VEH-0038,2025-10-08,33,0,completed
RTE-IND-20250709-004,HUB-IND,DRV-01032,VEH-0013,2025-07-09,34,0,completed
RTE-CIN-20251121-005,HUB-CIN,DRV-01027,VEH-0025,2025-11-21,57,0,completed
RTE-DET-20251017-003,HUB-DET,DRV-01021,VEH-0022,2025-10-17,40,0,completed
RTE-CIN-20250324-003,HUB-CIN,DRV-01038,VEH-0018,2025-03-24,64,0,completed
RTE-CHI-20250605-001,HUB-CHI,DRV-01035,VEH-0005,2025-06-05,48,0,completed
RTE-CIN-20250911-002,HUB-CIN,DRV-01025,VEH-0018,2025-09-11,62,0,completed
RTE-CIN-20250820-003,HUB-CIN,DRV-01038,VEH-0036,2025-08-20,45,0,completed
RTE-CHI-20250904-002,HUB-CHI,DRV-01020,VEH-0006,2025-09-04,21,0,completed
RTE-IND-20250224-004,HUB-IND,DRV-01006,VEH-0016,2025-02-24,43,0,completed
RTE-CIN-20250925-002,HUB-CIN,DRV-01023,VEH-0025,2025-09-25,24,3,partial
RTE-CHI-20251214-001,HUB-CHI,DRV-01017,VEH-0037,2025-12-14,48,6,partial
RTE-CIN-20251112-001,HUB-CIN,DRV-01008,VEH-0026,2025-11-12,39,4,partial
RTE-CHI-20250111-002,HUB-CHI,DRV-01020,VEH-0037,2025-01-11,30,5,partial
RTE-CHI-20250707-002,HUB-CHI,DRV-01011,VEH-0002,2025-07-07,54,0,completed
RTE-CMH-20251217-002,HUB-CMH,DRV-01009,VEH-0021,2025-12-17,37,0,completed
RTE-CMH-20250521-001,HUB-CMH,DRV-01036,VEH-0033,2025-05-21,28,0,completed
RTE-IND-20251203-004,HUB-IND,DRV-01024,VEH-0017,2025-12-03,21,4,partial
RTE-DET-20250108-005,HUB-DET,DRV-01037,VEH-0022,2025-01-08,27,0,completed
RTE-CIN-20250926-003,HUB-CIN,DRV-01023,VEH-0018,2025-09-26,22,0,completed
RTE-CMH-20250822-003,HUB-CMH,DRV-01044,VEH-0012,2025-08-22,20,0,completed
RTE-DET-20251113-002,HUB-DET,DRV-01004,VEH-0030,2025-11-13,34,0,completed
RTE-DET-20251010-005,HUB-DET,DRV-01022,VEH-0022,2025-10-10,48,0,completed
RTE-CHI-20250802-002,HUB-CHI,DRV-01047,VEH-0019,2025-08-02,57,0,completed
RTE-DET-20250109-004,HUB-DET,DRV-01046,VEH-0030,2025-01-09,59,0,completed
RTE-IND-20250829-001,HUB-IND,DRV-01006,VEH-0008,2025-08-29,56,0,completed
RTE-CMH-20250129-003,HUB-CMH,DRV-01030,VEH-0012,2025-01-29,26,0,completed
RTE-DET-20251212-003,HUB-DET,DRV-01022,VEH-0011,2025-12-12,52,1,completed
RTE-CHI-20250623-002,HUB-CHI,DRV-01047,VEH-0002,2025-06-23,18,0,completed
RTE-CHI-20250318-003,HUB-CHI,DRV-01011,VEH-0004,2025-03-18,28,0,completed
RTE-CHI-20251014-003,HUB-CHI,DRV-01005,VEH-0019,2025-10-14,24,0,completed
RTE-CIN-20250209-002,HUB-CIN,DRV-01003,VEH-0032,2025-02-09,42,0,completed
RTE-CMH-20250518-003,HUB-CMH,DRV-01001,VEH-0031,2025-05-18,47,0,completed
RTE-DET-20250923-003,HUB-DET,DRV-01004,VEH-0011,2025-09-23,25,0,completed
RTE-CMH-20250606-001,HUB-CMH,DRV-01009,VEH-0031,2025-06-06,32,0,completed
RTE-CHI-20251014-004,HUB-CHI,DRV-01011,VEH-0019,2025-10-14,25,0,completed
RTE-CHI-20250512-002,HUB-CHI,DRV-01020,VEH-0037,2025-05-12,25,0,completed
RTE-IND-20250321-006,HUB-IND,DRV-01033,VEH-0023,2025-03-21,37,0,completed
RTE-CMH-20250617-001,HUB-CMH,DRV-01010,VEH-0021,2025-06-17,65,0,completed
RTE-CIN-20250212-001,HUB-CIN,DRV-01038,VEH-0036,2025-02-12,27,0,completed
RTE-CIN-20250515-002,HUB-CIN,DRV-01002,VEH-0025,2025-05-15,62,0,completed
RTE-CIN-20250626-002,HUB-CIN,DRV-01025,VEH-0018,2025-06-26,28,0,completed
RTE-CHI-20250509-003,HUB-CHI,DRV-01035,VEH-0006,2025-05-09,33,0,completed
RTE-CHI-20250402-001,HUB-CHI,DRV-01007,VEH-0040,2025-04-02,58,0,completed
RTE-DET-20250915-001,HUB-DET,DRV-01022,VEH-0011,2025-09-15,61,0,completed
RTE-CMH-20250320-001,HUB-CMH,DRV-01010,VEH-0001,2025-03-20,43,1,partial
RTE-CMH-20250501-003,HUB-CMH,DRV-01043,VEH-0038,2025-05-01,44,0,completed
RTE-IND-20250825-002,HUB-IND,DRV-01033,VEH-0016,2025-08-25,28,0,completed
RTE-CIN-20250908-002,HUB-CIN,DRV-01002,VEH-0026,2025-09-08,30,0,completed
RTE-IND-20250123-005,HUB-IND,DRV-01045,VEH-0009,2025-01-23,20,0,completed
RTE-DET-20250717-002,HUB-DET,DRV-01022,VEH-0029,2025-07-17,45,0,completed
RTE-CIN-20250322-002,HUB-CIN,DRV-01026,VEH-0032,2025-03-22,37,0,completed
RTE-CMH-20251103-002,HUB-CMH,DRV-01049,VEH-0001,2025-11-03,34,0,completed
RTE-CMH-20250910-002,HUB-CMH,DRV-01018,VEH-0021,2025-09-10,56,0,completed
RTE-IND-20250512-003,HUB-IND,DRV-01033,VEH-0017,2025-05-12,37,0,completed
RTE-DET-20250626-004,HUB-DET,DRV-01022,VEH-0011,2025-06-26,33,0,completed
RTE-DET-20251121-002,HUB-DET,DRV-01004,VEH-0024,2025-11-21,30,4,partial
RTE-CIN-20250331-002,HUB-CIN,DRV-01027,VEH-0036,2025-03-31,31,0,completed
RTE-DET-20250330-001,HUB-DET,DRV-01022,VEH-0024,2025-03-30,34,0,completed
RTE-IND-20251001-001,HUB-IND,DRV-01031,VEH-0013,2025-10-01,37,0,completed
RTE-DET-20250529-002,HUB-DET,DRV-01046,VEH-0024,2025-05-29,39,0,completed
RTE-CMH-20251128-003,HUB-CMH,DRV-01013,VEH-0001,2025-11-28,64,6,partial
RTE-CHI-20250603-002,HUB-CHI,DRV-01035,VEH-0037,2025-06-03,38,0,completed
RTE-IND-20251016-002,HUB-IND,DRV-01042,VEH-0009,2025-10-16,53,0,completed
RTE-CHI-20250330-001,HUB-CHI,DRV-01011,VEH-0006,2025-03-30,37,0,completed
RTE-CHI-20250620-001,HUB-CHI,DRV-01012,VEH-0019,2025-06-20,42,0,completed
RTE-CHI-20250324-004,HUB-CHI,DRV-01048,VEH-0037,2025-03-24,41,0,completed
RTE-IND-20251210-001,HUB-IND,DRV-01033,VEH-0016,2025-12-10,58,1,partial
RTE-CIN-20250424-003,HUB-CIN,DRV-01029,VEH-0018,2025-04-24,25,0,completed
RTE-CMH-20250723-004,HUB-CMH,DRV-01043,VEH-0003,2025-07-23,41,0,completed
RTE-CMH-20250904-001,HUB-CMH,DRV-01009,VEH-0021,2025-09-04,23,0,completed
RTE-IND-20250210-002,HUB-IND,DRV-01024,VEH-0017,2025-02-10,42,0,completed
RTE-CIN-20250505-001,HUB-CIN,DRV-01023,VEH-0020,2025-05-05,53,2,completed
RTE-CMH-20251023-002,HUB-CMH,DRV-01018,VEH-0012,2025-10-23,56,0,completed
RTE-DET-20250708-001,HUB-DET,DRV-01046,VEH-0030,2025-07-08,26,0,completed
RTE-CMH-20250709-007,HUB-CMH,DRV-01001,VEH-0038,2025-07-09,23,3,completed
RTE-IND-20250516-003,HUB-IND,DRV-01032,VEH-0008,2025-05-16,20,0,completed
RTE-DET-20250108-006,HUB-DET,DRV-01021,VEH-0029,2025-01-08,54,4,partial
RTE-CHI-20251118-002,HUB-CHI,DRV-01048,VEH-0002,2025-11-18,58,0,completed
RTE-CHI-20250715-004,HUB-CHI,DRV-01011,VEH-0037,2025-07-15,46,0,completed
RTE-CMH-20250221-003,HUB-CMH,DRV-01015,VEH-0012,2025-02-21,23,0,completed
RTE-CMH-20250901-002,HUB-CMH,DRV-01015,VEH-0003,2025-09-01,35,0,completed
RTE-CHI-20250530-002,HUB-CHI,DRV-01012,VEH-0002,2025-05-30,42,0,completed
RTE-DET-20250512-001,HUB-DET,DRV-01004,VEH-0024,2025-05-12,30,0,completed
RTE-CIN-20250414-001,HUB-CIN,DRV-01041,VEH-0018,2025-04-14,44,0,completed
RTE-CHI-20251229-001,HUB-CHI,DRV-01048,VEH-0019,2025-12-29,37,0,completed
RTE-CIN-20250702-001,HUB-CIN,DRV-01023,VEH-0032,2025-07-02,48,0,completed
RTE-CIN-20251013-002,HUB-CIN,DRV-01023,VEH-0026,2025-10-13,39,0,completed
RTE-CIN-20250918-002,HUB-CIN,DRV-01027,VEH-0036,2025-09-18,28,0,completed
RTE-CIN-20250620-003,HUB-CIN,DRV-01027,VEH-0027,2025-06-20,53,0,completed
RTE-CHI-20251006-001,HUB-CHI,DRV-01011,VEH-0014,2025-10-06,39,0,completed
RTE-CHI-20251130-002,HUB-CHI,DRV-01007,VEH-0002,2025-11-30,18,6,partial
RTE-CMH-20250724-002,HUB-CMH,DRV-01009,VEH-0033,2025-07-24,46,0,completed
RTE-CMH-20251017-001,HUB-CMH,DRV-01040,VEH-0028,2025-10-17,46,0,completed
RTE-DET-20251007-005,HUB-DET,DRV-01022,VEH-0022,2025-10-07,65,0,completed
RTE-CHI-20250401-001,HUB-CHI,DRV-01012,VEH-0019,2025-04-01,33,0,completed
RTE-CHI-20251210-001,HUB-CHI,DRV-01020,VEH-0019,2025-12-10,30,0,completed
RTE-CHI-20251204-002,HUB-CHI,DRV-01020,VEH-0037,2025-12-04,62,4,partial
RTE-CMH-20250422-002,HUB-CMH,DRV-01010,VEH-0028,2025-04-22,28,0,completed
RTE-DET-20250929-003,HUB-DET,DRV-01004,VEH-0011,2025-09-29,32,0,completed
RTE-CHI-20250502-003,HUB-CHI,DRV-01020,VEH-0006,2025-05-02,44,0,completed
RTE-CHI-20250531-002,HUB-CHI,DRV-01007,VEH-0019,2025-05-31,23,0,completed
RTE-IND-20251024-004,HUB-IND,DRV-01033,VEH-0009,2025-10-24,53,0,completed
RTE-DET-20251008-004,HUB-DET,DRV-01004,VEH-0029,2025-10-08,22,0,completed
RTE-CIN-20251217-003,HUB-CIN,DRV-01019,VEH-0025,2025-12-17,62,0,completed
RTE-CIN-20251215-002,HUB-CIN,DRV-01003,VEH-0018,2025-12-15,40,0,completed
RTE-CIN-20250523-005,HUB-CIN,DRV-01008,VEH-0025,2025-05-23,45,0,completed
RTE-CHI-20250905-003,HUB-CHI,DRV-01035,VEH-0014,2025-09-05,30,0,completed
RTE-CMH-20250414-004,HUB-CMH,DRV-01018,VEH-0003,2025-04-14,27,3,partial
RTE-DET-20251009-002,HUB-DET,DRV-01046,VEH-0030,2025-10-09,60,0,completed
RTE-CIN-20250901-002,HUB-CIN,DRV-01023,VEH-0020,2025-09-01,60,0,completed
RTE-IND-20250904-003,HUB-IND,DRV-01024,VEH-0010,2025-09-04,32,0,completed
RTE-CHI-20250814-003,HUB-CHI,DRV-01005,VEH-0040,2025-08-14,65,0,completed
RTE-DET-20250119-001,HUB-DET,DRV-01037,VEH-0030,2025-01-19,24,0,completed
RTE-CHI-20251125-005,HUB-CHI,DRV-01048,VEH-0019,2025-11-25,65,0,completed
RTE-CIN-20250618-004,HUB-CIN,DRV-01023,VEH-0025,2025-06-18,23,0,completed
RTE-CHI-20251020-002,HUB-CHI,DRV-01012,VEH-0004,2025-10-20,23,2,partial
RTE-CIN-20251229-001,HUB-CIN,DRV-01025,VEH-0025,2025-12-29,19,6,partial
RTE-CIN-20250220-001,HUB-CIN,DRV-01002,VEH-0026,2025-02-20,63,0,completed
RTE-CHI-20250106-003,HUB-CHI,DRV-01035,VEH-0006,2025-01-06,28,3,partial
RTE-IND-20251009-002,HUB-IND,DRV-01031,VEH-0009,2025-10-09,56,0,completed
RTE-IND-20250807-004,HUB-IND,DRV-01045,VEH-0008,2025-08-07,30,0,completed
RTE-CHI-20250201-001,HUB-CHI,DRV-01048,VEH-0040,2025-02-01,23,0,completed
RTE-CIN-20250529-003,HUB-CIN,DRV-01023,VEH-0032,2025-05-29,38,0,completed
RTE-CHI-20250607-003,HUB-CHI,DRV-01005,VEH-0002,2025-06-07,47,0,completed
RTE-DET-20250622-001,HUB-DET,DRV-01046,VEH-0029,2025-06-22,48,0,completed
RTE-IND-20250304-003,HUB-IND,DRV-01045,VEH-0023,2025-03-04,65,0,completed
RTE-CMH-20250627-005,HUB-CMH,DRV-01030,VEH-0012,2025-06-27,24,0,completed
RTE-IND-20250413-001,HUB-IND,DRV-01032,VEH-0023,2025-04-13,33,0,completed
RTE-CMH-20250411-003,HUB-CMH,DRV-01016,VEH-0033,2025-04-11,65,0,completed
RTE-CIN-20251219-004,HUB-CIN,DRV-01026,VEH-0026,2025-12-19,21,0,completed
RTE-CHI-20250130-002,HUB-CHI,DRV-01020,VEH-0002,2025-01-30,47,0,completed
RTE-DET-20250715-001,HUB-DET,DRV-01022,VEH-0011,2025-07-15,42,0,completed
RTE-IND-20251211-006,HUB-IND,DRV-01006,VEH-0016,2025-12-11,41,0,completed
RTE-CMH-20250807-005,HUB-CMH,DRV-01001,VEH-0031,2025-08-07,50,0,completed
RTE-IND-20250710-003,HUB-IND,DRV-01032,VEH-0009,2025-07-10,42,0,completed
RTE-IND-20250224-005,HUB-IND,DRV-01024,VEH-0009,2025-02-24,61,6,partial
RTE-CHI-20250514-003,HUB-CHI,DRV-01035,VEH-0014,2025-05-14,50,0,completed
RTE-CIN-20250612-007,HUB-CIN,DRV-01026,VEH-0018,2025-06-12,18,1,completed
RTE-CHI-20251218-004,HUB-CHI,DRV-01005,VEH-0040,2025-12-18,24,0,completed
RTE-CIN-20250421-003,HUB-CIN,DRV-01029,VEH-0018,2025-04-21,55,0,completed
RTE-CHI-20251125-006,HUB-CHI,DRV-01047,VEH-0004,2025-11-25,54,5,partial
RTE-CIN-20250423-002,HUB-CIN,DRV-01003,VEH-0027,2025-04-23,52,0,completed
RTE-CHI-20251106-006,HUB-CHI,DRV-01007,VEH-0037,2025-11-06,39,5,canceled
RTE-IND-20250827-001,HUB-IND,DRV-01188,VEH-0013,2025-08-27,65,3,completed
RTE-DET-20250924-002,HUB-DET,DRV-01046,VEH-0029,2025-09-24,61,0,completed
RTE-CHI-20250306-002,HUB-CHI,DRV-01035,VEH-0005,2025-03-06,37,0,completed
RTE-IND-20250214-003,HUB-IND,DRV-01031,VEH-0017,2025-02-14,51,0,completed
RTE-CIN-20250328-004,HUB-CIN,DRV-01003,VEH-0036,2025-03-28,43,0,completed
RTE-CMH-20250622-002,HUB-CMH,DRV-01028,VEH-0033,2025-06-22,30,1,partial
RTE-CIN-20250824-002,HUB-CIN,DRV-01019,VEH-0018,2025-08-24,33,0,completed
RTE-DET-20250908-003,HUB-DET,DRV-01014,VEH-0024,2025-09-08,39,0,completed
RTE-DET-20250909-002,HUB-DET,DRV-01046,VEH-0024,2025-09-09,22,3,partial
RTE-IND-20250806-002,HUB-IND,DRV-01024,VEH-0013,2025-08-06,31,0,completed
RTE-CHI-20250822-005,HUB-CHI,DRV-01047,VEH-0004,2025-08-22,39,0,completed
RTE-IND-20250410-001,HUB-IND,DRV-01024,VEH-0009,2025-04-10,39,1,completed
RTE-DET-20250107-003,HUB-DET,DRV-01021,VEH-0030,2025-01-07,44,0,completed
RTE-DET-20250916-001,HUB-DET,DRV-01021,VEH-0029,2025-09-16,37,0,completed
RTE-IND-20250611-004,HUB-IND,DRV-01033,VEH-0016,2025-06-11,27,0,completed
RTE-CHI-20250908-003,HUB-CHI,DRV-01048,VEH-0005,2025-09-08,24,0,completed
RTE-IND-20250618-003,HUB-IND,DRV-01188,VEH-0013,2025-06-18,35,0,completed
RTE-IND-20250203-003,HUB-IND,DRV-01024,VEH-0009,2025-02-03,37,0,completed
RTE-IND-20250714-003,HUB-IND,DRV-01006,VEH-0016,2025-07-14,63,0,completed
RTE-CIN-20251114-005,HUB-CIN,DRV-01026,VEH-0032,2025-11-14,65,4,partial
RTE-CMH-20250909-001,HUB-CMH,DRV-01013,VEH-0021,2025-09-09,23,0,completed
RTE-CHI-20250923-002,HUB-CHI,DRV-01017,VEH-0004,2025-09-23,19,0,completed
RTE-CHI-20250823-001,HUB-CHI,DRV-01047,VEH-0037,2025-08-23,42,0,completed
RTE-CMH-20250322-001,HUB-CMH,DRV-01049,VEH-0031,2025-03-22,49,0,completed
RTE-CIN-20250501-003,HUB-CIN,DRV-01019,VEH-0020,2025-05-01,42,0,completed
RTE-DET-20251215-006,HUB-DET,DRV-01022,VEH-0024,2025-12-15,37,0,completed
RTE-CIN-20250118-003,HUB-CIN,DRV-01023,VEH-0020,2025-01-18,55,0,completed
RTE-CMH-20250304-001,HUB-CMH,DRV-01030,VEH-0007,2025-03-04,63,1,completed
RTE-CMH-20250521-002,HUB-CMH,DRV-01036,VEH-0012,2025-05-21,39,0,completed
RTE-CHI-20250919-005,HUB-CHI,DRV-01047,VEH-0004,2025-09-19,49,0,completed
RTE-CMH-20250311-002,HUB-CMH,DRV-01013,VEH-0003,2025-03-11,60,2,completed
RTE-IND-20250812-002,HUB-IND,DRV-01024,VEH-0023,2025-08-12,50,0,completed
RTE-CIN-20250901-003,HUB-CIN,DRV-01029,VEH-0026,2025-09-01,63,0,completed
RTE-CIN-20251009-003,HUB-CIN,DRV-01023,VEH-0025,2025-10-09,50,0,completed
RTE-CIN-20250909-007,HUB-CIN,DRV-01041,VEH-0025,2025-09-09,47,0,completed
RTE-CMH-20250902-004,HUB-CMH,DRV-01009,VEH-0021,2025-09-02,56,3,partial
RTE-CMH-20251110-003,HUB-CMH,DRV-01049,VEH-0031,2025-11-10,55,0,completed
RTE-CHI-20250401-002,HUB-CHI,DRV-01020,VEH-0004,2025-04-01,19,0,completed
RTE-CHI-20251129-001,HUB-CHI,DRV-01011,VEH-0040,2025-11-29,60,0,completed
RTE-DET-20250723-004,HUB-DET,DRV-01037,VEH-0029,2025-07-23,52,0,completed
RTE-CIN-20251107-003,HUB-CIN,DRV-01029,VEH-0025,2025-11-07,27,2,completed
RTE-IND-20250717-005,HUB-IND,DRV-01006,VEH-0017,2025-07-17,32,0,completed
RTE-CHI-20250612-002,HUB-CHI,DRV-01017,VEH-0004,2025-06-12,24,0,completed
RTE-CMH-20250328-002,HUB-CMH,DRV-01040,VEH-0033,2025-03-28,44,0,completed
RTE-CHI-20250218-003,HUB-CHI,DRV-01012,VEH-0019,2025-02-18,29,0,completed
RTE-DET-20250901-001,HUB-DET,DRV-01004,VEH-0022,2025-09-01,63,0,completed
RTE-CMH-20251219-002,HUB-CMH,DRV-01001,VEH-0038,2025-12-19,35,0,completed
RTE-CIN-20251120-002,HUB-CIN,DRV-01008,VEH-0036,2025-11-20,63,0,completed
RTE-IND-20250128-004,HUB-IND,DRV-01042,VEH-0009,2025-01-28,51,0,completed
RTE-CHI-20250205-003,HUB-CHI,DRV-01047,VEH-0037,2025-02-05,49,0,completed
RTE-CHI-20250228-002,HUB-CHI,DRV-01020,VEH-0014,2025-02-28,58,0,completed
RTE-IND-20250204-004,HUB-IND,DRV-01032,VEH-0023,2025-02-04,25,0,completed
RTE-CIN-20250412-001,HUB-CIN,DRV-01038,VEH-0020,2025-04-12,61,0,completed
RTE-CIN-20251013-003,HUB-CIN,DRV-01034,VEH-0032,2025-10-13,41,0,completed
RTE-CHI-20250203-003,HUB-CHI,DRV-01005,VEH-0002,2025-02-03,51,0,completed
RTE-CMH-20251023-003,HUB-CMH,DRV-01015,VEH-0001,2025-10-23,19,0,completed
RTE-DET-20250421-004,HUB-DET,DRV-01046,VEH-0024,2025-04-21,29,0,completed
RTE-CHI-20250909-004,HUB-CHI,DRV-01012,VEH-0004,2025-09-09,31,0,completed
RTE-CHI-20251121-003,HUB-CHI,DRV-01017,VEH-0004,2025-11-21,36,0,completed
RTE-CMH-20250814-002,HUB-CMH,DRV-01043,VEH-0038,2025-08-14,54,0,completed
RTE-CHI-20250721-005,HUB-CHI,DRV-01007,VEH-0040,2025-07-21,48,0,completed
RTE-IND-20251204-005,HUB-IND,DRV-01031,VEH-0017,2025-12-04,57,1,partial
RTE-CHI-20250911-003,HUB-CHI,DRV-01047,VEH-0014,2025-09-11,52,0,completed
RTE-IND-20250211-002,HUB-IND,DRV-01024,VEH-0013,2025-02-11,39,0,completed
RTE-CIN-20250909-008,HUB-CIN,DRV-01026,VEH-0020,2025-09-09,23,0,completed
RTE-CMH-20250521-003,HUB-CMH,DRV-01039,VEH-0021,2025-05-21,55,0,completed
RTE-CIN-20250211-002,HUB-CIN,DRV-01026,VEH-0032,2025-02-11,59,0,completed
RTE-CMH-20250613-003,HUB-CMH,DRV-01036,VEH-0031,2025-06-13,43,0,completed
RTE-IND-20250217-003,HUB-IND,DRV-01042,VEH-0013,2025-02-17,21,0,completed
RTE-CIN-20250612-008,HUB-CIN,DRV-01041,VEH-0026,2025-06-12,50,0,completed
RTE-DET-20250710-001,HUB-DET,DRV-01022,VEH-0011,2025-07-10,61,0,completed
RTE-CMH-20250826-003,HUB-CMH,DRV-01010,VEH-0003,2025-08-26,54,0,completed
RTE-CIN-20250410-002,HUB-CIN,DRV-01003,VEH-0026,2025-04-10,42,0,completed
RTE-CMH-20250902-005,HUB-CMH,DRV-01039,VEH-0033,2025-09-02,58,1,completed
RTE-CIN-20250813-005,HUB-CIN,DRV-01026,VEH-0036,2025-08-13,28,0,completed
RTE-IND-20250606-002,HUB-IND,DRV-01031,VEH-0013,2025-06-06,50,0,completed
RTE-CHI-20250529-005,HUB-CHI,DRV-01005,VEH-0002,2025-05-29,32,0,completed
RTE-CIN-20250912-004,HUB-CIN,DRV-01038,VEH-0036,2025-09-12,20,0,completed
RTE-DET-20250527-002,HUB-DET,DRV-01021,VEH-0030,2025-05-27,37,0,completed
RTE-CIN-20250214-001,HUB-CIN,DRV-01026,VEH-0027,2025-02-14,59,0,completed
RTE-CIN-20250605-003,HUB-CIN,DRV-01038,VEH-0027,2025-06-05,49,0,completed
RTE-CHI-20251105-003,HUB-CHI,DRV-01011,VEH-0002,2025-11-05,31,0,completed
RTE-CHI-20250314-003,HUB-CHI,DRV-01035,VEH-0037,2025-03-14,50,0,completed
RTE-CHI-20251128-002,HUB-CHI,DRV-01047,VEH-0019,2025-11-28,41,0,completed
RTE-CIN-20250909-009,HUB-CIN,DRV-01025,VEH-0036,2025-09-09,36,0,completed
RTE-IND-20250717-006,HUB-IND,DRV-01032,VEH-0008,2025-07-17,55,0,completed
RTE-CIN-20250110-001,HUB-CIN,DRV-01003,VEH-0020,2025-01-10,26,3,partial
RTE-CMH-20250709-008,HUB-CMH,DRV-01015,VEH-0003,2025-07-09,26,0,completed
RTE-IND-20250721-003,HUB-IND,DRV-01032,VEH-0017,2025-07-21,41,0,completed
RTE-CIN-20250102-004,HUB-CIN,DRV-01023,VEH-0036,2025-01-02,38,0,completed
RTE-DET-20251128-002,HUB-DET,DRV-01014,VEH-0011,2025-11-28,36,0,completed
RTE-DET-20250319-002,HUB-DET,DRV-01022,VEH-0022,2025-03-19,27,0,completed
RTE-CMH-20250808-005,HUB-CMH,DRV-01013,VEH-0038,2025-08-08,27,0,completed
RTE-CMH-20250915-003,HUB-CMH,DRV-01028,VEH-0003,2025-09-15,21,2,completed
RTE-IND-20250808-005,HUB-IND,DRV-01024,VEH-0017,2025-08-08,47,0,completed
RTE-CHI-20251105-004,HUB-CHI,DRV-01012,VEH-0006,2025-11-05,33,0,completed
RTE-CIN-20250411-001,HUB-CIN,DRV-01027,VEH-0036,2025-04-11,45,0,completed
RTE-CIN-20250418-002,HUB-CIN,DRV-01041,VEH-0036,2025-04-18,43,0,completed
RTE-CHI-20250929-002,HUB-CHI,DRV-01020,VEH-0004,2025-09-29,46,0,completed
RTE-CIN-20250811-003,HUB-CIN,DRV-01003,VEH-0026,2025-08-11,40,0,completed
RTE-CHI-20250314-004,HUB-CHI,DRV-01020,VEH-0002,2025-03-14,49,0,completed
RTE-CIN-20251230-002,HUB-CIN,DRV-01019,VEH-0026,2025-12-30,52,0,completed
RTE-IND-20250430-002,HUB-IND,DRV-01031,VEH-0008,2025-04-30,55,0,completed
RTE-DET-20250113-003,HUB-DET,DRV-01037,VEH-0024,2025-01-13,56,0,completed
RTE-CHI-20251208-002,HUB-CHI,DRV-01012,VEH-0014,2025-12-08,29,0,completed
RTE-IND-20251112-005,HUB-IND,DRV-01006,VEH-0016,2025-11-12,43,0,completed
RTE-DET-20250320-005,HUB-DET,DRV-01046,VEH-0029,2025-03-20,29,0,completed
RTE-DET-20250129-004,HUB-DET,DRV-01022,VEH-0029,2025-01-29,47,0,completed
RTE-CIN-20250816-001,HUB-CIN,DRV-01026,VEH-0026,2025-08-16,60,0,completed
RTE-CIN-20251226-002,HUB-CIN,DRV-01027,VEH-0018,2025-12-26,52,0,completed
RTE-DET-20250516-002,HUB-DET,DRV-01037,VEH-0030,2025-05-16,54,0,completed
RTE-IND-20250117-003,HUB-IND,DRV-01032,VEH-0017,2025-01-17,49,6,partial
RTE-CHI-20250512-003,HUB-CHI,DRV-01035,VEH-0004,2025-05-12,21,0,completed
RTE-IND-20251002-003,HUB-IND,DRV-01024,VEH-0016,2025-10-02,52,0,completed
RTE-CMH-20250721-002,HUB-CMH,DRV-01013,VEH-0007,2025-07-21,55,0,completed
RTE-CHI-20250724-001,HUB-CHI,DRV-01020,VEH-0040,2025-07-24,29,0,completed
RTE-CIN-20250726-002,HUB-CIN,DRV-01029,VEH-0025,2025-07-26,48,0,completed
RTE-CIN-20250723-005,HUB-CIN,DRV-01025,VEH-0018,2025-07-23,18,0,completed
RTE-IND-20251011-002,HUB-IND,DRV-01032,VEH-0016,2025-10-11,59,0,completed
RTE-CIN-20250701-002,HUB-CIN,DRV-01002,VEH-0018,2025-07-01,55,0,completed
RTE-CIN-20251029-001,HUB-CIN,DRV-01026,VEH-0026,2025-10-29,61,0,completed
RTE-IND-20251224-004,HUB-IND,DRV-01042,VEH-0017,2025-12-24,19,0,completed
RTE-IND-20250203-004,HUB-IND,DRV-01006,VEH-0010,2025-02-03,50,0,completed
RTE-IND-20250425-004,HUB-IND,DRV-01188,VEH-0010,2025-04-25,35,0,completed
RTE-IND-20250527-002,HUB-IND,DRV-01032,VEH-0013,2025-05-27,36,0,completed
RTE-CIN-20251021-004,HUB-CIN,DRV-01038,VEH-0026,2025-10-21,47,0,completed
RTE-CHI-20250324-005,HUB-CHI,DRV-01035,VEH-0014,2025-03-24,42,0,completed
RTE-IND-20250213-003,HUB-IND,DRV-01032,VEH-0009,2025-02-13,20,4,partial
RTE-CMH-20250824-001,HUB-CMH,DRV-01044,VEH-0033,2025-08-24,44,0,completed
RTE-DET-20251110-002,HUB-DET,DRV-01046,VEH-0029,2025-11-10,62,0,completed
RTE-CMH-20251003-002,HUB-CMH,DRV-01049,VEH-0028,2025-10-03,24,0,completed
RTE-DET-20250504-001,HUB-DET,DRV-01046,VEH-0030,2025-05-04,61,2,completed
RTE-CHI-20250206-002,HUB-CHI,DRV-01005,VEH-0040,2025-02-06,39,0,completed
RTE-CMH-20250128-001,HUB-CMH,DRV-01018,VEH-0003,2025-01-28,40,0,completed
RTE-CIN-20250627-004,HUB-CIN,DRV-01019,VEH-0036,2025-06-27,55,0,completed
RTE-IND-20250322-002,HUB-IND,DRV-01033,VEH-0010,2025-03-22,40,0,completed
RTE-CHI-20250623-003,HUB-CHI,DRV-01012,VEH-0005,2025-06-23,26,3,partial
RTE-IND-20251111-003,HUB-IND,DRV-01033,VEH-0023,2025-11-11,23,5,partial
RTE-CMH-20251202-002,HUB-CMH,DRV-01049,VEH-0033,2025-12-02,43,0,completed
RTE-CHI-20250127-005,HUB-CHI,DRV-01048,VEH-0004,2025-01-27,38,0,completed
RTE-CIN-20250617-004,HUB-CIN,DRV-01002,VEH-0026,2025-06-17,18,0,completed
RTE-DET-20251204-002,HUB-DET,DRV-01037,VEH-0024,2025-12-04,63,4,partial
RTE-DET-20250417-003,HUB-DET,DRV-01004,VEH-0011,2025-04-17,26,0,completed
RTE-CMH-20251227-001,HUB-CMH,DRV-01009,VEH-0033,2025-12-27,30,0,completed
RTE-DET-20251218-007,HUB-DET,DRV-01037,VEH-0030,2025-12-18,32,0,completed
RTE-CHI-20250610-001,HUB-CHI,DRV-01048,VEH-0040,2025-06-10,51,0,completed
RTE-DET-20251025-001,HUB-DET,DRV-01014,VEH-0030,2025-10-25,54,0,completed
RTE-CMH-20250501-004,HUB-CMH,DRV-01043,VEH-0007,2025-05-01,53,0,completed
RTE-CHI-20250704-002,HUB-CHI,DRV-01007,VEH-0019,2025-07-04,21,0,completed
RTE-CIN-20250127-003,HUB-CIN,DRV-01019,VEH-0032,2025-01-27,24,0,completed
RTE-DET-20250318-001,HUB-DET,DRV-01004,VEH-0024,2025-03-18,62,0,completed
RTE-CIN-20250701-003,HUB-CIN,DRV-01034,VEH-0026,2025-07-01,38,0,completed
RTE-CMH-20251010-006,HUB-CMH,DRV-01030,VEH-0021,2025-10-10,35,0,completed
RTE-CIN-20251101-001,HUB-CIN,DRV-01026,VEH-0025,2025-11-01,37,0,completed
RTE-DET-20251115-003,HUB-DET,DRV-01046,VEH-0011,2025-11-15,61,0,completed
RTE-CIN-20250606-002,HUB-CIN,DRV-01027,VEH-0018,2025-06-06,39,0,completed
RTE-CHI-20250320-001,HUB-CHI,DRV-01005,VEH-0002,2025-03-20,41,0,completed
RTE-IND-20250720-002,HUB-IND,DRV-01006,VEH-0023,2025-07-20,24,0,completed
RTE-CHI-20251211-006,HUB-CHI,DRV-01020,VEH-0002,2025-12-11,44,0,completed
RTE-DET-20250711-002,HUB-DET,DRV-01022,VEH-0011,2025-07-11,41,2,partial
RTE-IND-20250919-003,HUB-IND,DRV-01042,VEH-0017,2025-09-19,47,0,completed
RTE-CHI-20251022-003,HUB-CHI,DRV-01047,VEH-0006,2025-10-22,55,3,completed
RTE-CIN-20250319-004,HUB-CIN,DRV-01034,VEH-0018,2025-03-19,63,0,completed
RTE-CMH-20250320-002,HUB-CMH,DRV-01040,VEH-0031,2025-03-20,19,0,completed
RTE-CHI-20250114-003,HUB-CHI,DRV-01047,VEH-0037,2025-01-14,35,0,completed
RTE-CHI-20251212-001,HUB-CHI,DRV-01011,VEH-0004,2025-12-12,24,6,partial
RTE-CHI-20250802-003,HUB-CHI,DRV-01012,VEH-0040,2025-08-02,46,0,completed
RTE-CIN-20251120-003,HUB-CIN,DRV-01003,VEH-0036,2025-11-20,32,0,completed
RTE-CMH-20250508-003,HUB-CMH,DRV-01036,VEH-0038,2025-05-08,33,2,completed
RTE-CHI-20250325-002,HUB-CHI,DRV-01047,VEH-0002,2025-03-25,31,0,completed
RTE-CHI-20250422-005,HUB-CHI,DRV-01011,VEH-0040,2025-04-22,34,0,completed
RTE-CIN-20250726-003,HUB-CIN,DRV-01026,VEH-0026,2025-07-26,52,3,partial
RTE-CIN-20250126-001,HUB-CIN,DRV-01034,VEH-0032,2025-01-26,40,0,completed
RTE-CHI-20251225-001,HUB-CHI,DRV-01048,VEH-0004,2025-12-25,38,0,completed
RTE-CMH-20250710-003,HUB-CMH,DRV-01049,VEH-0003,2025-07-10,38,0,completed
RTE-CIN-20251217-004,HUB-CIN,DRV-01041,VEH-0032,2025-12-17,39,0,completed
RTE-CIN-20250224-003,HUB-CIN,DRV-01038,VEH-0018,2025-02-24,48,0,completed
RTE-IND-20251231-001,HUB-IND,DRV-01024,VEH-0023,2025-12-31,36,0,completed
RTE-CMH-20250924-003,HUB-CMH,DRV-01016,VEH-0003,2025-09-24,36,0,completed
RTE-CMH-20250728-006,HUB-CMH,DRV-01049,VEH-0028,2025-07-28,34,0,completed
RTE-CMH-20250217-003,HUB-CMH,DRV-01001,VEH-0031,2025-02-17,41,0,completed
RTE-DET-20250314-002,HUB-DET,DRV-01022,VEH-0029,2025-03-14,52,0,completed
RTE-IND-20250529-003,HUB-IND,DRV-01042,VEH-0009,2025-05-29,58,0,completed
RTE-DET-20250423-004,HUB-DET,DRV-01022,VEH-0029,2025-04-23,45,0,completed
RTE-IND-20251114-002,HUB-IND,DRV-01006,VEH-0009,2025-11-14,60,3,partial
RTE-CMH-20251015-002,HUB-CMH,DRV-01044,VEH-0031,2025-10-15,29,0,completed
RTE-IND-20250808-006,HUB-IND,DRV-01033,VEH-0016,2025-08-08,59,3,completed
RTE-DET-20250609-002,HUB-DET,DRV-01014,VEH-0030,2025-06-09,51,0,completed
RTE-IND-20250422-005,HUB-IND,DRV-01006,VEH-0017,2025-04-22,41,0,completed
RTE-CMH-20250704-002,HUB-CMH,DRV-01039,VEH-0012,2025-07-04,22,0,completed
RTE-IND-20250411-004,HUB-IND,DRV-01045,VEH-0008,2025-04-11,24,0,completed
RTE-CHI-20250103-002,HUB-CHI,DRV-01047,VEH-0014,2025-01-03,48,3,completed
RTE-CHI-20251023-003,HUB-CHI,DRV-01047,VEH-0005,2025-10-23,65,0,completed
RTE-CMH-20251114-003,HUB-CMH,DRV-01028,VEH-0031,2025-11-14,22,0,completed
RTE-CIN-20250728-002,HUB-CIN,DRV-01008,VEH-0020,2025-07-28,40,0,completed
RTE-CIN-20250624-001,HUB-CIN,DRV-01023,VEH-0032,2025-06-24,30,0,completed
RTE-IND-20251121-003,HUB-IND,DRV-01188,VEH-0010,2025-11-21,18,0,completed
RTE-DET-20250115-005,HUB-DET,DRV-01014,VEH-0030,2025-01-15,48,6,partial
RTE-DET-20250624-003,HUB-DET,DRV-01022,VEH-0030,2025-06-24,54,0,completed
RTE-DET-20250129-005,HUB-DET,DRV-01004,VEH-0030,2025-01-29,33,0,completed
RTE-CHI-20250515-002,HUB-CHI,DRV-01020,VEH-0004,2025-05-15,23,0,completed
RTE-IND-20250620-004,HUB-IND,DRV-01024,VEH-0016,2025-06-20,60,0,completed
RTE-IND-20251008-004,HUB-IND,DRV-01006,VEH-0008,2025-10-08,45,0,completed
RTE-DET-20250214-002,HUB-DET,DRV-01004,VEH-0029,2025-02-14,34,0,completed
RTE-CHI-20250616-003,HUB-CHI,DRV-01012,VEH-0040,2025-06-16,62,0,completed
RTE-CMH-20250402-003,HUB-CMH,DRV-01009,VEH-0028,2025-04-02,42,0,completed
RTE-DET-20250522-001,HUB-DET,DRV-01046,VEH-0011,2025-05-22,42,0,completed
RTE-CMH-20250602-004,HUB-CMH,DRV-01016,VEH-0033,2025-06-02,32,0,completed
RTE-CIN-20250806-003,HUB-CIN,DRV-01023,VEH-0018,2025-08-06,64,0,completed
RTE-IND-20250414-001,HUB-IND,DRV-01024,VEH-0017,2025-04-14,49,0,completed
RTE-CIN-20250108-005,HUB-CIN,DRV-01002,VEH-0026,2025-01-08,25,0,completed
RTE-CMH-20250904-002,HUB-CMH,DRV-01039,VEH-0021,2025-09-04,40,3,completed
RTE-CIN-20250617-005,HUB-CIN,DRV-01019,VEH-0027,2025-06-17,49,0,completed
RTE-CIN-20250716-001,HUB-CIN,DRV-01002,VEH-0036,2025-07-16,47,0,completed
RTE-DET-20250721-002,HUB-DET,DRV-01046,VEH-0011,2025-07-21,51,2,completed
RTE-CIN-20250924-002,HUB-CIN,DRV-01003,VEH-0026,2025-09-24,52,0,completed
RTE-DET-20250313-002,HUB-DET,DRV-01046,VEH-0022,2025-03-13,30,0,completed
RTE-CIN-20250112-001,HUB-CIN,DRV-01002,VEH-0026,2025-01-12,19,0,completed
RTE-IND-20250717-007,HUB-IND,DRV-01033,VEH-0010,2025-07-17,18,0,completed
RTE-CMH-20251210-001,HUB-CMH,DRV-01015,VEH-0028,2025-12-10,63,0,completed
RTE-CIN-20251212-001,HUB-CIN,DRV-01034,VEH-0018,2025-12-12,50,5,partial
RTE-DET-20250401-004,HUB-DET,DRV-01046,VEH-0029,2025-04-01,33,0,completed
RTE-DET-20250313-003,HUB-DET,DRV-01014,VEH-0022,2025-03-13,31,0,completed
RTE-DET-20250424-002,HUB-DET,DRV-01037,VEH-0024,2025-04-24,21,0,completed
RTE-CHI-20250417-003,HUB-CHI,DRV-01035,VEH-0002,2025-04-17,39,0,completed
RTE-DET-20250514-002,HUB-DET,DRV-01014,VEH-0024,2025-05-14,31,0,completed
RTE-CHI-20250314-005,HUB-CHI,DRV-01035,VEH-0019,2025-03-14,34,0,completed
RTE-IND-20250127-004,HUB-IND,DRV-01032,VEH-0016,2025-01-27,47,0,completed
RTE-IND-20250606-003,HUB-IND,DRV-01024,VEH-0009,2025-06-06,61,0,completed
RTE-CIN-20251111-002,HUB-CIN,DRV-01026,VEH-0025,2025-11-11,27,0,completed
RTE-DET-20251121-003,HUB-DET,DRV-01004,VEH-0011,2025-11-21,57,0,completed
RTE-IND-20250828-001,HUB-IND,DRV-01006,VEH-0017,2025-08-28,38,3,partial
RTE-DET-20250228-002,HUB-DET,DRV-01021,VEH-0011,2025-02-28,22,0,completed
RTE-DET-20250215-001,HUB-DET,DRV-01021,VEH-0029,2025-02-15,37,0,completed
RTE-CHI-20251125-007,HUB-CHI,DRV-01020,VEH-0014,2025-11-25,29,0,completed
RTE-DET-20250122-002,HUB-DET,DRV-01014,VEH-0030,2025-01-22,59,0,completed
RTE-CHI-20250404-003,HUB-CHI,DRV-01012,VEH-0014,2025-04-04,31,0,completed
RTE-CIN-20250825-003,HUB-CIN,DRV-01034,VEH-0020,2025-08-25,52,0,completed
RTE-CIN-20250613-001,HUB-CIN,DRV-01023,VEH-0025,2025-06-13,53,0,completed
RTE-IND-20250321-007,HUB-IND,DRV-01024,VEH-0017,2025-03-21,48,0,completed
RTE-IND-20250723-002,HUB-IND,DRV-01042,VEH-0008,2025-07-23,28,0,completed
RTE-IND-20251113-001,HUB-IND,DRV-01045,VEH-0009,2025-11-13,52,4,partial
RTE-DET-20250627-003,HUB-DET,DRV-01004,VEH-0022,2025-06-27,23,0,completed
RTE-CHI-20250210-003,HUB-CHI,DRV-01011,VEH-0004,2025-02-10,33,6,canceled
RTE-IND-20250910-005,HUB-IND,DRV-01032,VEH-0017,2025-09-10,61,0,completed
RTE-CMH-20250402-004,HUB-CMH,DRV-01015,VEH-0021,2025-04-02,65,0,completed
RTE-DET-20250619-002,HUB-DET,DRV-01021,VEH-0030,2025-06-19,50,0,completed
RTE-CHI-20251118-003,HUB-CHI,DRV-01035,VEH-0006,2025-11-18,53,0,completed
RTE-CHI-20250527-004,HUB-CHI,DRV-01005,VEH-0006,2025-05-27,39,0,completed
RTE-CHI-20250623-004,HUB-CHI,DRV-01007,VEH-0019,2025-06-23,22,0,completed
RTE-IND-20251215-003,HUB-IND,DRV-01045,VEH-0013,2025-12-15,19,0,completed
RTE-CIN-20250810-001,HUB-CIN,DRV-01038,VEH-0027,2025-08-10,63,0,completed
RTE-IND-20250319-003,HUB-IND,DRV-01188,VEH-0008,2025-03-19,40,0,completed
RTE-CMH-20250124-001,HUB-CMH,DRV-01001,VEH-0012,2025-01-24,19,1,partial
RTE-CIN-20250418-003,HUB-CIN,DRV-01025,VEH-0025,2025-04-18,24,0,completed
RTE-CHI-20250425-002,HUB-CHI,DRV-01012,VEH-0005,2025-04-25,53,0,completed
RTE-CMH-20250513-001,HUB-CMH,DRV-01015,VEH-0007,2025-05-13,28,0,completed
RTE-CHI-20250429-002,HUB-CHI,DRV-01035,VEH-0005,2025-04-29,25,0,completed
RTE-CHI-20250613-001,HUB-CHI,DRV-01047,VEH-0004,2025-06-13,39,0,completed
RTE-DET-20251113-003,HUB-DET,DRV-01022,VEH-0030,2025-11-13,46,0,completed
RTE-CMH-20250914-001,HUB-CMH,DRV-01039,VEH-0003,2025-09-14,58,0,completed
RTE-CMH-20251107-004,HUB-CMH,DRV-01013,VEH-0007,2025-11-07,45,0,completed
RTE-DET-20250331-004,HUB-DET,DRV-01014,VEH-0024,2025-03-31,40,0,completed
RTE-CIN-20250801-002,HUB-CIN,DRV-01038,VEH-0018,2025-08-01,31,0,completed
RTE-CIN-20250718-003,HUB-CIN,DRV-01041,VEH-0020,2025-07-18,23,2,completed
RTE-CHI-20250401-003,HUB-CHI,DRV-01048,VEH-0004,2025-04-01,40,0,completed
RTE-CHI-20250623-005,HUB-CHI,DRV-01047,VEH-0040,2025-06-23,45,0,completed
RTE-DET-20250324-001,HUB-DET,DRV-01004,VEH-0022,2025-03-24,31,0,completed
RTE-CMH-20250526-004,HUB-CMH,DRV-01039,VEH-0012,2025-05-26,18,0,completed
RTE-CIN-20251112-002,HUB-CIN,DRV-01026,VEH-0027,2025-11-12,56,0,completed
RTE-IND-20251104-003,HUB-IND,DRV-01006,VEH-0013,2025-11-04,62,0,completed
RTE-CIN-20250911-003,HUB-CIN,DRV-01026,VEH-0027,2025-09-11,54,0,completed
RTE-CIN-20250422-005,HUB-CIN,DRV-01003,VEH-0027,2025-04-22,59,0,completed
RTE-CIN-20251118-002,HUB-CIN,DRV-01023,VEH-0027,2025-11-18,61,0,completed
RTE-CMH-20250501-005,HUB-CMH,DRV-01036,VEH-0001,2025-05-01,20,0,completed
RTE-DET-20250227-002,HUB-DET,DRV-01021,VEH-0030,2025-02-27,43,0,completed
RTE-CHI-20250820-002,HUB-CHI,DRV-01020,VEH-0006,2025-08-20,30,0,completed
RTE-CIN-20250916-001,HUB-CIN,DRV-01034,VEH-0026,2025-09-16,44,0,completed
RTE-IND-20250930-002,HUB-IND,DRV-01033,VEH-0009,2025-09-30,22,1,partial
RTE-DET-20250131-004,HUB-DET,DRV-01021,VEH-0011,2025-01-31,37,0,completed
RTE-CHI-20250510-001,HUB-CHI,DRV-01035,VEH-0019,2025-05-10,61,0,completed
RTE-IND-20250624-002,HUB-IND,DRV-01188,VEH-0013,2025-06-24,22,0,completed
RTE-CMH-20250415-001,HUB-CMH,DRV-01039,VEH-0007,2025-04-15,47,0,completed
RTE-CMH-20250801-005,HUB-CMH,DRV-01030,VEH-0038,2025-08-01,55,0,completed
RTE-DET-20251008-005,HUB-DET,DRV-01037,VEH-0029,2025-10-08,56,0,completed
RTE-CIN-20250619-003,HUB-CIN,DRV-01023,VEH-0020,2025-06-19,34,0,completed
RTE-CMH-20250407-003,HUB-CMH,DRV-01015,VEH-0021,2025-04-07,39,0,completed
RTE-CHI-20250221-002,HUB-CHI,DRV-01020,VEH-0037,2025-02-21,20,0,completed
RTE-CMH-20251126-001,HUB-CMH,DRV-01043,VEH-0038,2025-11-26,24,0,completed
RTE-IND-20251216-006,HUB-IND,DRV-01006,VEH-0017,2025-12-16,54,0,completed
RTE-CIN-20251113-002,HUB-CIN,DRV-01003,VEH-0025,2025-11-13,25,0,completed
RTE-CMH-20250604-001,HUB-CMH,DRV-01015,VEH-0001,2025-06-04,40,0,completed
RTE-IND-20251013-001,HUB-IND,DRV-01006,VEH-0017,2025-10-13,23,0,completed
RTE-IND-20251212-002,HUB-IND,DRV-01188,VEH-0017,2025-12-12,35,0,completed
RTE-DET-20251104-001,HUB-DET,DRV-01014,VEH-0029,2025-11-04,34,2,completed
RTE-IND-20250730-001,HUB-IND,DRV-01188,VEH-0009,2025-07-30,38,0,completed
RTE-CHI-20251219-004,HUB-CHI,DRV-01011,VEH-0014,2025-12-19,39,6,partial
RTE-CHI-20250529-006,HUB-CHI,DRV-01017,VEH-0002,2025-05-29,52,0,completed
RTE-IND-20250821-001,HUB-IND,DRV-01033,VEH-0009,2025-08-21,41,0,completed
RTE-DET-20251020-002,HUB-DET,DRV-01037,VEH-0024,2025-10-20,58,0,completed
RTE-CMH-20250401-003,HUB-CMH,DRV-01036,VEH-0003,2025-04-01,53,0,completed
RTE-DET-20250607-001,HUB-DET,DRV-01022,VEH-0011,2025-06-07,34,0,completed
RTE-CMH-20251002-002,HUB-CMH,DRV-01036,VEH-0033,2025-10-02,18,0,completed
RTE-DET-20251108-001,HUB-DET,DRV-01037,VEH-0011,2025-11-08,56,0,completed
RTE-IND-20250507-002,HUB-IND,DRV-01024,VEH-0023,2025-05-07,61,0,completed
RTE-CHI-20250624-005,HUB-CHI,DRV-01012,VEH-0004,2025-06-24,46,3,partial
RTE-CHI-20250415-003,HUB-CHI,DRV-01047,VEH-0040,2025-04-15,18,0,completed
RTE-IND-20250127-005,HUB-IND,DRV-01032,VEH-0013,2025-01-27,48,0,completed
RTE-DET-20251009-003,HUB-DET,DRV-01014,VEH-0024,2025-10-09,30,0,completed
RTE-CHI-20250910-002,HUB-CHI,DRV-01005,VEH-0004,2025-09-10,38,0,completed
RTE-CHI-20250413-001,HUB-CHI,DRV-01020,VEH-0037,2025-04-13,54,0,completed
RTE-IND-20250801-001,HUB-IND,DRV-01188,VEH-0023,2025-08-01,34,0,completed
RTE-CHI-20250204-003,HUB-CHI,DRV-01012,VEH-0004,2025-02-04,24,0,completed
RTE-IND-20251004-002,HUB-IND,DRV-01031,VEH-0009,2025-10-04,44,0,completed
RTE-CHI-20250604-001,HUB-CHI,DRV-01005,VEH-0002,2025-06-04,31,0,completed
RTE-IND-20251201-002,HUB-IND,DRV-01024,VEH-0009,2025-12-01,22,0,completed
RTE-IND-20250715-005,HUB-IND,DRV-01032,VEH-0023,2025-07-15,63,0,completed
RTE-CMH-20250912-006,HUB-CMH,DRV-01013,VEH-0031,2025-09-12,37,0,completed
RTE-IND-20250212-002,HUB-IND,DRV-01042,VEH-0009,2025-02-12,29,0,completed
RTE-CHI-20251124-002,HUB-CHI,DRV-01012,VEH-0005,2025-11-24,38,0,completed
RTE-CIN-20250614-004,HUB-CIN,DRV-01027,VEH-0036,2025-06-14,57,0,completed
RTE-IND-20251231-002,HUB-IND,DRV-01045,VEH-0010,2025-12-31,46,0,completed
RTE-CHI-20251009-002,HUB-CHI,DRV-01012,VEH-0019,2025-10-09,29,0,completed
RTE-DET-20251216-002,HUB-DET,DRV-01021,VEH-0011,2025-12-16,45,2,completed
RTE-CMH-20251221-001,HUB-CMH,DRV-01016,VEH-0021,2025-12-21,20,3,partial
RTE-CHI-20250915-004,HUB-CHI,DRV-01005,VEH-0040,2025-09-15,39,2,completed
RTE-CMH-20250912-007,HUB-CMH,DRV-01013,VEH-0021,2025-09-12,54,0,completed
RTE-IND-20250222-001,HUB-IND,DRV-01031,VEH-0013,2025-02-22,56,0,completed
RTE-DET-20250413-001,HUB-DET,DRV-01021,VEH-0022,2025-04-13,47,0,completed
RTE-CHI-20250207-003,HUB-CHI,DRV-01035,VEH-0014,2025-02-07,61,3,completed
RTE-DET-20251128-003,HUB-DET,DRV-01037,VEH-0029,2025-11-28,48,0,completed
RTE-CMH-20250410-002,HUB-CMH,DRV-01049,VEH-0003,2025-04-10,62,0,completed
RTE-CHI-20250423-002,HUB-CHI,DRV-01047,VEH-0005,2025-04-23,24,0,completed
RTE-CHI-20250101-003,HUB-CHI,DRV-01035,VEH-0040,2025-01-01,25,0,completed
RTE-CMH-20250717-004,HUB-CMH,DRV-01015,VEH-0021,2025-07-17,57,3,completed
RTE-IND-20250607-001,HUB-IND,DRV-01045,VEH-0008,2025-06-07,44,0,completed
RTE-CIN-20250417-005,HUB-CIN,DRV-01023,VEH-0027,2025-04-17,38,0,completed
RTE-DET-20250318-002,HUB-DET,DRV-01004,VEH-0029,2025-03-18,50,0,completed
RTE-DET-20250322-002,HUB-DET,DRV-01037,VEH-0024,2025-03-22,63,0,completed
RTE-CMH-20250607-002,HUB-CMH,DRV-01036,VEH-0031,2025-06-07,42,2,partial
RTE-CHI-20251114-002,HUB-CHI,DRV-01011,VEH-0019,2025-11-14,46,0,completed
RTE-CIN-20250124-002,HUB-CIN,DRV-01029,VEH-0025,2025-01-24,20,0,completed
RTE-CHI-20250108-001,HUB-CHI,DRV-01005,VEH-0006,2025-01-08,36,0,completed
RTE-CMH-20250905-005,HUB-CMH,DRV-01009,VEH-0007,2025-09-05,21,0,completed
RTE-CIN-20250430-002,HUB-CIN,DRV-01038,VEH-0036,2025-04-30,41,0,completed
RTE-CMH-20250619-003,HUB-CMH,DRV-01040,VEH-0007,2025-06-19,55,0,completed
RTE-CHI-20250317-002,HUB-CHI,DRV-01005,VEH-0006,2025-03-17,33,0,completed
RTE-CIN-20250425-005,HUB-CIN,DRV-01029,VEH-0027,2025-04-25,61,0,completed
RTE-CMH-20250224-001,HUB-CMH,DRV-01013,VEH-0033,2025-02-24,65,0,completed
RTE-CIN-20250505-002,HUB-CIN,DRV-01038,VEH-0026,2025-05-05,56,0,completed
RTE-DET-20251010-006,HUB-DET,DRV-01022,VEH-0029,2025-10-10,52,0,completed
RTE-DET-20250506-001,HUB-DET,DRV-01004,VEH-0030,2025-05-06,63,0,completed
RTE-DET-20250716-002,HUB-DET,DRV-01021,VEH-0011,2025-07-16,37,0,completed
RTE-CIN-20250514-001,HUB-CIN,DRV-01026,VEH-0025,2025-05-14,47,0,completed
RTE-DET-20250113-004,HUB-DET,DRV-01014,VEH-0011,2025-01-13,42,0,completed
RTE-IND-20251013-002,HUB-IND,DRV-01024,VEH-0016,2025-10-13,50,0,completed
RTE-CMH-20250314-005,HUB-CMH,DRV-01010,VEH-0038,2025-03-14,23,1,partial
RTE-IND-20250923-004,HUB-IND,DRV-01032,VEH-0017,2025-09-23,31,0,completed
RTE-CMH-20250529-004,HUB-CMH,DRV-01036,VEH-0038,2025-05-29,25,0,completed
RTE-DET-20250208-002,HUB-DET,DRV-01037,VEH-0029,2025-02-08,33,0,completed
RTE-DET-20250101-006,HUB-DET,DRV-01021,VEH-0030,2025-01-01,39,3,completed
RTE-CHI-20251030-002,HUB-CHI,DRV-01048,VEH-0002,2025-10-30,27,0,completed
RTE-IND-20250524-001,HUB-IND,DRV-01024,VEH-0023,2025-05-24,44,2,completed
RTE-DET-20251217-001,HUB-DET,DRV-01014,VEH-0024,2025-12-17,21,0,completed
RTE-CMH-20250927-001,HUB-CMH,DRV-01049,VEH-0031,2025-09-27,32,0,completed
RTE-CMH-20250917-001,HUB-CMH,DRV-01013,VEH-0033,2025-09-17,18,0,completed
RTE-DET-20250613-006,HUB-DET,DRV-01046,VEH-0024,2025-06-13,22,2,completed
RTE-IND-20250304-004,HUB-IND,DRV-01031,VEH-0010,2025-03-04,52,0,completed
RTE-CIN-20250910-002,HUB-CIN,DRV-01003,VEH-0036,2025-09-10,25,0,completed
RTE-DET-20250523-002,HUB-DET,DRV-01022,VEH-0030,2025-05-23,35,0,completed
RTE-CHI-20250224-002,HUB-CHI,DRV-01011,VEH-0002,2025-02-24,24,0,completed
RTE-CIN-20250402-006,HUB-CIN,DRV-01038,VEH-0018,2025-04-02,39,0,completed
RTE-IND-20251212-003,HUB-IND,DRV-01024,VEH-0023,2025-12-12,24,0,completed
RTE-CMH-20250303-004,HUB-CMH,DRV-01009,VEH-0021,2025-03-03,42,1,partial
RTE-CHI-20250709-003,HUB-CHI,DRV-01020,VEH-0037,2025-07-09,50,0,completed
RTE-CMH-20251031-001,HUB-CMH,DRV-01009,VEH-0021,2025-10-31,21,0,completed
RTE-CHI-20250313-004,HUB-CHI,DRV-01020,VEH-0037,2025-03-13,32,0,completed
RTE-DET-20250724-002,HUB-DET,DRV-01022,VEH-0029,2025-07-24,21,0,completed
RTE-DET-20250218-002,HUB-DET,DRV-01037,VEH-0030,2025-02-18,29,0,completed
RTE-CIN-20251121-006,HUB-CIN,DRV-01029,VEH-0025,2025-11-21,47,0,completed
RTE-DET-20251218-008,HUB-DET,DRV-01004,VEH-0030,2025-12-18,22,0,completed
RTE-CIN-20250412-002,HUB-CIN,DRV-01019,VEH-0025,2025-04-12,49,0,completed
RTE-IND-20250816-002,HUB-IND,DRV-01024,VEH-0008,2025-08-16,59,0,completed
RTE-CIN-20250101-003,HUB-CIN,DRV-01002,VEH-0020,2025-01-01,51,1,completed
RTE-CIN-20250602-002,HUB-CIN,DRV-01008,VEH-0025,2025-06-02,58,0,completed
RTE-IND-20250217-004,HUB-IND,DRV-01032,VEH-0008,2025-02-17,35,0,completed
RTE-CIN-20250826-002,HUB-CIN,DRV-01038,VEH-0027,2025-08-26,36,0,completed
RTE-CIN-20250617-006,HUB-CIN,DRV-01026,VEH-0020,2025-06-17,37,0,completed
RTE-CMH-20250109-002,HUB-CMH,DRV-01049,VEH-0003,2025-01-09,55,0,completed
RTE-CIN-20250927-001,HUB-CIN,DRV-01019,VEH-0020,2025-09-27,35,0,completed
RTE-IND-20251113-002,HUB-IND,DRV-01024,VEH-0017,2025-11-13,23,1,completed
RTE-DET-20250815-004,HUB-DET,DRV-01022,VEH-0011,2025-08-15,48,3,partial
RTE-DET-20250718-001,HUB-DET,DRV-01037,VEH-0024,2025-07-18,44,0,completed
RTE-CMH-20250311-003,HUB-CMH,DRV-01049,VEH-0038,2025-03-11,49,0,completed
RTE-CMH-20250608-002,HUB-CMH,DRV-01030,VEH-0003,2025-06-08,52,0,completed
RTE-CIN-20250721-002,HUB-CIN,DRV-01008,VEH-0020,2025-07-21,35,0,completed
RTE-CMH-20250512-006,HUB-CMH,DRV-01016,VEH-0028,2025-05-12,46,0,completed
RTE-CHI-20250825-002,HUB-CHI,DRV-01007,VEH-0006,2025-08-25,54,0,completed
RTE-DET-20250411-004,HUB-DET,DRV-01014,VEH-0011,2025-04-11,63,0,completed
RTE-IND-20251205-002,HUB-IND,DRV-01033,VEH-0008,2025-12-05,48,0,completed
RTE-CMH-20250322-002,HUB-CMH,DRV-01049,VEH-0001,2025-03-22,22,0,completed
RTE-DET-20251224-003,HUB-DET,DRV-01022,VEH-0030,2025-12-24,42,4,partial
RTE-CIN-20251224-003,HUB-CIN,DRV-01025,VEH-0036,2025-12-24,53,0,completed
RTE-CIN-20250627-005,HUB-CIN,DRV-01023,VEH-0032,2025-06-27,64,0,completed
RTE-CMH-20251202-003,HUB-CMH,DRV-01043,VEH-0021,2025-12-02,48,3,partial
RTE-CHI-20250215-001,HUB-CHI,DRV-01035,VEH-0019,2025-02-15,42,0,completed
RTE-IND-20250716-003,HUB-IND,DRV-01024,VEH-0017,2025-07-16,45,0,completed
RTE-IND-20250218-005,HUB-IND,DRV-01188,VEH-0023,2025-02-18,25,0,completed
RTE-CMH-20250911-003,HUB-CMH,DRV-01009,VEH-0038,2025-09-11,62,0,completed
RTE-CHI-20250927-002,HUB-CHI,DRV-01020,VEH-0037,2025-09-27,49,0,completed
RTE-DET-20250406-002,HUB-DET,DRV-01014,VEH-0024,2025-04-06,64,0,completed
RTE-IND-20250312-003,HUB-IND,DRV-01188,VEH-0013,2025-03-12,23,0,completed
RTE-CHI-20251231-003,HUB-CHI,DRV-01012,VEH-0019,2025-12-31,56,0,completed
RTE-CMH-20251002-003,HUB-CMH,DRV-01044,VEH-0038,2025-10-02,44,2,partial
RTE-CIN-20251209-002,HUB-CIN,DRV-01041,VEH-0020,2025-12-09,18,0,completed
RTE-IND-20250415-002,HUB-IND,DRV-01031,VEH-0009,2025-04-15,55,0,completed
RTE-CIN-20251207-001,HUB-CIN,DRV-01025,VEH-0020,2025-12-07,26,0,completed
RTE-CMH-20250305-003,HUB-CMH,DRV-01009,VEH-0012,2025-03-05,32,0,completed
RTE-CIN-20251006-001,HUB-CIN,DRV-01019,VEH-0018,2025-10-06,54,1,completed
RTE-DET-20250908-004,HUB-DET,DRV-01021,VEH-0030,2025-09-08,37,0,completed
RTE-CIN-20251203-004,HUB-CIN,DRV-01038,VEH-0036,2025-12-03,19,3,completed
RTE-DET-20250623-002,HUB-DET,DRV-01021,VEH-0011,2025-06-23,27,0,completed
RTE-CIN-20250819-003,HUB-CIN,DRV-01027,VEH-0018,2025-08-19,61,0,completed
RTE-CMH-20251103-003,HUB-CMH,DRV-01036,VEH-0028,2025-11-03,57,6,canceled
RTE-CIN-20251105-004,HUB-CIN,DRV-01002,VEH-0025,2025-11-05,43,5,partial
RTE-CMH-20251101-001,HUB-CMH,DRV-01030,VEH-0012,2025-11-01,51,0,completed
RTE-DET-20250310-001,HUB-DET,DRV-01037,VEH-0029,2025-03-10,23,0,completed
RTE-DET-20250410-004,HUB-DET,DRV-01022,VEH-0029,2025-04-10,22,0,completed
RTE-DET-20251230-004,HUB-DET,DRV-01021,VEH-0022,2025-12-30,56,0,completed
RTE-CIN-20251215-003,HUB-CIN,DRV-01041,VEH-0025,2025-12-15,61,0,completed
RTE-DET-20251219-002,HUB-DET,DRV-01037,VEH-0011,2025-12-19,40,0,completed
RTE-CIN-20251229-002,HUB-CIN,DRV-01038,VEH-0027,2025-12-29,47,0,completed
RTE-CMH-20251006-003,HUB-CMH,DRV-01039,VEH-0021,2025-10-06,24,0,completed
RTE-IND-20250513-003,HUB-IND,DRV-01031,VEH-0023,2025-05-13,46,0,completed
RTE-CIN-20250120-001,HUB-CIN,DRV-01027,VEH-0025,2025-01-20,39,4,partial
RTE-CIN-20250601-003,HUB-CIN,DRV-01003,VEH-0027,2025-06-01,65,0,completed
RTE-CIN-20251002-001,HUB-CIN,DRV-01038,VEH-0036,2025-10-02,42,0,completed
RTE-IND-20251030-003,HUB-IND,DRV-01006,VEH-0008,2025-10-30,32,0,completed
RTE-CIN-20250227-002,HUB-CIN,DRV-01019,VEH-0027,2025-02-27,47,3,partial
RTE-IND-20250211-003,HUB-IND,DRV-01031,VEH-0008,2025-02-11,24,5,partial
RTE-IND-20251003-004,HUB-IND,DRV-01032,VEH-0016,2025-10-03,65,0,completed
RTE-CMH-20251206-002,HUB-CMH,DRV-01049,VEH-0021,2025-12-06,19,2,completed
RTE-DET-20250930-003,HUB-DET,DRV-01046,VEH-0022,2025-09-30,40,0,completed
RTE-CHI-20250106-004,HUB-CHI,DRV-01017,VEH-0019,2025-01-06,36,6,partial
RTE-CHI-20250508-003,HUB-CHI,DRV-01007,VEH-0002,2025-05-08,56,0,completed
RTE-DET-20251104-002,HUB-DET,DRV-01037,VEH-0029,2025-11-04,24,0,completed
RTE-CIN-20250102-005,HUB-CIN,DRV-01034,VEH-0018,2025-01-02,62,0,completed
RTE-CIN-20251020-004,HUB-CIN,DRV-01038,VEH-0032,2025-10-20,59,0,completed
RTE-IND-20250914-001,HUB-IND,DRV-01045,VEH-0013,2025-09-14,44,1,completed
RTE-CMH-20250710-004,HUB-CMH,DRV-01009,VEH-0001,2025-07-10,31,0,completed
RTE-IND-20250325-003,HUB-IND,DRV-01188,VEH-0017,2025-03-25,43,0,completed
RTE-CIN-20250130-002,HUB-CIN,DRV-01002,VEH-0020,2025-01-30,51,4,partial
RTE-IND-20251030-004,HUB-IND,DRV-01042,VEH-0008,2025-10-30,19,0,completed
RTE-IND-20250512-004,HUB-IND,DRV-01033,VEH-0008,2025-05-12,40,0,completed
RTE-CHI-20250715-005,HUB-CHI,DRV-01005,VEH-0019,2025-07-15,64,0,completed
RTE-CHI-20250811-003,HUB-CHI,DRV-01011,VEH-0002,2025-08-11,28,0,completed
RTE-CIN-20250613-002,HUB-CIN,DRV-01034,VEH-0020,2025-06-13,53,0,completed
RTE-CMH-20251225-002,HUB-CMH,DRV-01016,VEH-0012,2025-12-25,47,6,partial
RTE-DET-20250902-008,HUB-DET,DRV-01046,VEH-0011,2025-09-02,60,0,completed
RTE-CHI-20250103-003,HUB-CHI,DRV-01011,VEH-0014,2025-01-03,51,0,completed
RTE-CHI-20250409-002,HUB-CHI,DRV-01012,VEH-0040,2025-04-09,48,0,completed
RTE-DET-20250804-004,HUB-DET,DRV-01022,VEH-0030,2025-08-04,35,0,completed
RTE-CIN-20250718-004,HUB-CIN,DRV-01025,VEH-0020,2025-07-18,29,0,completed
RTE-DET-20250321-003,HUB-DET,DRV-01046,VEH-0030,2025-03-21,56,0,completed
RTE-CMH-20251009-003,HUB-CMH,DRV-01049,VEH-0033,2025-10-09,46,0,completed
RTE-IND-20251121-004,HUB-IND,DRV-01045,VEH-0023,2025-11-21,40,0,completed
RTE-CIN-20251213-001,HUB-CIN,DRV-01025,VEH-0026,2025-12-13,37,0,completed
RTE-CIN-20251223-003,HUB-CIN,DRV-01008,VEH-0025,2025-12-23,26,0,completed
RTE-CHI-20251003-001,HUB-CHI,DRV-01048,VEH-0019,2025-10-03,23,0,completed
RTE-DET-20250924-003,HUB-DET,DRV-01014,VEH-0024,2025-09-24,24,2,completed
RTE-CHI-20250721-006,HUB-CHI,DRV-01017,VEH-0004,2025-07-21,35,0,completed
RTE-DET-20250902-009,HUB-DET,DRV-01022,VEH-0024,2025-09-02,46,0,completed
RTE-CIN-20250411-002,HUB-CIN,DRV-01027,VEH-0032,2025-04-11,64,1,completed
RTE-CIN-20250926-004,HUB-CIN,DRV-01027,VEH-0036,2025-09-26,29,0,completed
RTE-CMH-20251019-002,HUB-CMH,DRV-01044,VEH-0031,2025-10-19,60,0,completed
RTE-DET-20250925-005,HUB-DET,DRV-01022,VEH-0024,2025-09-25,64,0,completed
RTE-CMH-20251226-003,HUB-CMH,DRV-01039,VEH-0028,2025-12-26,48,0,completed
RTE-DET-20250315-001,HUB-DET,DRV-01014,VEH-0024,2025-03-15,44,0,completed
RTE-DET-20250930-004,HUB-DET,DRV-01021,VEH-0011,2025-09-30,40,0,completed
RTE-CHI-20250206-003,HUB-CHI,DRV-01048,VEH-0005,2025-02-06,58,0,completed
RTE-DET-20251125-005,HUB-DET,DRV-01037,VEH-0011,2025-11-25,52,0,completed
RTE-IND-20250807-005,HUB-IND,DRV-01024,VEH-0017,2025-08-07,34,0,completed
RTE-CMH-20250729-003,HUB-CMH,DRV-01043,VEH-0003,2025-07-29,49,3,completed
RTE-CIN-20250502-002,HUB-CIN,DRV-01026,VEH-0026,2025-05-02,20,3,completed
RTE-CHI-20251221-001,HUB-CHI,DRV-01035,VEH-0014,2025-12-21,22,0,completed
RTE-DET-20250515-003,HUB-DET,DRV-01021,VEH-0024,2025-05-15,27,0,completed
RTE-IND-20251104-004,HUB-IND,DRV-01188,VEH-0016,2025-11-04,46,0,completed
RTE-IND-20250411-005,HUB-IND,DRV-01024,VEH-0013,2025-04-11,52,0,completed
RTE-CHI-20250103-004,HUB-CHI,DRV-01011,VEH-0040,2025-01-03,63,2,partial
RTE-CIN-20250523-006,HUB-CIN,DRV-01029,VEH-0018,2025-05-23,20,0,completed
RTE-IND-20251001-002,HUB-IND,DRV-01188,VEH-0017,2025-10-01,38,0,completed
RTE-IND-20250620-005,HUB-IND,DRV-01188,VEH-0017,2025-06-20,49,0,completed
RTE-CHI-20251218-005,HUB-CHI,DRV-01011,VEH-0005,2025-12-18,32,0,completed
RTE-CHI-20250204-004,HUB-CHI,DRV-01011,VEH-0004,2025-02-04,53,0,completed
RTE-CHI-20251121-004,HUB-CHI,DRV-01035,VEH-0037,2025-11-21,55,0,completed
RTE-CIN-20250515-003,HUB-CIN,DRV-01029,VEH-0020,2025-05-15,40,0,completed
RTE-CMH-20251125-004,HUB-CMH,DRV-01030,VEH-0021,2025-11-25,42,0,completed
RTE-CHI-20250912-001,HUB-CHI,DRV-01011,VEH-0040,2025-09-12,38,0,completed
RTE-CHI-20251128-003,HUB-CHI,DRV-01047,VEH-0002,2025-11-28,58,3,completed
RTE-CMH-20251111-002,HUB-CMH,DRV-01036,VEH-0001,2025-11-11,42,0,completed
RTE-CIN-20250115-003,HUB-CIN,DRV-01023,VEH-0026,2025-01-15,51,1,partial
RTE-DET-20250317-002,HUB-DET,DRV-01021,VEH-0029,2025-03-17,64,0,completed
RTE-CIN-20250915-004,HUB-CIN,DRV-01034,VEH-0027,2025-09-15,53,0,completed
RTE-DET-20250603-004,HUB-DET,DRV-01014,VEH-0011,2025-06-03,27,0,completed
RTE-IND-20251217-004,HUB-IND,DRV-01031,VEH-0017,2025-12-17,20,0,completed
RTE-CHI-20251027-001,HUB-CHI,DRV-01005,VEH-0004,2025-10-27,61,1,completed
RTE-IND-20250207-001,HUB-IND,DRV-01024,VEH-0009,2025-02-07,59,0,completed
RTE-CMH-20250701-006,HUB-CMH,DRV-01013,VEH-0031,2025-07-01,50,0,completed
RTE-IND-20250616-003,HUB-IND,DRV-01024,VEH-0017,2025-06-16,42,0,completed
RTE-CHI-20250326-005,HUB-CHI,DRV-01047,VEH-0002,2025-03-26,18,0,completed
RTE-DET-20250820-001,HUB-DET,DRV-01022,VEH-0024,2025-08-20,22,0,completed
RTE-CHI-20250124-002,HUB-CHI,DRV-01011,VEH-0005,2025-01-24,64,0,completed
RTE-CHI-20250901-005,HUB-CHI,DRV-01017,VEH-0040,2025-09-01,50,0,completed
RTE-IND-20250828-002,HUB-IND,DRV-01033,VEH-0013,2025-08-28,35,0,completed
RTE-CMH-20250423-002,HUB-CMH,DRV-01043,VEH-0001,2025-04-23,31,0,completed
RTE-CIN-20250429-004,HUB-CIN,DRV-01038,VEH-0036,2025-04-29,40,0,completed
RTE-DET-20250505-002,HUB-DET,DRV-01046,VEH-0029,2025-05-05,48,0,completed
RTE-CIN-20250702-002,HUB-CIN,DRV-01025,VEH-0027,2025-07-02,29,2,partial
RTE-IND-20250523-003,HUB-IND,DRV-01045,VEH-0016,2025-05-23,27,0,completed
RTE-CMH-20250416-005,HUB-CMH,DRV-01049,VEH-0007,2025-04-16,61,0,completed
RTE-CHI-20250210-004,HUB-CHI,DRV-01020,VEH-0019,2025-02-10,50,0,completed
RTE-CHI-20250924-004,HUB-CHI,DRV-01011,VEH-0006,2025-09-24,19,0,completed
RTE-IND-20250303-002,HUB-IND,DRV-01024,VEH-0009,2025-03-03,39,0,completed
RTE-DET-20250130-003,HUB-DET,DRV-01022,VEH-0030,2025-01-30,63,0,completed
RTE-CHI-20251130-003,HUB-CHI,DRV-01017,VEH-0014,2025-11-30,63,0,completed
RTE-DET-20250603-005,HUB-DET,DRV-01021,VEH-0030,2025-06-03,46,1,partial
RTE-DET-20250711-003,HUB-DET,DRV-01037,VEH-0029,2025-07-11,31,0,completed
RTE-CHI-20250122-003,HUB-CHI,DRV-01017,VEH-0005,2025-01-22,42,0,completed
RTE-CIN-20250612-009,HUB-CIN,DRV-01041,VEH-0036,2025-06-12,45,0,completed
RTE-IND-20251020-001,HUB-IND,DRV-01045,VEH-0016,2025-10-20,36,0,completed
RTE-CMH-20250420-001,HUB-CMH,DRV-01043,VEH-0001,2025-04-20,30,0,completed
RTE-DET-20250915-002,HUB-DET,DRV-01014,VEH-0029,2025-09-15,30,0,completed
RTE-DET-20251222-002,HUB-DET,DRV-01021,VEH-0011,2025-12-22,29,0,completed
RTE-CIN-20250206-003,HUB-CIN,DRV-01008,VEH-0026,2025-02-06,37,6,partial
RTE-CIN-20250501-004,HUB-CIN,DRV-01027,VEH-0036,2025-05-01,28,0,completed
RTE-CIN-20250922-003,HUB-CIN,DRV-01002,VEH-0026,2025-09-22,33,0,completed
RTE-IND-20250801-002,HUB-IND,DRV-01188,VEH-0008,2025-08-01,42,0,completed
RTE-CIN-20250610-003,HUB-CIN,DRV-01041,VEH-0027,2025-06-10,18,0,completed
RTE-CMH-20251216-001,HUB-CMH,DRV-01036,VEH-0031,2025-12-16,60,0,completed
RTE-CHI-20251205-004,HUB-CHI,DRV-01020,VEH-0037,2025-12-05,27,3,partial
RTE-CIN-20250209-003,HUB-CIN,DRV-01027,VEH-0018,2025-02-09,61,1,completed
RTE-CHI-20250313-005,HUB-CHI,DRV-01011,VEH-0002,2025-03-13,40,0,completed
RTE-CMH-20250327-003,HUB-CMH,DRV-01030,VEH-0012,2025-03-27,54,0,completed
RTE-CMH-20250716-002,HUB-CMH,DRV-01030,VEH-0038,2025-07-16,19,0,completed
RTE-CMH-20250716-003,HUB-CMH,DRV-01044,VEH-0033,2025-07-16,25,0,completed
RTE-CMH-20250108-002,HUB-CMH,DRV-01015,VEH-0033,2025-01-08,52,4,partial
RTE-CIN-20251017-003,HUB-CIN,DRV-01041,VEH-0018,2025-10-17,25,0,completed
RTE-CIN-20250409-002,HUB-CIN,DRV-01002,VEH-0036,2025-04-09,43,0,completed
RTE-DET-20250130-004,HUB-DET,DRV-01037,VEH-0030,2025-01-30,58,0,completed
RTE-CMH-20250808-006,HUB-CMH,DRV-01010,VEH-0033,2025-08-08,30,0,completed
RTE-IND-20251219-005,HUB-IND,DRV-01042,VEH-0008,2025-12-19,43,0,completed
RTE-CMH-20250826-004,HUB-CMH,DRV-01049,VEH-0028,2025-08-26,27,0,completed
RTE-CMH-20250521-004,HUB-CMH,DRV-01039,VEH-0031,2025-05-21,56,0,completed
RTE-DET-20251122-003,HUB-DET,DRV-01021,VEH-0029,2025-11-22,52,0,completed
RTE-DET-20250828-004,HUB-DET,DRV-01046,VEH-0024,2025-08-28,44,0,completed
RTE-IND-20250303-003,HUB-IND,DRV-01031,VEH-0017,2025-03-03,50,0,completed
RTE-CMH-20250109-003,HUB-CMH,DRV-01049,VEH-0001,2025-01-09,62,4,partial
RTE-CIN-20250818-005,HUB-CIN,DRV-01023,VEH-0026,2025-08-18,64,2,completed
RTE-CHI-20250402-002,HUB-CHI,DRV-01011,VEH-0005,2025-04-02,38,0,completed
RTE-DET-20250904-002,HUB-DET,DRV-01014,VEH-0022,2025-09-04,31,0,completed
RTE-DET-20251003-003,HUB-DET,DRV-01022,VEH-0011,2025-10-03,20,0,completed
RTE-CIN-20250304-006,HUB-CIN,DRV-01026,VEH-0020,2025-03-04,59,0,completed
RTE-CHI-20251117-002,HUB-CHI,DRV-01017,VEH-0004,2025-11-17,36,4,canceled
RTE-DET-20251125-006,HUB-DET,DRV-01014,VEH-0011,2025-11-25,38,0,completed
RTE-IND-20250627-001,HUB-IND,DRV-01006,VEH-0017,2025-06-27,19,0,completed
RTE-DET-20250709-007,HUB-DET,DRV-01021,VEH-0029,2025-07-09,39,3,completed
RTE-CHI-20250918-003,HUB-CHI,DRV-01048,VEH-0005,2025-09-18,30,0,completed
RTE-IND-20251207-002,HUB-IND,DRV-01033,VEH-0010,2025-12-07,42,0,completed
RTE-CIN-20251120-004,HUB-CIN,DRV-01003,VEH-0020,2025-11-20,50,0,completed
RTE-CIN-20250225-005,HUB-CIN,DRV-01023,VEH-0020,2025-02-25,57,4,partial
RTE-DET-20250203-004,HUB-DET,DRV-01022,VEH-0022,2025-02-03,32,0,completed
RTE-CMH-20250204-004,HUB-CMH,DRV-01018,VEH-0028,2025-02-04,30,0,completed
RTE-IND-20250627-002,HUB-IND,DRV-01188,VEH-0008,2025-06-27,29,0,completed
RTE-CMH-20250430-005,HUB-CMH,DRV-01039,VEH-0001,2025-04-30,52,0,completed
RTE-CHI-20250718-003,HUB-CHI,DRV-01047,VEH-0040,2025-07-18,38,0,completed
RTE-CIN-20251103-005,HUB-CIN,DRV-01041,VEH-0027,2025-11-03,65,6,partial
RTE-DET-20251112-002,HUB-DET,DRV-01004,VEH-0030,2025-11-12,41,0,completed
RTE-CMH-20250221-004,HUB-CMH,DRV-01044,VEH-0038,2025-02-21,29,0,completed
RTE-CMH-20250308-001,HUB-CMH,DRV-01028,VEH-0028,2025-03-08,50,0,completed
RTE-IND-20250423-001,HUB-IND,DRV-01032,VEH-0008,2025-04-23,55,0,completed
RTE-CHI-20250425-003,HUB-CHI,DRV-01035,VEH-0006,2025-04-25,25,0,completed
RTE-CHI-20251024-008,HUB-CHI,DRV-01048,VEH-0037,2025-10-24,55,3,completed
RTE-DET-20251204-003,HUB-DET,DRV-01021,VEH-0029,2025-12-04,52,0,completed
RTE-IND-20250509-003,HUB-IND,DRV-01033,VEH-0023,2025-05-09,55,0,completed
RTE-CHI-20250328-006,HUB-CHI,DRV-01005,VEH-0037,2025-03-28,54,0,completed
RTE-CHI-20251021-003,HUB-CHI,DRV-01020,VEH-0019,2025-10-21,51,0,completed
RTE-CMH-20250128-002,HUB-CMH,DRV-01013,VEH-0028,2025-01-28,52,6,partial
RTE-CHI-20251117-003,HUB-CHI,DRV-01017,VEH-0014,2025-11-17,57,1,completed
RTE-IND-20250628-001,HUB-IND,DRV-01032,VEH-0008,2025-06-28,56,0,completed
RTE-DET-20250325-003,HUB-DET,DRV-01022,VEH-0030,2025-03-25,31,0,completed
RTE-CIN-20250912-005,HUB-CIN,DRV-01038,VEH-0032,2025-09-12,30,0,completed
RTE-CMH-20251013-005,HUB-CMH,DRV-01018,VEH-0033,2025-10-13,23,0,completed
RTE-DET-20250909-003,HUB-DET,DRV-01046,VEH-0011,2025-09-09,25,2,completed
RTE-DET-20250128-006,HUB-DET,DRV-01014,VEH-0029,2025-01-28,22,0,completed
RTE-DET-20250613-007,HUB-DET,DRV-01021,VEH-0011,2025-06-13,48,0,completed
RTE-CIN-20250203-003,HUB-CIN,DRV-01023,VEH-0032,2025-02-03,51,1,completed
RTE-CMH-20250108-003,HUB-CMH,DRV-01013,VEH-0012,2025-01-08,21,0,completed
RTE-CHI-20251218-006,HUB-CHI,DRV-01007,VEH-0014,2025-12-18,53,0,completed
RTE-CMH-20250511-002,HUB-CMH,DRV-01009,VEH-0012,2025-05-11,59,0,completed
RTE-IND-20250225-003,HUB-IND,DRV-01024,VEH-0016,2025-02-25,27,0,completed
RTE-CHI-20250909-005,HUB-CHI,DRV-01017,VEH-0014,2025-09-09,33,0,completed
RTE-DET-20251230-005,HUB-DET,DRV-01021,VEH-0024,2025-12-30,42,6,canceled
RTE-CMH-20251021-002,HUB-CMH,DRV-01016,VEH-0038,2025-10-21,65,0,completed
RTE-DET-20250416-001,HUB-DET,DRV-01021,VEH-0030,2025-04-16,46,0,completed
RTE-CIN-20250123-003,HUB-CIN,DRV-01003,VEH-0025,2025-01-23,50,0,completed
RTE-CMH-20251219-003,HUB-CMH,DRV-01036,VEH-0007,2025-12-19,62,0,completed
RTE-CIN-20250108-006,HUB-CIN,DRV-01019,VEH-0020,2025-01-08,51,0,completed
RTE-CIN-20250304-007,HUB-CIN,DRV-01027,VEH-0027,2025-03-04,58,0,completed
RTE-CHI-20250206-004,HUB-CHI,DRV-01035,VEH-0037,2025-02-06,44,0,completed
RTE-CIN-20251021-005,HUB-CIN,DRV-01008,VEH-0032,2025-10-21,63,0,completed
RTE-CMH-20250820-003,HUB-CMH,DRV-01039,VEH-0038,2025-08-20,58,0,completed
RTE-DET-20250601-001,HUB-DET,DRV-01021,VEH-0030,2025-06-01,46,0,completed
RTE-CIN-20250613-003,HUB-CIN,DRV-01027,VEH-0026,2025-06-13,45,0,completed
RTE-CIN-20251117-002,HUB-CIN,DRV-01002,VEH-0018,2025-11-17,47,6,partial
RTE-CHI-20250926-003,HUB-CHI,DRV-01012,VEH-0006,2025-09-26,48,0,completed
RTE-CIN-20250425-006,HUB-CIN,DRV-01019,VEH-0025,2025-04-25,47,0,completed
RTE-DET-20251207-001,HUB-DET,DRV-01022,VEH-0030,2025-12-07,50,0,completed
RTE-IND-20251006-001,HUB-IND,DRV-01033,VEH-0023,2025-10-06,43,3,partial
RTE-CMH-20250321-001,HUB-CMH,DRV-01028,VEH-0012,2025-03-21,26,1,completed
RTE-CIN-20250620-004,HUB-CIN,DRV-01027,VEH-0032,2025-06-20,53,0,completed
RTE-CIN-20251118-003,HUB-CIN,DRV-01029,VEH-0018,2025-11-18,28,0,completed
RTE-CIN-20251213-002,HUB-CIN,DRV-01038,VEH-0036,2025-12-13,40,0,completed
RTE-CMH-20250422-003,HUB-CMH,DRV-01030,VEH-0038,2025-04-22,52,0,completed
RTE-CMH-20251217-003,HUB-CMH,DRV-01028,VEH-0003,2025-12-17,62,0,completed
RTE-DET-20250106-003,HUB-DET,DRV-01014,VEH-0022,2025-01-06,61,0,completed
RTE-IND-20250212-003,HUB-IND,DRV-01033,VEH-0009,2025-02-12,37,1,completed
RTE-IND-20250909-004,HUB-IND,DRV-01188,VEH-0008,2025-09-09,58,0,completed
RTE-CIN-20250527-001,HUB-CIN,DRV-01041,VEH-0026,2025-05-27,49,0,completed
RTE-DET-20251027-002,HUB-DET,DRV-01014,VEH-0024,2025-10-27,30,0,completed
RTE-IND-20250125-001,HUB-IND,DRV-01024,VEH-0013,2025-01-25,27,0,completed
RTE-DET-20251222-003,HUB-DET,DRV-01022,VEH-0022,2025-12-22,35,5,partial
RTE-DET-20251014-004,HUB-DET,DRV-01004,VEH-0011,2025-10-14,63,0,completed
RTE-IND-20250221-003,HUB-IND,DRV-01045,VEH-0013,2025-02-21,46,6,partial
RTE-CIN-20250620-005,HUB-CIN,DRV-01034,VEH-0036,2025-06-20,56,0,completed
RTE-DET-20250124-002,HUB-DET,DRV-01004,VEH-0030,2025-01-24,56,0,completed
RTE-CMH-20251209-002,HUB-CMH,DRV-01010,VEH-0007,2025-12-09,23,5,partial
RTE-CMH-20250723-005,HUB-CMH,DRV-01016,VEH-0001,2025-07-23,30,0,completed
RTE-CMH-20250717-005,HUB-CMH,DRV-01044,VEH-0003,2025-07-17,48,0,completed
RTE-DET-20250216-002,HUB-DET,DRV-01046,VEH-0024,2025-02-16,23,3,completed
RTE-CMH-20250617-002,HUB-CMH,DRV-01043,VEH-0007,2025-06-17,33,0,completed
RTE-IND-20250624-003,HUB-IND,DRV-01024,VEH-0013,2025-06-24,37,0,completed
RTE-IND-20250214-004,HUB-IND,DRV-01045,VEH-0013,2025-02-14,30,2,completed
RTE-CIN-20250430-003,HUB-CIN,DRV-01026,VEH-0032,2025-04-30,37,0,completed
RTE-CMH-20250620-006,HUB-CMH,DRV-01001,VEH-0033,2025-06-20,36,0,completed
RTE-CHI-20250616-004,HUB-CHI,DRV-01020,VEH-0002,2025-06-16,22,0,completed
RTE-DET-20250214-003,HUB-DET,DRV-01021,VEH-0022,2025-02-14,43,1,partial
RTE-DET-20250807-004,HUB-DET,DRV-01022,VEH-0030,2025-08-07,58,1,completed
RTE-CHI-20250608-001,HUB-CHI,DRV-01017,VEH-0014,2025-06-08,53,0,completed
RTE-CIN-20250521-003,HUB-CIN,DRV-01003,VEH-0032,2025-05-21,38,0,completed
RTE-CIN-20250113-002,HUB-CIN,DRV-01002,VEH-0032,2025-01-13,34,3,partial
RTE-IND-20250208-001,HUB-IND,DRV-01006,VEH-0013,2025-02-08,31,0,completed
RTE-IND-20251104-005,HUB-IND,DRV-01045,VEH-0010,2025-11-04,24,0,completed
RTE-CHI-20250415-004,HUB-CHI,DRV-01047,VEH-0004,2025-04-15,21,3,partial
RTE-DET-20250223-003,HUB-DET,DRV-01021,VEH-0022,2025-02-23,51,4,partial
RTE-CHI-20251022-004,HUB-CHI,DRV-01005,VEH-0019,2025-10-22,21,0,completed
RTE-DET-20250218-003,HUB-DET,DRV-01014,VEH-0022,2025-02-18,54,0,completed
RTE-CHI-20250319-004,HUB-CHI,DRV-01035,VEH-0005,2025-03-19,38,0,completed
RTE-CHI-20250423-003,HUB-CHI,DRV-01048,VEH-0037,2025-04-23,41,0,completed
RTE-CMH-20250303-005,HUB-CMH,DRV-01040,VEH-0007,2025-03-03,63,0,completed
RTE-CMH-20251021-003,HUB-CMH,DRV-01010,VEH-0038,2025-10-21,65,0,completed
RTE-DET-20250114-003,HUB-DET,DRV-01014,VEH-0022,2025-01-14,52,2,partial
RTE-CIN-20251202-001,HUB-CIN,DRV-01008,VEH-0025,2025-12-02,41,4,partial
RTE-DET-20250910-004,HUB-DET,DRV-01022,VEH-0011,2025-09-10,61,0,completed
RTE-CMH-20250812-002,HUB-CMH,DRV-01028,VEH-0003,2025-08-12,24,0,completed
RTE-CHI-20251110-004,HUB-CHI,DRV-01012,VEH-0006,2025-11-10,63,0,completed
RTE-CHI-20250304-001,HUB-CHI,DRV-01012,VEH-0019,2025-03-04,31,2,completed
RTE-DET-20251006-001,HUB-DET,DRV-01046,VEH-0022,2025-10-06,63,0,completed
RTE-CMH-20250701-007,HUB-CMH,DRV-01043,VEH-0021,2025-07-01,63,0,completed
RTE-DET-20250216-003,HUB-DET,DRV-01037,VEH-0022,2025-02-16,52,0,completed
RTE-CHI-20251003-002,HUB-CHI,DRV-01007,VEH-0005,2025-10-03,36,0,completed
RTE-CHI-20251008-001,HUB-CHI,DRV-01007,VEH-0037,2025-10-08,30,0,completed
RTE-DET-20251103-004,HUB-DET,DRV-01004,VEH-0022,2025-11-03,51,0,completed
RTE-IND-20251125-003,HUB-IND,DRV-01188,VEH-0009,2025-11-25,27,0,completed
RTE-CHI-20250325-003,HUB-CHI,DRV-01011,VEH-0005,2025-03-25,34,0,completed
RTE-DET-20251012-001,HUB-DET,DRV-01037,VEH-0011,2025-10-12,28,0,completed
RTE-CIN-20250311-002,HUB-CIN,DRV-01027,VEH-0036,2025-03-11,52,0,completed
RTE-CIN-20250627-006,HUB-CIN,DRV-01002,VEH-0025,2025-06-27,34,0,completed
RTE-CMH-20251223-006,HUB-CMH,DRV-01028,VEH-0031,2025-12-23,37,3,completed
RTE-DET-20250626-005,HUB-DET,DRV-01037,VEH-0024,2025-06-26,60,0,completed
RTE-IND-20250717-008,HUB-IND,DRV-01031,VEH-0023,2025-07-17,40,0,completed
RTE-CHI-20251024-009,HUB-CHI,DRV-01011,VEH-0014,2025-10-24,37,0,completed
RTE-IND-20250429-001,HUB-IND,DRV-01042,VEH-0008,2025-04-29,54,0,completed
RTE-IND-20250708-006,HUB-IND,DRV-01006,VEH-0023,2025-07-08,53,0,completed
RTE-DET-20251106-002,HUB-DET,DRV-01022,VEH-0024,2025-11-06,34,0,completed
RTE-CMH-20251006-004,HUB-CMH,DRV-01040,VEH-0028,2025-10-06,60,0,completed
RTE-DET-20250808-006,HUB-DET,DRV-01014,VEH-0024,2025-08-08,63,3,completed
RTE-CHI-20250603-003,HUB-CHI,DRV-01047,VEH-0040,2025-06-03,25,0,completed
RTE-CIN-20250527-002,HUB-CIN,DRV-01027,VEH-0020,2025-05-27,36,0,completed
RTE-CHI-20251027-002,HUB-CHI,DRV-01035,VEH-0004,2025-10-27,40,0,completed
RTE-CHI-20250923-003,HUB-CHI,DRV-01005,VEH-0019,2025-09-23,45,0,completed
RTE-CIN-20250127-004,HUB-CIN,DRV-01002,VEH-0027,2025-01-27,29,4,partial
RTE-CIN-20250103-005,HUB-CIN,DRV-01029,VEH-0027,2025-01-03,29,1,completed
RTE-CMH-20251117-004,HUB-CMH,DRV-01001,VEH-0021,2025-11-17,27,3,partial
RTE-CIN-20250909-010,HUB-CIN,DRV-01003,VEH-0020,2025-09-09,21,0,completed
RTE-CIN-20250908-003,HUB-CIN,DRV-01008,VEH-0027,2025-09-08,55,2,completed
RTE-CHI-20250108-002,HUB-CHI,DRV-01011,VEH-0040,2025-01-08,56,0,completed
RTE-IND-20250311-002,HUB-IND,DRV-01188,VEH-0016,2025-03-11,54,0,completed
RTE-IND-20251110-001,HUB-IND,DRV-01032,VEH-0009,2025-11-10,45,0,completed
RTE-CHI-20250429-003,HUB-CHI,DRV-01011,VEH-0014,2025-04-29,21,0,completed
RTE-CMH-20251125-005,HUB-CMH,DRV-01001,VEH-0012,2025-11-25,48,0,completed
RTE-CMH-20250627-006,HUB-CMH,DRV-01049,VEH-0031,2025-06-27,52,0,completed
RTE-CIN-20250917-005,HUB-CIN,DRV-01029,VEH-0036,2025-09-17,55,0,completed
RTE-CHI-20251022-005,HUB-CHI,DRV-01005,VEH-0019,2025-10-22,25,0,completed
RTE-CHI-20250213-002,HUB-CHI,DRV-01011,VEH-0037,2025-02-13,42,0,completed
RTE-CIN-20250112-002,HUB-CIN,DRV-01034,VEH-0032,2025-01-12,47,0,completed
RTE-CIN-20250529-004,HUB-CIN,DRV-01023,VEH-0018,2025-05-29,24,0,completed
RTE-IND-20250226-003,HUB-IND,DRV-01006,VEH-0009,2025-02-26,43,5,partial
RTE-DET-20250508-003,HUB-DET,DRV-01014,VEH-0024,2025-05-08,57,0,completed
RTE-CMH-20251206-003,HUB-CMH,DRV-01010,VEH-0028,2025-12-06,56,0,completed
RTE-IND-20250917-002,HUB-IND,DRV-01032,VEH-0010,2025-09-17,32,0,completed
RTE-DET-20251016-002,HUB-DET,DRV-01037,VEH-0029,2025-10-16,58,0,completed
RTE-CHI-20251203-005,HUB-CHI,DRV-01020,VEH-0019,2025-12-03,49,5,partial
RTE-DET-20251210-003,HUB-DET,DRV-01004,VEH-0011,2025-12-10,47,0,completed
RTE-CMH-20251104-001,HUB-CMH,DRV-01040,VEH-0001,2025-11-04,32,0,completed
RTE-DET-20250423-005,HUB-DET,DRV-01014,VEH-0024,2025-04-23,57,0,completed
RTE-DET-20251117-003,HUB-DET,DRV-01014,VEH-0022,2025-11-17,35,3,partial
RTE-IND-20250214-005,HUB-IND,DRV-01042,VEH-0016,2025-02-14,64,0,completed
RTE-DET-20251127-002,HUB-DET,DRV-01022,VEH-0022,2025-11-27,25,0,completed
RTE-CIN-20250424-004,HUB-CIN,DRV-01027,VEH-0018,2025-04-24,42,2,completed
RTE-CIN-20251223-004,HUB-CIN,DRV-01029,VEH-0027,2025-12-23,39,0,completed
RTE-CMH-20251102-001,HUB-CMH,DRV-01036,VEH-0007,2025-11-02,64,0,completed
RTE-CIN-20250616-005,HUB-CIN,DRV-01025,VEH-0018,2025-06-16,48,0,completed
RTE-DET-20250721-003,HUB-DET,DRV-01022,VEH-0024,2025-07-21,53,0,completed
RTE-CMH-20250425-003,HUB-CMH,DRV-01013,VEH-0033,2025-04-25,34,3,completed
RTE-CIN-20250217-003,HUB-CIN,DRV-01029,VEH-0018,2025-02-17,25,0,completed
RTE-DET-20250103-004,HUB-DET,DRV-01014,VEH-0030,2025-01-03,28,3,completed
RTE-IND-20250716-004,HUB-IND,DRV-01033,VEH-0016,2025-07-16,64,0,completed
RTE-CIN-20251208-003,HUB-CIN,DRV-01034,VEH-0032,2025-12-08,60,0,completed
RTE-CIN-20251125-004,HUB-CIN,DRV-01027,VEH-0027,2025-11-25,59,0,completed
RTE-CMH-20250616-003,HUB-CMH,DRV-01028,VEH-0003,2025-06-16,40,0,completed
RTE-CMH-20251013-006,HUB-CMH,DRV-01049,VEH-0012,2025-10-13,35,0,completed
RTE-CIN-20250512-002,HUB-CIN,DRV-01034,VEH-0020,2025-05-12,19,0,completed
RTE-CIN-20250526-002,HUB-CIN,DRV-01023,VEH-0018,2025-05-26,51,1,completed
RTE-DET-20250103-005,HUB-DET,DRV-01037,VEH-0024,2025-01-03,43,0,completed
RTE-CIN-20250217-004,HUB-CIN,DRV-01029,VEH-0032,2025-02-17,31,2,completed
RTE-CIN-20250829-005,HUB-CIN,DRV-01008,VEH-0026,2025-08-29,42,0,completed
RTE-CHI-20251225-002,HUB-CHI,DRV-01005,VEH-0040,2025-12-25,40,5,partial
RTE-CMH-20250922-003,HUB-CMH,DRV-01001,VEH-0031,2025-09-22,46,0,completed
RTE-CMH-20251022-001,HUB-CMH,DRV-01028,VEH-0031,2025-10-22,41,2,partial
RTE-CIN-20250114-003,HUB-CIN,DRV-01026,VEH-0025,2025-01-14,31,0,completed
RTE-CIN-20250529-005,HUB-CIN,DRV-01023,VEH-0025,2025-05-29,62,0,completed
RTE-CHI-20250930-001,HUB-CHI,DRV-01012,VEH-0004,2025-09-30,51,0,completed
RTE-DET-20250811-001,HUB-DET,DRV-01046,VEH-0024,2025-08-11,34,0,completed
RTE-IND-20250506-002,HUB-IND,DRV-01188,VEH-0016,2025-05-06,24,0,completed
RTE-CIN-20250730-005,HUB-CIN,DRV-01029,VEH-0027,2025-07-30,64,0,completed
RTE-CIN-20250829-006,HUB-CIN,DRV-01026,VEH-0032,2025-08-29,58,0,completed
RTE-CMH-20250401-004,HUB-CMH,DRV-01009,VEH-0033,2025-04-01,20,0,completed
RTE-CMH-20250422-004,HUB-CMH,DRV-01028,VEH-0038,2025-04-22,25,0,completed
RTE-CHI-20250805-001,HUB-CHI,DRV-01012,VEH-0005,2025-08-05,38,0,completed
RTE-CIN-20250929-004,HUB-CIN,DRV-01003,VEH-0018,2025-09-29,59,0,completed
RTE-DET-20250326-005,HUB-DET,DRV-01022,VEH-0029,2025-03-26,24,0,completed
RTE-CIN-20250218-002,HUB-CIN,DRV-01002,VEH-0026,2025-02-18,50,0,completed
RTE-CHI-20250609-002,HUB-CHI,DRV-01017,VEH-0037,2025-06-09,47,0,completed
RTE-CMH-20251225-003,HUB-CMH,DRV-01001,VEH-0021,2025-12-25,60,0,completed
RTE-CIN-20250626-003,HUB-CIN,DRV-01027,VEH-0026,2025-06-26,38,0,completed
RTE-IND-20250602-003,HUB-IND,DRV-01033,VEH-0023,2025-06-02,46,0,completed
RTE-CMH-20250630-003,HUB-CMH,DRV-01036,VEH-0031,2025-06-30,22,0,completed
RTE-CMH-20251112-004,HUB-CMH,DRV-01044,VEH-0003,2025-11-12,60,0,completed
RTE-CIN-20250115-004,HUB-CIN,DRV-01002,VEH-0025,2025-01-15,37,0,completed
RTE-IND-20250603-003,HUB-IND,DRV-01045,VEH-0009,2025-06-03,59,0,completed
RTE-CHI-20250711-003,HUB-CHI,DRV-01007,VEH-0037,2025-07-11,40,0,completed
RTE-DET-20251111-001,HUB-DET,DRV-01046,VEH-0022,2025-11-11,55,0,completed
RTE-CMH-20251211-003,HUB-CMH,DRV-01028,VEH-0031,2025-12-11,42,0,completed
RTE-IND-20250319-004,HUB-IND,DRV-01033,VEH-0009,2025-03-19,18,0,completed
RTE-DET-20251031-003,HUB-DET,DRV-01004,VEH-0029,2025-10-31,40,0,completed
RTE-CMH-20250203-005,HUB-CMH,DRV-01010,VEH-0021,2025-02-03,41,0,completed
RTE-DET-20250430-003,HUB-DET,DRV-01014,VEH-0024,2025-04-30,20,0,completed
RTE-CMH-20250919-004,HUB-CMH,DRV-01044,VEH-0003,2025-09-19,54,0,completed
RTE-CIN-20250416-005,HUB-CIN,DRV-01038,VEH-0020,2025-04-16,40,0,completed
RTE-DET-20250825-002,HUB-DET,DRV-01014,VEH-0029,2025-08-25,39,0,completed
RTE-CHI-20250204-005,HUB-CHI,DRV-01011,VEH-0037,2025-02-04,24,6,partial
RTE-DET-20250311-004,HUB-DET,DRV-01004,VEH-0011,2025-03-11,60,0,completed
RTE-CHI-20251010-002,HUB-CHI,DRV-01012,VEH-0006,2025-10-10,59,0,completed
RTE-CMH-20250130-001,HUB-CMH,DRV-01010,VEH-0028,2025-01-30,61,3,partial
RTE-DET-20250724-003,HUB-DET,DRV-01046,VEH-0024,2025-07-24,19,0,completed
RTE-CIN-20250218-003,HUB-CIN,DRV-01041,VEH-0036,2025-02-18,41,1,partial
RTE-DET-20250624-004,HUB-DET,DRV-01021,VEH-0030,2025-06-24,32,0,completed
RTE-CHI-20250801-002,HUB-CHI,DRV-01048,VEH-0040,2025-08-01,39,0,completed
RTE-CIN-20250224-004,HUB-CIN,DRV-01023,VEH-0027,2025-02-24,33,3,completed
RTE-IND-20250226-004,HUB-IND,DRV-01031,VEH-0023,2025-02-26,63,0,completed
RTE-DET-20251028-002,HUB-DET,DRV-01021,VEH-0024,2025-10-28,51,0,completed
RTE-CIN-20250410-003,HUB-CIN,DRV-01019,VEH-0032,2025-04-10,21,0,completed
RTE-CIN-20250811-004,HUB-CIN,DRV-01041,VEH-0036,2025-08-11,50,1,completed
RTE-CMH-20250321-002,HUB-CMH,DRV-01044,VEH-0028,2025-03-21,39,0,completed
RTE-CMH-20251211-004,HUB-CMH,DRV-01049,VEH-0007,2025-12-11,41,1,completed
RTE-CHI-20250408-001,HUB-CHI,DRV-01017,VEH-0002,2025-04-08,59,3,partial
RTE-IND-20251031-004,HUB-IND,DRV-01033,VEH-0017,2025-10-31,63,0,completed
RTE-DET-20250707-004,HUB-DET,DRV-01022,VEH-0029,2025-07-07,55,0,completed
RTE-DET-20250414-003,HUB-DET,DRV-01022,VEH-0011,2025-04-14,24,0,completed
RTE-CMH-20250311-004,HUB-CMH,DRV-01013,VEH-0021,2025-03-11,41,0,completed
RTE-IND-20250903-003,HUB-IND,DRV-01024,VEH-0017,2025-09-03,46,0,completed
RTE-CIN-20250626-004,HUB-CIN,DRV-01041,VEH-0020,2025-06-26,31,0,completed
RTE-CHI-20250125-001,HUB-CHI,DRV-01017,VEH-0005,2025-01-25,26,4,partial
RTE-IND-20250717-009,HUB-IND,DRV-01032,VEH-0009,2025-07-17,60,0,completed
RTE-IND-20251222-001,HUB-IND,DRV-01024,VEH-0023,2025-12-22,56,0,completed
RTE-CHI-20250820-003,HUB-CHI,DRV-01007,VEH-0004,2025-08-20,22,0,completed
RTE-CHI-20251111-003,HUB-CHI,DRV-01047,VEH-0002,2025-11-11,57,0,completed
RTE-CHI-20251024-010,HUB-CHI,DRV-01005,VEH-0037,2025-10-24,48,0,completed
RTE-CHI-20250512-004,HUB-CHI,DRV-01005,VEH-0004,2025-05-12,64,0,completed
RTE-CHI-20250913-001,HUB-CHI,DRV-01007,VEH-0002,2025-09-13,22,1,completed
RTE-IND-20251215-004,HUB-IND,DRV-01045,VEH-0008,2025-12-15,21,0,completed
RTE-IND-20250124-002,HUB-IND,DRV-01042,VEH-0023,2025-01-24,42,0,completed
RTE-DET-20251001-003,HUB-DET,DRV-01046,VEH-0024,2025-10-01,23,3,partial
RTE-CHI-20250703-002,HUB-CHI,DRV-01047,VEH-0005,2025-07-03,26,0,completed
RTE-CHI-20251228-002,HUB-CHI,DRV-01011,VEH-0002,2025-12-28,28,0,completed
RTE-CMH-20251006-005,HUB-CMH,DRV-01028,VEH-0031,2025-10-06,56,0,completed
RTE-DET-20251230-006,HUB-DET,DRV-01021,VEH-0029,2025-12-30,48,0,completed
RTE-IND-20250611-005,HUB-IND,DRV-01032,VEH-0016,2025-06-11,40,0,completed
RTE-CIN-20250326-003,HUB-CIN,DRV-01034,VEH-0018,2025-03-26,34,0,completed
RTE-CHI-20250207-004,HUB-CHI,DRV-01017,VEH-0019,2025-02-07,61,4,partial
RTE-CMH-20250203-006,HUB-CMH,DRV-01018,VEH-0001,2025-02-03,64,0,completed
RTE-CIN-20251214-001,HUB-CIN,DRV-01038,VEH-0018,2025-12-14,53,2,completed
RTE-CIN-20251121-007,HUB-CIN,DRV-01023,VEH-0025,2025-11-21,47,0,completed
RTE-IND-20251208-002,HUB-IND,DRV-01033,VEH-0016,2025-12-08,40,0,completed
RTE-CIN-20250722-003,HUB-CIN,DRV-01041,VEH-0025,2025-07-22,37,0,completed
RTE-IND-20250211-004,HUB-IND,DRV-01031,VEH-0008,2025-02-11,58,0,completed
RTE-CHI-20250114-201,HUB-CHI,DRV-01048,VEH-0004,2025-01-14,43,28,partial
RTE-CHI-20250115-201,HUB-CHI,DRV-01017,VEH-0002,2025-01-15,42,19,partial
RTE-CHI-20250116-201,HUB-CHI,DRV-01007,VEH-0005,2025-01-16,33,12,partial
RTE-CHI-20250114-202,HUB-CHI,DRV-01035,VEH-0037,2025-01-14,52,21,partial
RTE-CHI-20250115-202,HUB-CHI,DRV-01020,VEH-0004,2025-01-15,51,22,canceled
RTE-CHI-20250116-202,HUB-CHI,DRV-01011,VEH-0004,2025-01-16,56,21,partial
RTE-CHI-20250114-203,HUB-CHI,DRV-01017,VEH-0019,2025-01-14,32,15,partial
RTE-CHI-20250115-203,HUB-CHI,DRV-01005,VEH-0019,2025-01-15,60,21,canceled
RTE-CHI-20250116-203,HUB-CHI,DRV-01047,VEH-0006,2025-01-16,33,27,partial
RTE-CHI-20250114-204,HUB-CHI,DRV-01012,VEH-0002,2025-01-14,34,20,partial
RTE-CHI-20250115-204,HUB-CHI,DRV-01005,VEH-0019,2025-01-15,51,25,canceled
RTE-CHI-20250116-204,HUB-CHI,DRV-01047,VEH-0005,2025-01-16,56,27,partial
RTE-CHI-20250114-205,HUB-CHI,DRV-01020,VEH-0002,2025-01-14,45,26,canceled
RTE-CHI-20250115-205,HUB-CHI,DRV-01012,VEH-0002,2025-01-15,35,12,partial
RTE-CHI-20250116-205,HUB-CHI,DRV-01020,VEH-0006,2025-01-16,54,21,canceled
RTE-CHI-20250114-206,HUB-CHI,DRV-01020,VEH-0004,2025-01-14,33,23,partial
RTE-CHI-20250115-206,HUB-CHI,DRV-01035,VEH-0002,2025-01-15,49,13,partial
RTE-CHI-20250116-206,HUB-CHI,DRV-01007,VEH-0005,2025-01-16,49,27,partial
RTE-CHI-20250114-207,HUB-CHI,DRV-01017,VEH-0004,2025-01-14,59,12,canceled
RTE-CHI-20250115-207,HUB-CHI,DRV-01035,VEH-0014,2025-01-15,32,12,partial
RTE-CHI-20250116-207,HUB-CHI,DRV-01012,VEH-0002,2025-01-16,52,28,canceled
RTE-CHI-20250114-208,HUB-CHI,DRV-01007,VEH-0019,2025-01-14,45,20,partial
RTE-CHI-20250115-208,HUB-CHI,DRV-01007,VEH-0014,2025-01-15,55,27,canceled
RTE-CHI-20250116-208,HUB-CHI,DRV-01035,VEH-0014,2025-01-16,39,24,partial
RTE-CHI-20250203-201,HUB-CHI,DRV-01007,VEH-0019,2025-02-03,58,26,canceled
RTE-CHI-20250203-202,HUB-CHI,DRV-01011,VEH-0004,2025-02-03,34,16,canceled
RTE-IND-20250814-300,HUB-IND,DRV-01188,VEH-0008,2025-08-14,36,11,partial
RTE-IND-20250821-301,HUB-IND,DRV-01188,VEH-0008,2025-08-21,33,13,partial
RTE-IND-20250904-302,HUB-IND,DRV-01188,VEH-0008,2025-09-04,40,14,partial
