shipment_id,client_id,origin_hub_id,service_level,created_at,delivered_at,status,route_id
SHP-202501-000001,CLI-0169,HUB-DET,expedited,2025-01-13T19:47:00,2025-01-14T23:47:00,delivered,RTE-DET-20250113-002
SHP-202502-000001,CLI-0042,HUB-DET,freight,2025-02-25T09:12:00,2025-03-01T14:12:00,delivered,
SHP-202510-000001,CLI-0042,HUB-DET,freight,2025-10-23T06:33:00,2025-10-25T11:33:00,delivered,
SHP-202508-000001,CLI-0169,HUB-CIN,standard,2025-08-09T19:07:00,2025-08-13T03:07:00,delivered,RTE-CIN-20250810-001
SHP-202506-000001,CLI-0169,HUB-DET,standard,2025-06-08T14:08:00,2025-06-13T00:08:00,delivered,RTE-DET-20250609-001
SHP-202503-000001,CLI-0155,HUB-DET,standard,2025-03-31T06:19:00,2025-04-04T18:19:00,delivered,RTE-DET-20250331-004
SHP-202510-000002,CLI-0169,HUB-DET,standard,2025-10-24T16:13:00,2025-10-27T02:13:00,delivered,RTE-DET-20251024-006
SHP-202504-000002,CLI-0042,HUB-CHI,freight,2025-04-12T13:39:00,2025-04-13T20:39:00,delivered,
SHP-202510-000003,CLI-0201,HUB-DET,standard,2025-10-22T08:41:00,2025-10-23T20:41:00,delivered,RTE-DET-20251022-002
SHP-202508-000004,CLI-0155,HUB-CHI,standard,2025-08-14T11:57:00,2025-08-16T13:57:00,delivered,RTE-CHI-20250814-001
SHP-202510-000004,CLI-0042,HUB-IND,freight,2025-10-22T10:48:00,2025-10-26T18:48:00,delivered,
SHP-202504-000004,CLI-0155,HUB-DET,standard,2025-04-23T12:21:00,2025-04-27T23:21:00,delivered,RTE-DET-20250423-001
SHP-202510-000005,CLI-0201,HUB-CIN,standard,2025-10-01T06:05:00,2025-10-03T13:05:00,delivered,RTE-CIN-20251001-002
SHP-202504-000005,CLI-0201,HUB-IND,standard,2025-04-04T11:21:00,2025-04-08T15:21:00,delivered,RTE-IND-20250404-001
SHP-202508-000005,CLI-0007,HUB-DET,standard,2025-08-04T14:03:00,,returned,RTE-DET-20250804-002
SHP-202506-000002,CLI-0007,HUB-CMH,expedited,2025-06-29T09:12:00,2025-06-30T18:12:00,delivered,RTE-CMH-20250630-002
SHP-202506-000003,CLI-0201,HUB-DET,expedited,2025-06-09T09:04:00,2025-06-10T19:04:00,delivered,RTE-DET-20250609-002
SHP-202505-000002,CLI-0155,HUB-CIN,expedited,2025-05-05T18:36:00,2025-05-06T23:36:00,delivered,RTE-CIN-20250505-002
SHP-202509-000002,CLI-0169,HUB-CMH,standard,2025-09-30T11:00:00,2025-10-04T12:00:00,delivered,RTE-CMH-20250930-001
SHP-202510-000006,CLI-0201,HUB-IND,standard,2025-10-19T19:20:00,2025-10-22T00:20:00,delivered,RTE-IND-20251020-001
SHP-202512-000003,CLI-0155,HUB-IND,standard,2025-12-26T17:12:00,2025-12-28T20:12:00,delivered,RTE-IND-20251226-002
SHP-202509-000003,CLI-0007,HUB-CHI,standard,2025-09-26T11:11:00,2025-09-28T15:11:00,delivered,RTE-CHI-20250926-002
SHP-202506-000004,CLI-0042,HUB-IND,freight,2025-06-24T19:30:00,2025-06-26T01:30:00,delivered,
SHP-202509-000004,CLI-0042,HUB-CHI,freight,2025-09-09T08:51:00,2025-09-12T09:51:00,delivered,
SHP-202505-000004,CLI-0201,HUB-CIN,standard,2025-05-08T15:14:00,2025-05-12T22:14:00,delivered,RTE-CIN-20250508-003
SHP-202504-000006,CLI-0155,HUB-CMH,standard,2025-04-17T08:35:00,2025-04-18T14:35:00,delivered,RTE-CMH-20250418-002
SHP-202510-000008,CLI-0007,HUB-IND,standard,2025-10-09T07:49:00,2025-10-10T17:49:00,delivered,RTE-IND-20251009-002
SHP-202510-000009,CLI-0042,HUB-CHI,freight,2025-10-05T14:23:00,2025-10-10T00:23:00,delivered,
SHP-202503-000003,CLI-0042,HUB-CIN,freight,2025-03-23T12:05:00,2025-03-24T19:05:00,delivered,
SHP-202508-000011,CLI-0169,HUB-IND,standard,2025-08-17T14:24:00,2025-08-20T17:24:00,delivered,RTE-IND-20250817-001
SHP-202512-000005,CLI-0201,HUB-CHI,expedited,2025-12-24T12:02:00,2025-12-25T19:02:00,delivered,RTE-CHI-20251224-001
SHP-202512-000006,CLI-0201,HUB-DET,expedited,2025-12-28T18:52:00,2025-12-29T20:52:00,delivered,RTE-DET-20251228-001
SHP-202506-000006,CLI-0201,HUB-CMH,expedited,2025-06-23T19:43:00,2025-06-25T01:43:00,delivered,RTE-CMH-20250623-001
SHP-202502-000004,CLI-0007,HUB-CMH,standard,2025-02-16T17:19:00,2025-02-17T22:19:00,delivered,RTE-CMH-20250216-001
SHP-202501-000002,CLI-0169,HUB-DET,standard,2025-01-29T14:26:00,2025-01-31T16:26:00,delivered,RTE-DET-20250129-002
SHP-202503-000006,CLI-0201,HUB-CIN,standard,2025-03-31T13:58:00,2025-04-02T20:58:00,delivered,RTE-CIN-20250331-001
SHP-202511-000004,CLI-0155,HUB-CMH,expedited,2025-11-23T13:57:00,2025-11-24T21:57:00,delivered,RTE-CMH-20251124-003
SHP-202503-000007,CLI-0169,HUB-CIN,standard,2025-03-22T12:44:00,2025-03-25T15:44:00,delivered,RTE-CIN-20250322-002
SHP-202501-000003,CLI-0042,HUB-CIN,freight,2025-01-05T17:31:00,2025-01-09T05:31:00,delivered,
SHP-202504-000008,CLI-0169,HUB-CHI,standard,2025-04-28T15:16:00,2025-05-01T01:16:00,delivered,RTE-CHI-20250428-001
SHP-202507-000002,CLI-0155,HUB-CIN,standard,2025-07-08T16:23:00,2025-07-10T23:23:00,delivered,RTE-CIN-20250708-001
SHP-202512-000008,CLI-0201,HUB-CMH,standard,2025-12-25T06:19:00,,returned,RTE-CMH-20251225-003
SHP-202507-000003,CLI-0007,HUB-DET,standard,2025-07-23T09:41:00,2025-07-24T09:41:00,delivered,RTE-DET-20250723-002
SHP-202508-000014,CLI-0007,HUB-DET,standard,2025-08-04T11:32:00,2025-08-08T19:32:00,delivered,RTE-DET-20250804-001
SHP-202507-000004,CLI-0007,HUB-DET,expedited,2025-07-25T13:04:00,2025-07-26T18:04:00,delivered,RTE-DET-20250725-001
SHP-202511-000008,CLI-0007,HUB-CIN,standard,2025-11-04T08:42:00,2025-11-05T13:42:00,delivered,RTE-CIN-20251104-003
SHP-202510-000011,CLI-0155,HUB-CIN,standard,2025-10-12T12:54:00,2025-10-13T21:54:00,delivered,RTE-CIN-20251013-003
SHP-202512-000011,CLI-0155,HUB-CMH,standard,2025-12-03T17:48:00,2025-12-06T22:48:00,delivered,RTE-CMH-20251203-002
SHP-202509-000007,CLI-0201,HUB-DET,standard,2025-09-29T11:19:00,2025-09-30T11:19:00,delivered,RTE-DET-20250929-001
SHP-202505-000008,CLI-0007,HUB-CMH,standard,2025-05-11T12:11:00,2025-05-13T20:11:00,delivered,RTE-CMH-20250511-002
SHP-202507-000006,CLI-0042,HUB-DET,freight,2025-07-01T06:29:00,2025-07-04T15:29:00,delivered,
SHP-202508-000016,CLI-0201,HUB-IND,standard,2025-08-08T06:20:00,2025-08-12T17:20:00,delivered,RTE-IND-20250808-005
SHP-202507-000007,CLI-0007,HUB-CHI,standard,2025-07-05T12:33:00,2025-07-08T23:33:00,delivered,RTE-CHI-20250706-001
SHP-202508-000017,CLI-0155,HUB-IND,standard,2025-08-29T11:32:00,2025-09-02T18:32:00,delivered,RTE-IND-20250829-001
SHP-202501-000008,CLI-0155,HUB-CMH,standard,2025-01-20T19:05:00,2025-01-25T02:05:00,delivered,RTE-CMH-20250121-002
SHP-202510-000013,CLI-0042,HUB-DET,freight,2025-10-25T20:51:00,2025-10-28T01:51:00,delivered,
SHP-202507-000008,CLI-0169,HUB-CIN,standard,2025-07-18T16:41:00,2025-07-21T17:41:00,delivered,RTE-CIN-20250718-002
SHP-202510-000014,CLI-0155,HUB-IND,expedited,2025-10-13T16:58:00,2025-10-14T18:58:00,delivered,RTE-IND-20251013-002
SHP-202512-000014,CLI-0155,HUB-CIN,standard,2025-12-29T18:21:00,2025-12-31T04:21:00,delivered,RTE-CIN-20251229-002
SHP-202512-000015,CLI-0169,HUB-CMH,standard,2025-12-10T08:13:00,2025-12-14T11:13:00,delivered,RTE-CMH-20251210-001
SHP-202503-000011,CLI-0007,HUB-CIN,expedited,2025-03-21T19:47:00,2025-03-22T19:47:00,delivered,RTE-CIN-20250321-003
SHP-202508-000018,CLI-0169,HUB-CHI,expedited,2025-08-13T15:18:00,2025-08-15T03:18:00,delivered,RTE-CHI-20250813-001
SHP-202501-000009,CLI-0169,HUB-CIN,expedited,2025-01-27T17:54:00,2025-01-28T18:54:00,delivered,RTE-CIN-20250127-001
SHP-202501-000010,CLI-0201,HUB-CIN,standard,2025-01-14T12:05:00,2025-01-15T17:05:00,delivered,RTE-CIN-20250114-003
SHP-202511-000013,CLI-0007,HUB-IND,standard,2025-11-08T07:03:00,2025-11-12T08:03:00,delivered,RTE-IND-20251109-001
SHP-202509-000008,CLI-0042,HUB-CIN,freight,2025-09-13T15:15:00,2025-09-16T21:15:00,delivered,
SHP-202511-000014,CLI-0169,HUB-IND,expedited,2025-11-22T11:50:00,2025-11-23T14:50:00,delivered,RTE-IND-20251123-001
SHP-202502-000006,CLI-0007,HUB-DET,standard,2025-02-12T19:11:00,2025-02-15T20:11:00,delivered,RTE-DET-20250212-003
SHP-202502-000007,CLI-0155,HUB-IND,standard,2025-02-10T17:27:00,2025-02-14T22:27:00,delivered,RTE-IND-20250210-001
SHP-202508-000021,CLI-0169,HUB-CIN,expedited,2025-08-17T10:40:00,2025-08-18T10:40:00,delivered,RTE-CIN-20250817-001
SHP-202502-000008,CLI-0201,HUB-IND,standard,2025-02-08T17:43:00,2025-02-09T19:43:00,delivered,RTE-IND-20250208-001
SHP-202507-000011,CLI-0155,HUB-CHI,expedited,2025-07-07T06:47:00,2025-07-08T14:47:00,delivered,RTE-CHI-20250707-002
SHP-202503-000012,CLI-0155,HUB-DET,standard,2025-03-02T15:18:00,2025-03-06T18:18:00,delivered,RTE-DET-20250303-004
SHP-202503-000013,CLI-0007,HUB-DET,standard,2025-03-04T17:28:00,2025-03-13T17:28:00,delayed,RTE-DET-20250304-001
SHP-202506-000011,CLI-0007,HUB-CIN,standard,2025-06-13T20:19:00,2025-06-16T08:19:00,delivered,RTE-CIN-20250613-001
SHP-202507-000012,CLI-0007,HUB-CHI,expedited,2025-07-05T09:50:00,2025-07-06T14:50:00,delivered,RTE-CHI-20250706-003
SHP-202509-000009,CLI-0201,HUB-CIN,standard,2025-09-03T11:41:00,2025-09-07T21:41:00,delivered,RTE-CIN-20250903-003
SHP-202510-000018,CLI-0155,HUB-DET,standard,2025-10-07T18:43:00,2025-10-11T19:43:00,delivered,RTE-DET-20251007-002
SHP-202509-000012,CLI-0169,HUB-CHI,standard,2025-09-21T10:28:00,2025-09-22T10:28:00,delivered,RTE-CHI-20250921-001
SHP-202508-000022,CLI-0155,HUB-DET,standard,2025-08-28T12:32:00,2025-08-30T15:32:00,delivered,RTE-DET-20250828-003
SHP-202510-000019,CLI-0042,HUB-IND,freight,2025-10-26T13:38:00,2025-10-30T17:38:00,delivered,
SHP-202510-000020,CLI-0007,HUB-DET,standard,2025-10-02T10:46:00,2025-10-06T15:46:00,delivered,RTE-DET-20251002-002
SHP-202504-000009,CLI-0201,HUB-CIN,standard,2025-04-12T06:08:00,2025-04-16T14:08:00,delivered,RTE-CIN-20250412-001
SHP-202506-000013,CLI-0201,HUB-CIN,standard,2025-06-19T20:46:00,2025-06-21T05:46:00,delivered,RTE-CIN-20250619-002
SHP-202509-000013,CLI-0169,HUB-DET,standard,2025-09-23T11:11:00,2025-09-26T19:11:00,delivered,RTE-DET-20250923-001
SHP-202507-000013,CLI-0155,HUB-CIN,standard,2025-07-01T09:17:00,2025-07-03T13:17:00,delivered,RTE-CIN-20250701-001
SHP-202503-000015,CLI-0155,HUB-CMH,standard,2025-03-16T13:41:00,2025-03-20T16:41:00,delivered,RTE-CMH-20250317-001
SHP-202512-000023,CLI-0007,HUB-CIN,expedited,2025-12-23T09:15:00,2025-12-24T17:15:00,delivered,RTE-CIN-20251223-002
SHP-202504-000011,CLI-0042,HUB-CMH,freight,2025-04-26T12:21:00,2025-04-27T22:21:00,delivered,
SHP-202505-000013,CLI-0042,HUB-CMH,freight,2025-05-28T16:36:00,2025-05-29T18:36:00,delivered,
SHP-202504-000012,CLI-0201,HUB-DET,standard,2025-04-09T07:25:00,2025-04-11T09:25:00,delivered,RTE-DET-20250409-001
SHP-202512-000024,CLI-0007,HUB-CIN,standard,2025-12-15T17:23:00,2025-12-16T17:23:00,delivered,RTE-CIN-20251215-003
SHP-202504-000015,CLI-0042,HUB-DET,freight,2025-04-22T11:44:00,2025-04-23T12:44:00,delivered,
SHP-202508-000026,CLI-0201,HUB-CHI,expedited,2025-08-30T18:41:00,2025-09-08T18:41:00,delayed,RTE-CHI-20250901-005
SHP-202508-000027,CLI-0201,HUB-DET,expedited,2025-08-04T20:24:00,2025-08-06T06:24:00,delivered,RTE-DET-20250804-002
SHP-202505-000014,CLI-0007,HUB-CMH,expedited,2025-05-22T12:39:00,2025-05-23T12:39:00,delivered,RTE-CMH-20250522-001
SHP-202505-000015,CLI-0007,HUB-CIN,standard,2025-05-04T15:43:00,2025-05-05T18:43:00,delivered,RTE-CIN-20250504-001
SHP-202504-000016,CLI-0155,HUB-CMH,standard,2025-04-24T15:56:00,2025-04-27T01:56:00,delivered,RTE-CMH-20250424-001
SHP-202508-000029,CLI-0155,HUB-DET,standard,2025-08-02T14:30:00,2025-08-04T18:30:00,delivered,RTE-DET-20250803-001
SHP-202508-000030,CLI-0169,HUB-IND,standard,2025-08-27T14:56:00,2025-08-29T02:56:00,delivered,RTE-IND-20250827-001
SHP-202507-000014,CLI-0042,HUB-CIN,freight,2025-07-09T19:14:00,2025-07-10T23:14:00,delivered,
SHP-202506-000016,CLI-0169,HUB-CHI,standard,2025-06-01T19:15:00,2025-06-04T23:15:00,delivered,RTE-CHI-20250601-001
SHP-202501-000018,CLI-0155,HUB-CIN,expedited,2025-01-09T06:32:00,2025-01-10T16:32:00,delivered,RTE-CIN-20250109-002
SHP-202504-000017,CLI-0007,HUB-CIN,standard,2025-04-02T09:39:00,2025-04-05T13:39:00,delivered,RTE-CIN-20250402-005
SHP-202507-000015,CLI-0201,HUB-DET,standard,2025-07-23T17:14:00,2025-07-25T03:14:00,delivered,RTE-DET-20250723-004
SHP-202511-000018,CLI-0007,HUB-DET,standard,2025-11-29T14:30:00,2025-12-01T01:30:00,delivered,RTE-DET-20251129-001
SHP-202503-000017,CLI-0201,HUB-IND,standard,2025-03-29T19:06:00,2025-03-30T22:06:00,delivered,RTE-IND-20250329-002
SHP-202511-000019,CLI-0201,HUB-IND,standard,2025-11-11T10:50:00,,failed,RTE-IND-20251111-001
SHP-202507-000016,CLI-0007,HUB-CMH,standard,2025-07-19T10:28:00,2025-07-22T11:28:00,delivered,RTE-CMH-20250720-001
SHP-202503-000018,CLI-0201,HUB-DET,standard,2025-03-09T14:26:00,2025-03-10T19:26:00,delivered,RTE-DET-20250309-002
SHP-202511-000022,CLI-0169,HUB-DET,standard,2025-11-14T19:52:00,2025-11-16T23:52:00,delivered,RTE-DET-20251114-001
SHP-202504-000018,CLI-0155,HUB-CMH,expedited,2025-04-18T18:50:00,2025-04-20T01:50:00,delivered,RTE-CMH-20250418-002
SHP-202503-000020,CLI-0169,HUB-DET,expedited,2025-03-14T14:30:00,2025-03-15T15:30:00,delivered,RTE-DET-20250314-001
SHP-202508-000031,CLI-0155,HUB-CMH,expedited,2025-08-20T07:01:00,2025-08-21T17:01:00,delivered,RTE-CMH-20250820-002
SHP-202511-000024,CLI-0201,HUB-DET,standard,2025-11-19T15:56:00,2025-11-23T21:56:00,delivered,RTE-DET-20251120-001
SHP-202510-000032,CLI-0169,HUB-CHI,standard,2025-10-02T10:42:00,2025-10-05T19:42:00,delivered,RTE-CHI-20251003-001
SHP-202509-000018,CLI-0201,HUB-CIN,standard,2025-09-06T13:26:00,2025-09-11T00:26:00,delivered,RTE-CIN-20250906-001
SHP-202508-000032,CLI-0007,HUB-CIN,standard,2025-08-16T18:14:00,2025-08-19T21:14:00,delivered,RTE-CIN-20250816-001
SHP-202510-000035,CLI-0155,HUB-CIN,standard,2025-10-19T11:45:00,2025-10-22T19:45:00,delivered,RTE-CIN-20251020-002
SHP-202503-000022,CLI-0169,HUB-CHI,expedited,2025-03-09T16:25:00,2025-03-11T01:25:00,delivered,RTE-CHI-20250310-001
SHP-202511-000025,CLI-0201,HUB-DET,standard,2025-11-20T16:50:00,2025-11-21T22:50:00,delivered,RTE-DET-20251120-002
SHP-202512-000033,CLI-0169,HUB-DET,expedited,2025-12-22T11:37:00,2025-12-23T23:37:00,delivered,RTE-DET-20251222-003
SHP-202509-000019,CLI-0155,HUB-IND,standard,2025-09-11T08:36:00,2025-09-14T18:36:00,delivered,RTE-IND-20250911-001
SHP-202512-000034,CLI-0007,HUB-CMH,standard,2025-12-02T07:08:00,2025-12-06T07:08:00,delivered,RTE-CMH-20251202-002
SHP-202501-000021,CLI-0007,HUB-DET,standard,2025-01-05T13:04:00,2025-01-07T00:04:00,delivered,RTE-DET-20250106-002
SHP-202502-000017,CLI-0169,HUB-IND,standard,2025-02-22T18:52:00,2025-02-25T04:52:00,delivered,RTE-IND-20250222-001
SHP-202507-000020,CLI-0201,HUB-IND,expedited,2025-07-16T09:17:00,2025-07-17T12:17:00,delivered,RTE-IND-20250716-001
SHP-202510-000037,CLI-0155,HUB-CHI,standard,2025-10-28T06:50:00,2025-10-31T16:50:00,delivered,RTE-CHI-20251028-003
SHP-202512-000036,CLI-0201,HUB-DET,expedited,2025-12-31T07:40:00,2026-01-01T16:40:00,delivered,RTE-DET-20251231-002
SHP-202503-000023,CLI-0155,HUB-CMH,standard,2025-03-20T09:51:00,2025-03-23T15:51:00,delivered,RTE-CMH-20250320-002
SHP-202510-000038,CLI-0007,HUB-IND,standard,2025-10-28T17:54:00,2025-10-30T18:54:00,delivered,RTE-IND-20251028-002
SHP-202501-000022,CLI-0042,HUB-CHI,freight,2025-01-07T13:22:00,2025-01-10T15:22:00,delivered,
SHP-202507-000022,CLI-0155,HUB-CMH,expedited,2025-07-10T06:21:00,2025-07-11T10:21:00,delivered,RTE-CMH-20250710-002
SHP-202503-000024,CLI-0007,HUB-CIN,standard,2025-03-22T07:14:00,2025-03-23T07:14:00,delivered,RTE-CIN-20250322-001
SHP-202512-000037,CLI-0169,HUB-CHI,standard,2025-12-02T17:20:00,2025-12-04T02:20:00,delivered,RTE-CHI-20251202-002
SHP-202507-000023,CLI-0042,HUB-CHI,freight,2025-07-10T09:51:00,2025-07-11T15:51:00,delivered,
SHP-202511-000027,CLI-0169,HUB-CIN,expedited,2025-11-15T18:49:00,2025-11-17T02:49:00,delivered,RTE-CIN-20251117-001
SHP-202505-000017,CLI-0201,HUB-CMH,standard,2025-05-06T11:40:00,2025-05-07T16:40:00,delivered,RTE-CMH-20250506-001
SHP-202509-000021,CLI-0169,HUB-DET,expedited,2025-09-24T07:37:00,2025-09-25T09:37:00,delivered,RTE-DET-20250924-003
SHP-202511-000028,CLI-0007,HUB-CIN,standard,2025-11-23T12:42:00,2025-11-25T16:42:00,delivered,RTE-CIN-20251124-003
SHP-202507-000024,CLI-0169,HUB-IND,standard,2025-07-21T09:04:00,2025-07-23T21:04:00,delivered,RTE-IND-20250721-002
SHP-202510-000039,CLI-0007,HUB-CHI,standard,2025-10-27T11:26:00,2025-10-30T23:26:00,delivered,RTE-CHI-20251027-002
SHP-202509-000022,CLI-0155,HUB-IND,expedited,2025-09-20T08:01:00,2025-09-21T15:01:00,delivered,RTE-IND-20250922-001
SHP-202505-000018,CLI-0007,HUB-CHI,standard,2025-05-08T06:53:00,2025-05-10T08:53:00,delivered,RTE-CHI-20250508-001
SHP-202507-000025,CLI-0007,HUB-CIN,standard,2025-07-10T20:52:00,2025-07-11T23:52:00,delivered,RTE-CIN-20250710-001
SHP-202504-000021,CLI-0201,HUB-IND,expedited,2025-04-23T19:11:00,2025-04-25T04:11:00,delivered,RTE-IND-20250423-001
SHP-202507-000027,CLI-0201,HUB-CIN,standard,2025-07-11T10:20:00,2025-07-13T21:20:00,delivered,RTE-CIN-20250711-001
SHP-202507-000028,CLI-0155,HUB-CHI,standard,2025-07-13T06:44:00,2025-07-17T18:44:00,delivered,RTE-CHI-20250714-004
SHP-202509-000026,CLI-0007,HUB-CHI,standard,2025-09-12T11:10:00,2025-09-13T22:10:00,delivered,RTE-CHI-20250912-001
SHP-202512-000040,CLI-0169,HUB-DET,standard,2025-12-10T09:15:00,2025-12-13T13:15:00,delivered,RTE-DET-20251210-001
SHP-202502-000020,CLI-0042,HUB-DET,freight,2025-02-25T13:46:00,2025-02-27T19:46:00,delivered,
SHP-202506-000025,CLI-0007,HUB-DET,expedited,2025-06-29T15:41:00,2025-06-30T18:41:00,delivered,RTE-DET-20250630-003
SHP-202503-000025,CLI-0042,HUB-IND,freight,2025-03-25T06:20:00,2025-03-26T07:20:00,delivered,
SHP-202506-000026,CLI-0201,HUB-CHI,expedited,2025-06-25T14:57:00,2025-07-01T14:57:00,delayed,RTE-CHI-20250625-005
SHP-202505-000019,CLI-0007,HUB-CMH,standard,2025-05-25T14:53:00,2025-05-26T19:53:00,delivered,RTE-CMH-20250525-001
SHP-202501-000025,CLI-0155,HUB-CIN,standard,2025-01-02T07:01:00,2025-01-05T08:01:00,delivered,RTE-CIN-20250102-004
SHP-202508-000037,CLI-0155,HUB-CMH,standard,2025-08-30T12:11:00,2025-09-03T17:11:00,delivered,RTE-CMH-20250901-001
SHP-202504-000022,CLI-0155,HUB-DET,standard,2025-04-06T09:53:00,2025-04-07T11:53:00,delivered,RTE-DET-20250406-002
SHP-202512-000041,CLI-0007,HUB-IND,expedited,2025-12-23T12:48:00,2025-12-24T20:48:00,delivered,RTE-IND-20251223-001
SHP-202504-000023,CLI-0201,HUB-CMH,expedited,2025-04-09T12:12:00,,failed,RTE-CMH-20250409-003
SHP-202510-000041,CLI-0169,HUB-IND,standard,2025-10-12T20:55:00,2025-10-16T21:55:00,delivered,RTE-IND-20251013-001
SHP-202503-000026,CLI-0201,HUB-CMH,standard,2025-03-15T20:21:00,2025-03-17T07:21:00,delivered,RTE-CMH-20250315-001
SHP-202507-000029,CLI-0155,HUB-IND,standard,2025-07-10T13:54:00,2025-07-11T16:54:00,delivered,RTE-IND-20250710-002
SHP-202508-000039,CLI-0201,HUB-DET,expedited,2025-08-15T19:23:00,2025-08-17T03:23:00,delivered,RTE-DET-20250815-001
SHP-202505-000021,CLI-0042,HUB-IND,freight,2025-05-08T17:12:00,2025-05-13T01:12:00,delivered,
SHP-202507-000030,CLI-0007,HUB-CMH,standard,2025-07-23T13:38:00,2025-07-27T22:38:00,delivered,RTE-CMH-20250723-001
SHP-202511-000033,CLI-0042,HUB-CMH,freight,2025-11-30T13:58:00,2025-12-02T22:58:00,delivered,
SHP-202502-000021,CLI-0169,HUB-CIN,standard,2025-02-22T15:18:00,2025-02-23T22:18:00,delivered,RTE-CIN-20250223-001
SHP-202502-000022,CLI-0155,HUB-IND,expedited,2025-02-02T10:41:00,2025-02-03T20:41:00,delivered,RTE-IND-20250203-003
SHP-202504-000024,CLI-0201,HUB-CIN,standard,2025-04-10T06:55:00,2025-04-12T09:55:00,delivered,RTE-CIN-20250410-001
SHP-202503-000029,CLI-0007,HUB-CHI,standard,2025-03-23T16:27:00,2025-03-27T22:27:00,delivered,RTE-CHI-20250323-001
SHP-202507-000033,CLI-0155,HUB-CHI,standard,2025-07-16T06:19:00,2025-07-20T17:19:00,delivered,RTE-CHI-20250716-002
SHP-202509-000028,CLI-0169,HUB-DET,expedited,2025-09-24T08:21:00,,failed,RTE-DET-20250924-001
SHP-202503-000030,CLI-0042,HUB-CIN,freight,2025-03-09T14:10:00,2025-03-10T20:10:00,delivered,
SHP-202512-000044,CLI-0042,HUB-IND,freight,2025-12-22T12:42:00,2025-12-25T21:42:00,delivered,
SHP-202511-000035,CLI-0201,HUB-CMH,standard,2025-11-07T15:07:00,2025-11-08T22:07:00,delivered,RTE-CMH-20251107-002
SHP-202504-000025,CLI-0155,HUB-CIN,expedited,2025-04-12T11:45:00,2025-04-13T13:45:00,delivered,RTE-CIN-20250412-002
SHP-202511-000036,CLI-0155,HUB-IND,standard,2025-11-26T07:52:00,2025-11-27T11:52:00,delivered,RTE-IND-20251126-002
SHP-202506-000033,CLI-0007,HUB-CMH,expedited,2025-06-10T20:02:00,2025-06-11T22:02:00,delivered,RTE-CMH-20250610-001
SHP-202512-000045,CLI-0169,HUB-IND,expedited,2025-12-06T15:17:00,2025-12-07T16:17:00,delivered,RTE-IND-20251207-002
SHP-202504-000026,CLI-0201,HUB-DET,standard,2025-04-04T12:44:00,2025-04-08T22:44:00,delivered,RTE-DET-20250404-001
SHP-202503-000031,CLI-0042,HUB-CHI,freight,2025-03-27T07:26:00,2025-03-31T19:26:00,delivered,
SHP-202509-000030,CLI-0201,HUB-DET,standard,2025-09-07T10:41:00,2025-09-09T20:41:00,delivered,RTE-DET-20250907-001
SHP-202509-000031,CLI-0169,HUB-IND,standard,2025-09-09T09:35:00,2025-09-13T12:35:00,delivered,RTE-IND-20250909-001
SHP-202512-000046,CLI-0201,HUB-DET,standard,2025-12-01T14:00:00,2025-12-04T22:00:00,delivered,RTE-DET-20251201-001
SHP-202512-000047,CLI-0169,HUB-IND,expedited,2025-12-04T18:18:00,2025-12-05T23:18:00,delivered,RTE-IND-20251204-004
SHP-202511-000038,CLI-0007,HUB-DET,standard,2025-11-09T19:50:00,2025-11-12T20:50:00,delivered,RTE-DET-20251110-002
SHP-202501-000032,CLI-0042,HUB-CIN,freight,2025-01-03T20:27:00,2025-01-08T04:27:00,delivered,
SHP-202509-000032,CLI-0201,HUB-CIN,standard,2025-09-03T19:27:00,2025-09-04T19:27:00,delivered,RTE-CIN-20250903-003
SHP-202507-000036,CLI-0042,HUB-CHI,freight,2025-07-15T10:48:00,2025-07-18T20:48:00,delivered,
SHP-202505-000022,CLI-0042,HUB-IND,freight,2025-05-09T09:48:00,2025-05-12T16:48:00,delivered,
SHP-202512-000049,CLI-0042,HUB-DET,freight,2025-12-23T12:26:00,2025-12-26T20:26:00,delivered,
SHP-202501-000033,CLI-0155,HUB-CHI,standard,2025-01-28T18:55:00,2025-01-31T04:55:00,delivered,RTE-CHI-20250128-001
SHP-202512-000050,CLI-0169,HUB-CIN,standard,2025-12-27T15:12:00,2025-12-29T19:12:00,delivered,RTE-CIN-20251227-001
SHP-202508-000041,CLI-0007,HUB-CHI,expedited,2025-08-18T17:32:00,2025-08-19T17:32:00,delivered,RTE-CHI-20250818-001
SHP-202508-000042,CLI-0155,HUB-CHI,standard,2025-08-08T19:16:00,2025-08-13T06:16:00,delivered,RTE-CHI-20250808-001
SHP-202503-000032,CLI-0169,HUB-CIN,standard,2025-03-21T20:40:00,2025-03-25T03:40:00,delivered,RTE-CIN-20250321-002
SHP-202510-000047,CLI-0007,HUB-IND,standard,2025-10-21T08:33:00,2025-10-23T14:33:00,delivered,RTE-IND-20251021-002
SHP-202510-000048,CLI-0007,HUB-IND,standard,2025-10-06T09:42:00,2025-10-09T13:42:00,delivered,RTE-IND-20251006-001
SHP-202512-000051,CLI-0201,HUB-CMH,standard,2025-12-16T14:46:00,2025-12-19T22:46:00,delivered,RTE-CMH-20251216-001
SHP-202509-000033,CLI-0042,HUB-IND,freight,2025-09-18T20:41:00,2025-09-19T21:41:00,delivered,
SHP-202510-000049,CLI-0007,HUB-CHI,standard,2025-10-03T18:13:00,2025-10-07T19:13:00,delivered,RTE-CHI-20251003-001
SHP-202504-000028,CLI-0201,HUB-CMH,expedited,2025-04-16T08:01:00,2025-04-17T13:01:00,delivered,RTE-CMH-20250416-003
SHP-202501-000034,CLI-0042,HUB-CHI,freight,2025-01-20T18:16:00,2025-01-22T22:16:00,delivered,
SHP-202507-000037,CLI-0201,HUB-DET,standard,2025-07-28T12:43:00,2025-07-29T22:43:00,delivered,RTE-DET-20250728-001
SHP-202506-000036,CLI-0155,HUB-DET,standard,2025-06-04T19:42:00,2025-06-07T03:42:00,delivered,RTE-DET-20250605-001
SHP-202504-000029,CLI-0201,HUB-CIN,standard,2025-04-23T16:09:00,2025-04-26T16:09:00,delivered,RTE-CIN-20250423-001
SHP-202503-000033,CLI-0042,HUB-CIN,freight,2025-03-14T15:25:00,2025-03-15T19:25:00,delivered,
SHP-202502-000025,CLI-0007,HUB-IND,standard,2025-02-07T17:37:00,2025-02-10T22:37:00,delivered,RTE-IND-20250207-001
SHP-202503-000036,CLI-0169,HUB-DET,standard,2025-03-10T11:49:00,2025-03-11T13:49:00,delivered,RTE-DET-20250310-001
SHP-202511-000042,CLI-0155,HUB-CHI,expedited,2025-11-27T09:16:00,2025-11-28T19:16:00,delivered,RTE-CHI-20251127-002
SHP-202502-000026,CLI-0042,HUB-CIN,freight,2025-02-09T16:01:00,2025-02-14T04:01:00,delivered,
SHP-202510-000050,CLI-0042,HUB-CIN,freight,2025-10-30T10:34:00,2025-11-03T20:34:00,delivered,
SHP-202509-000035,CLI-0169,HUB-CIN,standard,2025-09-19T09:54:00,2025-09-21T21:54:00,delivered,RTE-CIN-20250919-001
SHP-202504-000031,CLI-0169,HUB-DET,standard,2025-04-16T13:56:00,2025-04-19T14:56:00,delivered,RTE-DET-20250416-001
SHP-202512-000052,CLI-0155,HUB-IND,standard,2025-12-27T15:11:00,2025-12-31T20:11:00,delivered,RTE-IND-20251228-001
SHP-202510-000051,CLI-0007,HUB-CIN,standard,2025-10-28T20:14:00,2025-11-01T01:14:00,delivered,RTE-CIN-20251029-001
SHP-202512-000054,CLI-0007,HUB-CHI,standard,2025-12-05T13:55:00,2025-12-07T19:55:00,delivered,RTE-CHI-20251205-001
SHP-202509-000038,CLI-0007,HUB-CMH,standard,2025-09-30T08:57:00,2025-10-01T20:57:00,delivered,RTE-CMH-20250930-001
SHP-202511-000046,CLI-0201,HUB-IND,standard,2025-11-03T17:47:00,2025-11-05T01:47:00,delivered,RTE-IND-20251103-001
SHP-202509-000039,CLI-0169,HUB-CIN,standard,2025-09-18T16:45:00,2025-09-23T02:45:00,delivered,RTE-CIN-20250918-002
SHP-202511-000047,CLI-0042,HUB-CHI,freight,2025-11-24T19:42:00,2025-11-27T22:42:00,delivered,
SHP-202507-000040,CLI-0201,HUB-DET,standard,2025-07-24T14:00:00,2025-07-25T15:00:00,delivered,RTE-DET-20250724-001
SHP-202507-000041,CLI-0155,HUB-CHI,standard,2025-07-26T07:35:00,2025-07-29T12:35:00,delivered,RTE-CHI-20250727-001
SHP-202512-000057,CLI-0169,HUB-DET,expedited,2025-12-26T14:34:00,2025-12-27T18:34:00,delivered,RTE-DET-20251226-001
SHP-202505-000023,CLI-0201,HUB-IND,standard,2025-05-08T20:11:00,2025-05-11T23:11:00,delivered,RTE-IND-20250508-002
SHP-202503-000040,CLI-0201,HUB-DET,expedited,2025-03-07T06:32:00,2025-03-08T16:32:00,delivered,RTE-DET-20250308-001
SHP-202503-000041,CLI-0007,HUB-CIN,standard,2025-03-31T17:00:00,2025-04-02T23:00:00,delivered,RTE-CIN-20250331-002
SHP-202510-000056,CLI-0169,HUB-CIN,expedited,2025-10-25T08:35:00,2025-10-26T12:35:00,delivered,RTE-CIN-20251027-002
SHP-202510-000057,CLI-0201,HUB-CHI,standard,2025-10-12T17:09:00,2025-10-13T19:09:00,delivered,RTE-CHI-20251013-001
SHP-202510-000058,CLI-0007,HUB-CHI,standard,2025-10-18T19:16:00,2025-10-20T02:16:00,delivered,RTE-CHI-20251019-001
SHP-202506-000039,CLI-0169,HUB-CIN,standard,2025-06-21T18:16:00,2025-06-25T19:16:00,delivered,RTE-CIN-20250621-001
SHP-202511-000049,CLI-0201,HUB-CMH,standard,2025-11-20T11:14:00,2025-11-23T22:14:00,delivered,RTE-CMH-20251120-001
SHP-202505-000024,CLI-0201,HUB-IND,expedited,2025-05-17T18:55:00,2025-05-19T05:55:00,delivered,RTE-IND-20250517-001
SHP-202505-000025,CLI-0007,HUB-CHI,standard,2025-05-01T07:06:00,2025-05-05T15:06:00,delivered,RTE-CHI-20250501-001
SHP-202501-000038,CLI-0201,HUB-CIN,expedited,2025-01-28T07:06:00,2025-01-29T09:06:00,delivered,RTE-CIN-20250128-002
SHP-202502-000027,CLI-0201,HUB-IND,standard,2025-02-13T17:18:00,2025-02-15T19:18:00,delivered,RTE-IND-20250213-002
SHP-202501-000039,CLI-0169,HUB-IND,expedited,2025-01-15T13:55:00,2025-01-16T17:55:00,delivered,RTE-IND-20250115-001
SHP-202511-000050,CLI-0155,HUB-IND,standard,2025-11-24T09:51:00,2025-11-27T14:51:00,delivered,RTE-IND-20251124-001
SHP-202507-000045,CLI-0155,HUB-CMH,standard,2025-07-31T19:48:00,2025-08-03T23:48:00,delivered,RTE-CMH-20250731-001
SHP-202510-000061,CLI-0201,HUB-CIN,standard,2025-10-08T09:10:00,2025-10-12T15:10:00,delivered,RTE-CIN-20251008-004
SHP-202504-000035,CLI-0201,HUB-CHI,standard,2025-04-23T18:58:00,2025-04-26T22:58:00,delivered,RTE-CHI-20250423-002
SHP-202511-000051,CLI-0155,HUB-DET,standard,2025-11-29T07:11:00,2025-11-30T17:11:00,delivered,RTE-DET-20251129-001
SHP-202508-000046,CLI-0155,HUB-CIN,standard,2025-08-22T11:01:00,2025-08-23T13:01:00,delivered,RTE-CIN-20250822-002
SHP-202504-000036,CLI-0155,HUB-DET,expedited,2025-04-22T13:44:00,2025-04-23T18:44:00,delivered,RTE-DET-20250422-003
SHP-202503-000042,CLI-0201,HUB-CMH,standard,2025-03-16T08:12:00,2025-03-19T14:12:00,delivered,RTE-CMH-20250317-001
SHP-202503-000043,CLI-0042,HUB-CIN,freight,2025-03-23T14:07:00,2025-03-26T17:07:00,delivered,
SHP-202512-000059,CLI-0007,HUB-CHI,standard,2025-12-08T11:00:00,2025-12-11T20:00:00,delivered,RTE-CHI-20251208-001
SHP-202511-000052,CLI-0007,HUB-CHI,standard,2025-11-02T07:43:00,2025-11-03T07:43:00,delivered,RTE-CHI-20251104-002
SHP-202501-000041,CLI-0169,HUB-CHI,standard,2025-01-11T06:31:00,2025-01-14T14:31:00,delivered,RTE-CHI-20250111-001
SHP-202509-000041,CLI-0155,HUB-IND,standard,2025-09-29T13:00:00,2025-10-04T00:00:00,delivered,RTE-IND-20250929-001
SHP-202509-000042,CLI-0042,HUB-CIN,freight,2025-09-06T16:53:00,2025-09-11T00:53:00,delivered,
SHP-202511-000054,CLI-0155,HUB-CMH,standard,2025-11-16T15:45:00,2025-11-19T01:45:00,delivered,RTE-CMH-20251117-004
SHP-202502-000030,CLI-0042,HUB-IND,freight,2025-02-10T14:47:00,2025-02-14T19:47:00,delivered,
SHP-202508-000047,CLI-0201,HUB-CMH,standard,2025-08-23T08:35:00,2025-08-26T18:35:00,delivered,RTE-CMH-20250824-001
SHP-202507-000047,CLI-0201,HUB-IND,standard,2025-07-10T15:34:00,2025-07-13T20:34:00,delivered,RTE-IND-20250710-002
SHP-202508-000048,CLI-0201,HUB-CMH,expedited,2025-08-20T10:38:00,2025-08-21T12:38:00,delivered,RTE-CMH-20250820-001
SHP-202510-000062,CLI-0155,HUB-IND,standard,2025-10-26T12:36:00,2025-10-27T23:36:00,delivered,RTE-IND-20251027-001
SHP-202506-000042,CLI-0201,HUB-DET,expedited,2025-06-21T07:55:00,2025-06-22T18:55:00,delivered,RTE-DET-20250622-001
SHP-202512-000062,CLI-0042,HUB-DET,freight,2025-12-01T06:19:00,2025-12-04T14:19:00,delivered,
SHP-202502-000031,CLI-0042,HUB-CIN,freight,2025-02-12T12:16:00,2025-02-17T00:16:00,delivered,
SHP-202512-000064,CLI-0169,HUB-IND,standard,2025-12-10T11:38:00,2025-12-13T13:38:00,delivered,RTE-IND-20251210-001
SHP-202512-000065,CLI-0007,HUB-CMH,expedited,2025-12-17T09:39:00,2025-12-18T13:39:00,delivered,RTE-CMH-20251217-002
SHP-202501-000042,CLI-0007,HUB-IND,standard,2025-01-08T06:21:00,2025-01-10T09:21:00,delivered,RTE-IND-20250108-001
SHP-202510-000065,CLI-0155,HUB-CIN,standard,2025-10-07T17:09:00,2025-10-08T23:09:00,delivered,RTE-CIN-20251008-003
SHP-202512-000066,CLI-0007,HUB-DET,standard,2025-12-02T16:54:00,2025-12-05T17:54:00,delivered,RTE-DET-20251203-001
SHP-202501-000043,CLI-0201,HUB-CHI,expedited,2025-01-10T14:45:00,2025-01-11T19:45:00,delivered,RTE-CHI-20250110-002
SHP-202506-000044,CLI-0201,HUB-CHI,standard,2025-06-06T16:22:00,2025-06-09T19:22:00,delivered,RTE-CHI-20250606-001
SHP-202509-000047,CLI-0042,HUB-IND,freight,2025-09-14T20:24:00,2025-09-16T04:24:00,delivered,
SHP-202505-000026,CLI-0169,HUB-DET,standard,2025-05-24T07:46:00,2025-05-26T13:46:00,delivered,RTE-DET-20250526-001
SHP-202505-000027,CLI-0201,HUB-IND,expedited,2025-05-04T11:28:00,2025-05-05T14:28:00,delivered,RTE-IND-20250506-001
SHP-202511-000057,CLI-0155,HUB-CHI,expedited,2025-11-23T07:08:00,2025-11-24T19:08:00,delivered,RTE-CHI-20251123-001
SHP-202502-000033,CLI-0042,HUB-CHI,freight,2025-02-25T14:34:00,2025-02-26T22:34:00,delivered,
SHP-202507-000050,CLI-0042,HUB-CHI,freight,2025-07-18T10:28:00,2025-07-21T22:28:00,delivered,
SHP-202505-000028,CLI-0201,HUB-IND,standard,2025-05-27T06:44:00,2025-05-29T13:44:00,delivered,RTE-IND-20250527-001
SHP-202507-000051,CLI-0042,HUB-CHI,freight,2025-07-31T13:37:00,2025-08-02T20:37:00,delivered,
SHP-202501-000046,CLI-0155,HUB-IND,standard,2025-01-19T12:52:00,2025-01-23T20:52:00,delivered,RTE-IND-20250121-001
SHP-202504-000039,CLI-0007,HUB-CIN,expedited,2025-04-18T16:33:00,2025-04-19T23:33:00,delivered,RTE-CIN-20250418-002
SHP-202512-000070,CLI-0155,HUB-DET,standard,2025-12-19T11:16:00,2025-12-22T13:16:00,delivered,RTE-DET-20251219-002
SHP-202506-000046,CLI-0169,HUB-CMH,standard,2025-06-03T11:21:00,2025-06-04T13:21:00,delivered,RTE-CMH-20250604-001
SHP-202504-000040,CLI-0169,HUB-DET,expedited,2025-04-10T18:02:00,2025-04-12T01:02:00,delivered,RTE-DET-20250410-004
SHP-202506-000047,CLI-0169,HUB-CIN,standard,2025-06-03T09:36:00,2025-06-06T10:36:00,delivered,RTE-CIN-20250603-003
SHP-202503-000051,CLI-0042,HUB-IND,freight,2025-03-18T12:40:00,2025-03-20T21:40:00,delivered,
SHP-202512-000071,CLI-0201,HUB-CMH,standard,2025-12-30T09:23:00,2026-01-02T12:23:00,delivered,RTE-CMH-20251230-002
SHP-202509-000049,CLI-0007,HUB-IND,expedited,2025-09-26T18:12:00,2025-09-28T01:12:00,delivered,RTE-IND-20250929-001
SHP-202509-000051,CLI-0169,HUB-CHI,expedited,2025-09-26T07:52:00,2025-09-27T15:52:00,delivered,RTE-CHI-20250926-003
SHP-202512-000073,CLI-0007,HUB-IND,standard,2025-12-18T06:06:00,2025-12-21T06:06:00,delivered,RTE-IND-20251218-001
SHP-202511-000062,CLI-0169,HUB-CHI,standard,2025-11-24T10:34:00,2025-11-28T20:34:00,delivered,RTE-CHI-20251124-001
SHP-202506-000048,CLI-0155,HUB-CHI,expedited,2025-06-29T18:18:00,2025-06-30T20:18:00,delivered,RTE-CHI-20250630-001
SHP-202502-000036,CLI-0169,HUB-CIN,standard,2025-02-06T08:01:00,2025-02-07T09:01:00,delivered,RTE-CIN-20250206-002
SHP-202507-000052,CLI-0201,HUB-DET,standard,2025-07-16T15:57:00,2025-07-21T00:57:00,delivered,RTE-DET-20250716-002
SHP-202511-000063,CLI-0169,HUB-DET,standard,2025-11-12T20:42:00,2025-11-16T03:42:00,delivered,RTE-DET-20251112-001
SHP-202511-000064,CLI-0155,HUB-CIN,standard,2025-11-29T15:26:00,2025-12-01T23:26:00,delivered,RTE-CIN-20251129-001
SHP-202512-000074,CLI-0007,HUB-CIN,expedited,2025-12-22T07:37:00,2025-12-23T12:37:00,delivered,RTE-CIN-20251222-003
SHP-202511-000065,CLI-0201,HUB-IND,standard,2025-11-02T16:03:00,2025-11-05T01:03:00,delivered,RTE-IND-20251102-001
SHP-202504-000041,CLI-0169,HUB-IND,standard,2025-04-16T20:43:00,2025-04-21T07:43:00,delivered,RTE-IND-20250416-003
SHP-202510-000069,CLI-0169,HUB-DET,standard,2025-10-30T12:34:00,2025-11-01T19:34:00,delivered,RTE-DET-20251030-002
SHP-202503-000054,CLI-0201,HUB-IND,expedited,2025-03-13T08:18:00,,failed,RTE-IND-20250313-002
SHP-202512-000075,CLI-0042,HUB-CMH,freight,2025-12-10T16:01:00,2025-12-15T02:01:00,delivered,
SHP-202503-000055,CLI-0201,HUB-DET,expedited,2025-03-11T17:38:00,2025-03-13T02:38:00,delivered,RTE-DET-20250311-003
SHP-202504-000042,CLI-0201,HUB-CIN,expedited,2025-04-03T12:22:00,2025-04-04T18:22:00,delivered,RTE-CIN-20250403-001
SHP-202501-000050,CLI-0169,HUB-CMH,standard,2025-01-20T17:05:00,2025-01-24T00:05:00,delivered,RTE-CMH-20250121-002
SHP-202510-000070,CLI-0042,HUB-IND,freight,2025-10-24T18:47:00,2025-10-28T01:47:00,delivered,
SHP-202502-000037,CLI-0007,HUB-IND,standard,2025-02-12T15:17:00,2025-02-15T15:17:00,delivered,RTE-IND-20250212-003
SHP-202501-000051,CLI-0007,HUB-CHI,standard,2025-01-17T19:09:00,2025-01-22T07:09:00,delivered,RTE-CHI-20250117-001
SHP-202511-000069,CLI-0007,HUB-CMH,standard,2025-11-25T12:30:00,2025-11-27T18:30:00,delivered,RTE-CMH-20251125-003
SHP-202508-000051,CLI-0169,HUB-CIN,standard,2025-08-18T06:06:00,2025-08-21T12:06:00,delivered,RTE-CIN-20250818-003
SHP-202511-000070,CLI-0155,HUB-IND,standard,2025-11-09T18:06:00,2025-11-14T01:06:00,delivered,RTE-IND-20251109-001
SHP-202506-000050,CLI-0042,HUB-CMH,freight,2025-06-10T06:26:00,2025-06-11T16:26:00,delivered,
SHP-202508-000052,CLI-0155,HUB-IND,standard,2025-08-17T06:39:00,2025-08-19T15:39:00,delivered,RTE-IND-20250817-001
SHP-202511-000071,CLI-0007,HUB-CMH,expedited,2025-11-23T08:24:00,2025-11-24T18:24:00,delivered,RTE-CMH-20251124-001
SHP-202512-000078,CLI-0155,HUB-DET,standard,2025-12-23T07:40:00,2025-12-26T19:40:00,delivered,RTE-DET-20251223-001
SHP-202508-000053,CLI-0169,HUB-IND,standard,2025-08-07T07:17:00,2025-08-11T13:17:00,delivered,RTE-IND-20250807-004
SHP-202505-000029,CLI-0007,HUB-DET,expedited,2025-05-16T09:39:00,2025-05-17T19:39:00,delivered,RTE-DET-20250516-001
SHP-202511-000072,CLI-0042,HUB-DET,freight,2025-11-24T10:09:00,2025-11-28T19:09:00,delivered,
SHP-202512-000079,CLI-0042,HUB-CMH,freight,2025-12-16T11:34:00,2025-12-19T12:34:00,delivered,
SHP-202501-000055,CLI-0042,HUB-IND,freight,2025-01-09T18:46:00,2025-01-10T21:46:00,delivered,
SHP-202503-000057,CLI-0042,HUB-DET,freight,2025-03-14T20:58:00,2025-03-17T07:58:00,delivered,
SHP-202510-000071,CLI-0169,HUB-CHI,expedited,2025-10-22T15:11:00,2025-10-23T16:11:00,delivered,RTE-CHI-20251022-005
SHP-202505-000031,CLI-0201,HUB-CHI,standard,2025-05-21T14:10:00,2025-05-22T16:10:00,delivered,RTE-CHI-20250521-003
SHP-202512-000081,CLI-0155,HUB-DET,standard,2025-12-28T18:49:00,2025-12-30T21:49:00,delivered,RTE-DET-20251228-001
SHP-202509-000055,CLI-0007,HUB-IND,standard,2025-09-13T06:35:00,2025-09-14T14:35:00,delivered,RTE-IND-20250914-001
SHP-202507-000056,CLI-0201,HUB-IND,standard,2025-07-06T18:56:00,2025-07-07T19:56:00,delivered,RTE-IND-20250707-001
SHP-202504-000045,CLI-0042,HUB-DET,freight,2025-04-01T14:07:00,2025-04-04T01:07:00,delivered,
SHP-202508-000054,CLI-0169,HUB-DET,standard,2025-08-16T16:57:00,2025-08-17T21:57:00,delivered,RTE-DET-20250818-001
SHP-202504-000046,CLI-0201,HUB-CHI,standard,2025-04-27T09:04:00,2025-05-01T09:04:00,delivered,RTE-CHI-20250428-001
SHP-202504-000047,CLI-0042,HUB-CIN,freight,2025-04-14T06:17:00,2025-04-18T13:17:00,delivered,
SHP-202508-000056,CLI-0169,HUB-CHI,expedited,2025-08-03T15:10:00,2025-08-05T01:10:00,delivered,RTE-CHI-20250804-001
SHP-202507-000057,CLI-0042,HUB-CMH,freight,2025-07-09T12:57:00,2025-07-10T16:57:00,delivered,
SHP-202501-000057,CLI-0169,HUB-CMH,standard,2025-01-29T11:29:00,2025-02-01T16:29:00,delivered,RTE-CMH-20250129-002
SHP-202503-000060,CLI-0007,HUB-CIN,expedited,2025-03-31T09:08:00,2025-04-01T12:08:00,delivered,RTE-CIN-20250331-001
SHP-202509-000056,CLI-0155,HUB-CMH,standard,2025-09-15T11:28:00,2025-09-16T18:28:00,delivered,RTE-CMH-20250915-001
SHP-202508-000057,CLI-0201,HUB-CHI,standard,2025-08-23T07:06:00,2025-08-24T18:06:00,delivered,RTE-CHI-20250823-001
SHP-202506-000052,CLI-0042,HUB-IND,freight,2025-06-27T09:04:00,2025-06-29T17:04:00,delivered,
SHP-202506-000053,CLI-0155,HUB-CHI,expedited,2025-06-05T09:30:00,2025-06-06T13:30:00,delivered,RTE-CHI-20250605-001
SHP-202501-000058,CLI-0155,HUB-DET,expedited,2025-01-25T15:59:00,2025-01-26T23:59:00,delivered,RTE-DET-20250127-001
SHP-202503-000062,CLI-0169,HUB-CHI,standard,2025-03-06T17:02:00,2025-03-09T19:02:00,delivered,RTE-CHI-20250306-001
SHP-202512-000085,CLI-0155,HUB-CMH,standard,2025-12-14T19:14:00,2025-12-16T00:14:00,delivered,RTE-CMH-20251215-001
SHP-202511-000078,CLI-0042,HUB-IND,freight,2025-11-06T12:09:00,2025-11-10T17:09:00,delivered,
SHP-202507-000059,CLI-0155,HUB-IND,standard,2025-07-17T13:55:00,2025-07-20T00:55:00,delivered,RTE-IND-20250717-009
SHP-202505-000033,CLI-0201,HUB-DET,standard,2025-05-28T15:38:00,2025-05-30T19:38:00,delivered,RTE-DET-20250528-001
SHP-202502-000041,CLI-0155,HUB-DET,standard,2025-02-15T13:45:00,2025-02-17T16:45:00,delivered,RTE-DET-20250215-001
SHP-202505-000034,CLI-0042,HUB-IND,freight,2025-05-29T19:37:00,2025-06-02T22:37:00,delivered,
SHP-202511-000079,CLI-0007,HUB-IND,standard,2025-11-27T07:38:00,2025-12-01T16:38:00,delivered,RTE-IND-20251127-001
SHP-202511-000080,CLI-0007,HUB-IND,standard,2025-11-18T15:01:00,2025-11-21T00:01:00,delivered,RTE-IND-20251118-001
SHP-202511-000081,CLI-0169,HUB-CMH,standard,2025-11-22T14:40:00,2025-11-25T02:40:00,delivered,RTE-CMH-20251122-001
SHP-202511-000082,CLI-0007,HUB-CIN,expedited,2025-11-18T14:20:00,2025-11-20T00:20:00,delivered,RTE-CIN-20251118-002
SHP-202506-000055,CLI-0169,HUB-CMH,standard,2025-06-04T11:52:00,2025-06-06T19:52:00,delivered,RTE-CMH-20250604-001
SHP-202501-000062,CLI-0155,HUB-IND,standard,2025-01-09T13:56:00,2025-01-17T13:56:00,delayed,RTE-IND-20250109-002
SHP-202506-000056,CLI-0155,HUB-CMH,expedited,2025-06-25T07:14:00,2025-06-26T18:14:00,delivered,RTE-CMH-20250625-002
SHP-202503-000065,CLI-0155,HUB-CHI,standard,2025-03-14T07:27:00,2025-03-15T08:27:00,delivered,RTE-CHI-20250314-005
SHP-202508-000058,CLI-0007,HUB-CMH,expedited,2025-08-09T14:37:00,2025-08-10T15:37:00,delivered,RTE-CMH-20250809-001
SHP-202505-000036,CLI-0155,HUB-CMH,expedited,2025-05-10T18:07:00,2025-05-11T21:07:00,delivered,RTE-CMH-20250511-002
SHP-202504-000049,CLI-0042,HUB-CMH,freight,2025-04-05T08:54:00,2025-04-08T17:54:00,delivered,
SHP-202504-000050,CLI-0201,HUB-CMH,expedited,2025-04-20T11:07:00,2025-04-21T19:07:00,delivered,RTE-CMH-20250420-001
SHP-202503-000066,CLI-0169,HUB-IND,standard,2025-03-11T06:05:00,2025-03-12T12:05:00,delivered,RTE-IND-20250311-001
SHP-202505-000038,CLI-0155,HUB-DET,standard,2025-05-26T12:18:00,2025-06-02T12:18:00,delayed,RTE-DET-20250526-003
SHP-202506-000058,CLI-0201,HUB-CMH,standard,2025-06-23T12:46:00,2025-06-27T00:46:00,delivered,RTE-CMH-20250623-001
SHP-202511-000083,CLI-0169,HUB-DET,standard,2025-11-26T12:31:00,2025-11-29T00:31:00,delivered,RTE-DET-20251126-001
SHP-202508-000059,CLI-0155,HUB-DET,standard,2025-08-21T16:08:00,2025-08-22T17:08:00,delivered,RTE-DET-20250821-001
SHP-202509-000058,CLI-0169,HUB-CIN,standard,2025-09-16T18:02:00,2025-09-20T18:02:00,delayed,RTE-CIN-20250916-001
SHP-202507-000061,CLI-0201,HUB-DET,standard,2025-07-16T06:11:00,2025-07-19T17:11:00,delivered,RTE-DET-20250716-001
SHP-202505-000039,CLI-0201,HUB-CIN,standard,2025-05-15T18:18:00,2025-05-17T03:18:00,delivered,RTE-CIN-20250515-002
SHP-202501-000063,CLI-0169,HUB-IND,expedited,2025-01-24T15:01:00,2025-01-26T01:01:00,delivered,RTE-IND-20250124-001
SHP-202506-000059,CLI-0201,HUB-IND,expedited,2025-06-24T12:22:00,2025-06-25T15:22:00,delivered,RTE-IND-20250624-002
SHP-202505-000040,CLI-0155,HUB-CIN,standard,2025-05-07T17:04:00,2025-05-08T22:04:00,delivered,RTE-CIN-20250507-001
SHP-202503-000069,CLI-0169,HUB-CMH,standard,2025-03-28T19:27:00,2025-04-01T23:27:00,delivered,RTE-CMH-20250328-002
SHP-202511-000084,CLI-0201,HUB-CHI,standard,2025-11-11T19:50:00,2025-11-13T23:50:00,delivered,RTE-CHI-20251111-003
SHP-202510-000075,CLI-0169,HUB-IND,standard,2025-10-24T18:33:00,2025-10-26T23:33:00,delivered,RTE-IND-20251024-002
SHP-202502-000044,CLI-0155,HUB-CIN,expedited,2025-02-09T12:42:00,2025-02-10T15:42:00,delivered,RTE-CIN-20250209-003
SHP-202502-000045,CLI-0201,HUB-IND,expedited,2025-02-02T16:10:00,2025-02-04T01:10:00,delivered,RTE-IND-20250203-001
SHP-202505-000042,CLI-0007,HUB-CHI,standard,2025-05-01T09:51:00,2025-05-05T16:51:00,delivered,RTE-CHI-20250501-001
SHP-202508-000061,CLI-0042,HUB-CHI,freight,2025-08-05T08:17:00,2025-08-08T20:17:00,delivered,
SHP-202506-000060,CLI-0007,HUB-DET,expedited,2025-06-10T16:42:00,2025-06-11T22:42:00,delivered,RTE-DET-20250610-001
SHP-202509-000060,CLI-0007,HUB-CHI,standard,2025-09-26T18:51:00,2025-10-01T06:51:00,delivered,RTE-CHI-20250926-003
SHP-202501-000065,CLI-0169,HUB-CMH,standard,2025-01-29T12:30:00,2025-02-02T00:30:00,delivered,RTE-CMH-20250129-003
SHP-202503-000071,CLI-0169,HUB-IND,standard,2025-03-16T20:38:00,2025-03-18T07:38:00,delivered,RTE-IND-20250317-003
SHP-202507-000063,CLI-0201,HUB-IND,standard,2025-07-18T20:52:00,2025-07-21T23:52:00,delivered,RTE-IND-20250718-001
SHP-202511-000086,CLI-0201,HUB-CMH,standard,2025-11-20T07:52:00,2025-11-24T14:52:00,delivered,RTE-CMH-20251120-001
SHP-202512-000089,CLI-0007,HUB-IND,standard,2025-12-24T17:52:00,2025-12-28T00:52:00,delivered,RTE-IND-20251224-003
SHP-202512-000090,CLI-0042,HUB-CHI,freight,2025-12-22T16:28:00,2025-12-24T16:28:00,delivered,
SHP-202507-000064,CLI-0155,HUB-IND,standard,2025-07-25T07:10:00,2025-07-27T16:10:00,delivered,RTE-IND-20250725-003
SHP-202512-000091,CLI-0169,HUB-DET,standard,2025-12-18T17:08:00,2025-12-22T05:08:00,delivered,RTE-DET-20251218-004
SHP-202505-000044,CLI-0201,HUB-IND,standard,2025-05-25T20:24:00,2025-05-27T20:24:00,delivered,RTE-IND-20250526-001
SHP-202508-000062,CLI-0169,HUB-DET,standard,2025-08-29T17:24:00,2025-09-01T18:24:00,delivered,RTE-DET-20250831-001
SHP-202502-000046,CLI-0042,HUB-IND,freight,2025-02-18T20:15:00,2025-02-22T05:15:00,delivered,
SHP-202508-000063,CLI-0155,HUB-CIN,expedited,2025-08-09T20:16:00,2025-08-11T02:16:00,delivered,RTE-CIN-20250810-001
SHP-202509-000062,CLI-0169,HUB-CIN,standard,2025-09-11T13:07:00,2025-09-13T14:07:00,delivered,RTE-CIN-20250911-002
SHP-202506-000061,CLI-0155,HUB-CHI,expedited,2025-06-28T17:32:00,2025-06-30T02:32:00,delivered,RTE-CHI-20250630-001
SHP-202509-000063,CLI-0169,HUB-CMH,standard,2025-09-13T16:07:00,2025-09-14T21:07:00,delivered,RTE-CMH-20250914-001
SHP-202505-000046,CLI-0042,HUB-CMH,freight,2025-05-25T14:38:00,2025-05-29T18:38:00,delivered,
SHP-202504-000053,CLI-0201,HUB-CMH,standard,2025-04-02T09:10:00,2025-04-06T13:10:00,delivered,RTE-CMH-20250402-002
SHP-202511-000090,CLI-0007,HUB-IND,standard,2025-11-05T13:28:00,2025-11-09T17:28:00,delivered,RTE-IND-20251105-001
SHP-202510-000076,CLI-0007,HUB-DET,expedited,2025-10-16T15:11:00,2025-10-17T21:11:00,delivered,RTE-DET-20251016-001
SHP-202502-000047,CLI-0169,HUB-DET,standard,2025-02-17T16:43:00,2025-02-22T00:43:00,delivered,RTE-DET-20250218-001
SHP-202511-000091,CLI-0007,HUB-IND,standard,2025-11-19T07:58:00,2025-11-22T09:58:00,delivered,RTE-IND-20251119-002
SHP-202503-000075,CLI-0155,HUB-CHI,standard,2025-03-07T10:36:00,2025-03-08T10:36:00,delivered,RTE-CHI-20250307-001
SHP-202509-000064,CLI-0201,HUB-DET,standard,2025-09-20T16:46:00,2025-09-23T21:46:00,delivered,RTE-DET-20250921-001
SHP-202501-000067,CLI-0155,HUB-IND,standard,2025-01-24T13:48:00,2025-01-27T18:48:00,delivered,RTE-IND-20250124-002
SHP-202504-000054,CLI-0007,HUB-CIN,standard,2025-04-06T16:06:00,2025-04-07T16:06:00,delivered,RTE-CIN-20250407-001
SHP-202503-000077,CLI-0042,HUB-CMH,freight,2025-03-17T08:57:00,2025-03-21T15:57:00,delivered,
SHP-202506-000062,CLI-0201,HUB-DET,expedited,2025-06-20T17:37:00,2025-06-22T01:37:00,delivered,RTE-DET-20250622-001
SHP-202505-000048,CLI-0201,HUB-DET,standard,2025-05-29T17:39:00,2025-06-02T20:39:00,delivered,RTE-DET-20250529-001
SHP-202502-000048,CLI-0201,HUB-CIN,standard,2025-02-01T07:17:00,2025-02-05T14:17:00,delivered,RTE-CIN-20250201-001
SHP-202503-000078,CLI-0169,HUB-DET,standard,2025-03-01T06:10:00,2025-03-03T13:10:00,delivered,RTE-DET-20250303-003
SHP-202512-000095,CLI-0169,HUB-DET,expedited,2025-12-11T19:10:00,2025-12-12T23:10:00,delivered,RTE-DET-20251212-003
SHP-202511-000093,CLI-0007,HUB-CIN,standard,2025-11-09T07:10:00,2025-11-11T12:10:00,delivered,RTE-CIN-20251110-001
SHP-202508-000066,CLI-0042,HUB-CIN,freight,2025-08-15T07:05:00,2025-08-19T19:05:00,delivered,
SHP-202503-000081,CLI-0201,HUB-CMH,standard,2025-03-26T16:09:00,2025-03-28T02:09:00,delivered,RTE-CMH-20250326-001
SHP-202512-000100,CLI-0155,HUB-DET,standard,2025-12-05T16:44:00,2025-12-09T03:44:00,delivered,RTE-DET-20251207-001
SHP-202511-000095,CLI-0042,HUB-CIN,freight,2025-11-22T15:16:00,2025-11-26T02:16:00,delivered,
SHP-202502-000049,CLI-0169,HUB-IND,standard,2025-02-26T11:07:00,2025-02-27T18:07:00,delivered,RTE-IND-20250226-004
SHP-202506-000064,CLI-0042,HUB-DET,freight,2025-06-02T11:15:00,2025-06-04T16:15:00,delivered,
SHP-202509-000067,CLI-0169,HUB-DET,standard,2025-09-22T17:27:00,2025-09-23T18:27:00,delivered,RTE-DET-20250922-001
SHP-202510-000078,CLI-0201,HUB-IND,standard,2025-10-14T16:27:00,,failed,RTE-IND-20251014-001
SHP-202503-000083,CLI-0201,HUB-CMH,standard,2025-03-02T15:18:00,2025-03-04T16:18:00,delivered,RTE-CMH-20250302-001
SHP-202507-000068,CLI-0169,HUB-IND,standard,2025-07-10T06:50:00,2025-07-14T06:50:00,delivered,RTE-IND-20250710-003
SHP-202508-000067,CLI-0042,HUB-CIN,freight,2025-08-12T11:24:00,2025-08-13T12:24:00,delivered,
SHP-202503-000084,CLI-0169,HUB-CHI,standard,2025-03-28T06:19:00,2025-03-31T08:19:00,delivered,RTE-CHI-20250328-004
SHP-202505-000049,CLI-0007,HUB-CMH,standard,2025-05-13T18:38:00,2025-05-18T02:38:00,delivered,RTE-CMH-20250513-001
SHP-202509-000069,CLI-0007,HUB-IND,standard,2025-09-16T13:35:00,2025-09-20T13:35:00,delivered,RTE-IND-20250916-001
SHP-202507-000069,CLI-0042,HUB-IND,freight,2025-07-28T14:37:00,2025-07-31T02:37:00,delivered,
SHP-202509-000070,CLI-0042,HUB-CHI,freight,2025-09-01T12:35:00,2025-09-06T00:35:00,delivered,
SHP-202507-000071,CLI-0007,HUB-CIN,standard,2025-07-21T19:52:00,2025-07-23T00:52:00,delivered,RTE-CIN-20250721-002
SHP-202507-000072,CLI-0042,HUB-CMH,freight,2025-07-03T13:23:00,2025-07-07T13:23:00,delivered,
SHP-202505-000050,CLI-0169,HUB-CHI,standard,2025-05-24T15:40:00,2025-05-26T18:40:00,delivered,RTE-CHI-20250524-001
SHP-202510-000083,CLI-0007,HUB-CHI,standard,2025-10-29T15:54:00,2025-11-01T18:54:00,delivered,RTE-CHI-20251029-001
SHP-202512-000104,CLI-0042,HUB-IND,freight,2025-12-11T12:54:00,2025-12-13T12:54:00,delivered,
SHP-202509-000072,CLI-0042,HUB-DET,freight,2025-09-30T09:21:00,2025-10-01T20:21:00,delivered,
SHP-202505-000052,CLI-0169,HUB-IND,standard,2025-05-08T16:06:00,2025-05-13T04:06:00,delivered,RTE-IND-20250508-002
SHP-202501-000070,CLI-0169,HUB-IND,standard,2025-01-13T13:15:00,2025-01-17T13:15:00,delayed,RTE-IND-20250113-002
SHP-202508-000068,CLI-0007,HUB-CMH,expedited,2025-08-17T12:20:00,2025-08-18T23:20:00,delivered,RTE-CMH-20250817-001
SHP-202507-000073,CLI-0201,HUB-CHI,expedited,2025-07-25T18:42:00,2025-07-27T01:42:00,delivered,RTE-CHI-20250725-001
SHP-202507-000074,CLI-0201,HUB-CIN,standard,2025-07-16T11:41:00,2025-07-17T18:41:00,delivered,RTE-CIN-20250716-001
SHP-202503-000086,CLI-0155,HUB-IND,standard,2025-03-06T17:39:00,2025-03-08T19:39:00,delivered,RTE-IND-20250306-001
SHP-202501-000071,CLI-0155,HUB-CIN,standard,2025-01-23T16:48:00,2025-01-25T18:48:00,delivered,RTE-CIN-20250123-001
SHP-202508-000070,CLI-0169,HUB-IND,standard,2025-08-29T06:33:00,2025-08-31T06:33:00,delivered,RTE-IND-20250829-001
SHP-202505-000055,CLI-0042,HUB-CHI,freight,2025-05-06T19:16:00,2025-05-08T05:16:00,delivered,
SHP-202503-000087,CLI-0007,HUB-IND,expedited,2025-03-12T10:29:00,2025-03-13T22:29:00,delivered,RTE-IND-20250312-002
SHP-202504-000058,CLI-0169,HUB-IND,standard,2025-04-09T16:15:00,2025-04-12T00:15:00,delivered,RTE-IND-20250409-002
SHP-202506-000070,CLI-0155,HUB-CHI,expedited,2025-06-17T15:56:00,2025-06-19T02:56:00,delivered,RTE-CHI-20250618-002
SHP-202509-000074,CLI-0169,HUB-IND,standard,2025-09-23T13:45:00,2025-09-27T17:45:00,delivered,RTE-IND-20250923-002
SHP-202504-000059,CLI-0201,HUB-CIN,standard,2025-04-22T19:23:00,2025-04-23T21:23:00,delivered,RTE-CIN-20250422-001
SHP-202508-000071,CLI-0201,HUB-IND,expedited,2025-08-19T11:17:00,2025-08-20T13:17:00,delivered,RTE-IND-20250819-001
SHP-202508-000072,CLI-0007,HUB-IND,expedited,2025-08-15T10:53:00,2025-08-16T18:53:00,delivered,RTE-IND-20250815-001
SHP-202511-000101,CLI-0155,HUB-CHI,standard,2025-11-26T07:23:00,2025-11-28T12:23:00,delivered,RTE-CHI-20251126-001
SHP-202504-000060,CLI-0155,HUB-IND,expedited,2025-04-11T18:43:00,2025-04-12T21:43:00,delivered,RTE-IND-20250411-001
SHP-202512-000107,CLI-0169,HUB-CHI,standard,2025-12-04T16:48:00,2025-12-07T21:48:00,delivered,RTE-CHI-20251204-002
SHP-202510-000086,CLI-0042,HUB-CHI,freight,2025-10-28T08:21:00,2025-11-01T14:21:00,delivered,
SHP-202506-000071,CLI-0007,HUB-CIN,standard,2025-06-05T19:44:00,2025-06-06T21:44:00,delivered,RTE-CIN-20250605-002
SHP-202504-000061,CLI-0201,HUB-IND,standard,2025-04-12T10:42:00,2025-04-16T10:42:00,delivered,RTE-IND-20250413-001
SHP-202508-000074,CLI-0155,HUB-DET,standard,2025-08-22T18:54:00,2025-08-24T20:54:00,delivered,RTE-DET-20250822-002
SHP-202502-000056,CLI-0169,HUB-DET,standard,2025-02-23T10:13:00,2025-02-27T10:13:00,delivered,RTE-DET-20250223-002
SHP-202501-000073,CLI-0007,HUB-CHI,standard,2025-01-20T17:29:00,2025-01-21T18:29:00,delivered,RTE-CHI-20250120-001
SHP-202505-000057,CLI-0169,HUB-CHI,standard,2025-05-20T06:57:00,2025-05-22T13:57:00,delivered,RTE-CHI-20250520-002
SHP-202504-000062,CLI-0007,HUB-CHI,expedited,2025-04-09T07:51:00,2025-04-10T17:51:00,delivered,RTE-CHI-20250409-001
SHP-202501-000075,CLI-0007,HUB-IND,standard,2025-01-23T16:12:00,2025-01-27T22:12:00,delivered,RTE-IND-20250123-002
SHP-202503-000089,CLI-0007,HUB-IND,standard,2025-03-03T06:25:00,2025-03-04T12:25:00,delivered,RTE-IND-20250303-002
SHP-202504-000063,CLI-0007,HUB-IND,standard,2025-04-19T11:02:00,2025-04-21T17:02:00,delivered,RTE-IND-20250421-001
SHP-202501-000076,CLI-0007,HUB-IND,standard,2025-01-11T12:48:00,2025-01-12T12:48:00,delivered,RTE-IND-20250112-001
SHP-202503-000090,CLI-0155,HUB-CHI,standard,2025-03-12T09:41:00,2025-03-16T20:41:00,delivered,RTE-CHI-20250312-001
SHP-202506-000073,CLI-0169,HUB-CMH,standard,2025-06-18T12:41:00,2025-06-19T15:41:00,delivered,RTE-CMH-20250618-001
SHP-202509-000075,CLI-0201,HUB-DET,expedited,2025-09-04T18:58:00,2025-09-06T03:58:00,delivered,RTE-DET-20250904-001
SHP-202507-000079,CLI-0201,HUB-DET,expedited,2025-07-11T11:24:00,2025-07-12T21:24:00,delivered,RTE-DET-20250711-002
SHP-202510-000090,CLI-0042,HUB-CMH,freight,2025-10-29T12:59:00,2025-11-01T00:59:00,delivered,
SHP-202505-000059,CLI-0042,HUB-IND,freight,2025-05-07T16:45:00,2025-05-09T20:45:00,delivered,
SHP-202502-000059,CLI-0201,HUB-DET,expedited,2025-02-17T20:05:00,2025-02-18T23:05:00,delivered,RTE-DET-20250218-003
SHP-202508-000075,CLI-0201,HUB-IND,standard,2025-08-05T14:34:00,2025-08-09T23:34:00,delivered,RTE-IND-20250805-004
SHP-202507-000080,CLI-0042,HUB-CHI,freight,2025-07-23T19:31:00,2025-07-25T07:31:00,delivered,
SHP-202512-000113,CLI-0201,HUB-IND,expedited,2025-12-23T08:11:00,2025-12-24T19:11:00,delivered,RTE-IND-20251223-001
SHP-202503-000093,CLI-0007,HUB-DET,standard,2025-03-27T07:21:00,2025-03-29T14:21:00,delivered,RTE-DET-20250327-001
SHP-202509-000076,CLI-0007,HUB-CMH,standard,2025-09-06T18:00:00,2025-09-07T19:00:00,delivered,RTE-CMH-20250906-001
SHP-202504-000065,CLI-0042,HUB-DET,freight,2025-04-19T15:33:00,2025-04-22T22:33:00,delivered,
SHP-202511-000106,CLI-0169,HUB-IND,expedited,2025-11-06T19:15:00,2025-11-08T05:15:00,delivered,RTE-IND-20251106-001
SHP-202507-000081,CLI-0042,HUB-IND,freight,2025-07-24T19:21:00,2025-07-26T02:21:00,delivered,
SHP-202511-000107,CLI-0042,HUB-IND,freight,2025-11-21T16:28:00,2025-11-25T22:28:00,delivered,
SHP-202511-000108,CLI-0169,HUB-DET,expedited,2025-11-10T20:30:00,2025-11-19T20:30:00,delayed,RTE-DET-20251110-002
SHP-202502-000061,CLI-0155,HUB-CIN,standard,2025-02-21T08:55:00,2025-02-22T10:55:00,delivered,RTE-CIN-20250223-001
SHP-202512-000115,CLI-0007,HUB-DET,expedited,2025-12-04T06:10:00,2025-12-05T11:10:00,delivered,RTE-DET-20251204-002
SHP-202512-000116,CLI-0007,HUB-CHI,expedited,2025-12-07T16:46:00,2025-12-09T04:46:00,delivered,RTE-CHI-20251207-001
SHP-202507-000083,CLI-0042,HUB-IND,freight,2025-07-14T06:37:00,2025-07-18T12:37:00,delivered,
SHP-202508-000078,CLI-0155,HUB-CHI,standard,2025-08-24T13:09:00,2025-08-27T00:09:00,delivered,RTE-CHI-20250825-002
SHP-202512-000119,CLI-0042,HUB-CIN,freight,2025-12-07T11:19:00,2025-12-08T15:19:00,delivered,
SHP-202511-000110,CLI-0201,HUB-CMH,expedited,2025-11-02T19:52:00,2025-11-03T23:52:00,delivered,RTE-CMH-20251102-001
SHP-202511-000111,CLI-0169,HUB-CMH,standard,2025-11-20T07:07:00,2025-11-22T07:07:00,delivered,RTE-CMH-20251120-001
SHP-202510-000093,CLI-0007,HUB-CHI,expedited,2025-10-03T20:07:00,2025-10-05T05:07:00,delivered,RTE-CHI-20251003-001
SHP-202510-000094,CLI-0007,HUB-CMH,standard,2025-10-03T09:09:00,2025-10-05T11:09:00,delivered,RTE-CMH-20251003-001
SHP-202504-000066,CLI-0155,HUB-CHI,expedited,2025-04-15T15:42:00,2025-04-16T23:42:00,delivered,RTE-CHI-20250415-003
SHP-202505-000061,CLI-0007,HUB-CIN,standard,2025-05-07T14:26:00,2025-05-08T19:26:00,delivered,RTE-CIN-20250507-001
SHP-202504-000067,CLI-0007,HUB-DET,expedited,2025-04-26T09:24:00,2025-04-27T21:24:00,delivered,RTE-DET-20250428-002
SHP-202503-000095,CLI-0155,HUB-CIN,expedited,2025-03-05T13:06:00,2025-03-07T00:06:00,delivered,RTE-CIN-20250307-002
SHP-202510-000095,CLI-0007,HUB-CMH,standard,2025-10-10T18:24:00,2025-10-15T01:24:00,delivered,RTE-CMH-20251010-003
SHP-202510-000096,CLI-0042,HUB-CIN,freight,2025-10-31T17:09:00,2025-11-02T23:09:00,delivered,
SHP-202508-000079,CLI-0155,HUB-DET,standard,2025-08-28T17:56:00,2025-08-30T21:56:00,delivered,RTE-DET-20250828-004
SHP-202511-000115,CLI-0155,HUB-DET,expedited,2025-11-22T19:05:00,2025-11-23T20:05:00,delivered,RTE-DET-20251122-001
SHP-202503-000096,CLI-0007,HUB-IND,standard,2025-03-26T13:51:00,2025-03-30T23:51:00,delivered,RTE-IND-20250326-002
SHP-202508-000080,CLI-0169,HUB-CHI,expedited,2025-08-06T16:58:00,2025-08-08T00:58:00,delivered,RTE-CHI-20250807-001
SHP-202504-000068,CLI-0169,HUB-CHI,standard,2025-04-26T06:27:00,2025-04-28T11:27:00,delivered,RTE-CHI-20250428-002
SHP-202511-000116,CLI-0042,HUB-DET,freight,2025-11-26T20:39:00,2025-11-28T01:39:00,delivered,
SHP-202501-000077,CLI-0169,HUB-IND,standard,2025-01-04T06:22:00,2025-01-06T12:22:00,delivered,RTE-IND-20250104-001
SHP-202507-000087,CLI-0201,HUB-DET,standard,2025-07-01T14:32:00,2025-07-05T15:32:00,delivered,RTE-DET-20250701-002
SHP-202509-000078,CLI-0155,HUB-CHI,standard,2025-09-07T11:19:00,2025-09-09T19:19:00,delivered,RTE-CHI-20250907-002
SHP-202512-000127,CLI-0169,HUB-DET,standard,2025-12-16T20:47:00,2025-12-20T22:47:00,delivered,RTE-DET-20251216-001
SHP-202501-000078,CLI-0169,HUB-CIN,standard,2025-01-11T16:15:00,2025-01-14T22:15:00,delivered,RTE-CIN-20250111-002
SHP-202511-000117,CLI-0201,HUB-DET,standard,2025-11-02T13:05:00,2025-11-04T22:05:00,delivered,RTE-DET-20251103-001
SHP-202504-000069,CLI-0007,HUB-IND,expedited,2025-04-06T09:42:00,2025-04-07T12:42:00,delivered,RTE-IND-20250406-002
SHP-202508-000081,CLI-0007,HUB-CIN,standard,2025-08-31T09:54:00,2025-09-02T12:54:00,delivered,RTE-CIN-20250901-002
SHP-202503-000099,CLI-0042,HUB-IND,freight,2025-03-03T09:59:00,2025-03-04T18:59:00,delivered,
SHP-202504-000070,CLI-0042,HUB-DET,freight,2025-04-13T12:33:00,2025-04-15T15:33:00,delivered,
SHP-202506-000081,CLI-0042,HUB-CIN,freight,2025-06-22T12:41:00,2025-06-23T16:41:00,delivered,
SHP-202507-000088,CLI-0169,HUB-DET,standard,2025-07-06T20:03:00,2025-07-07T20:03:00,delivered,RTE-DET-20250706-001
SHP-202503-000100,CLI-0169,HUB-CIN,standard,2025-03-08T11:15:00,2025-03-10T20:15:00,delivered,RTE-CIN-20250309-001
SHP-202507-000089,CLI-0007,HUB-CHI,standard,2025-07-16T15:07:00,2025-07-18T18:07:00,delivered,RTE-CHI-20250716-001
SHP-202512-000129,CLI-0007,HUB-CMH,expedited,2025-12-27T15:21:00,2025-12-28T22:21:00,delivered,RTE-CMH-20251227-001
SHP-202508-000082,CLI-0007,HUB-DET,standard,2025-08-18T12:33:00,2025-08-19T14:33:00,delivered,RTE-DET-20250818-002
SHP-202511-000119,CLI-0169,HUB-CMH,expedited,2025-11-06T20:35:00,2025-11-07T22:35:00,delivered,RTE-CMH-20251106-001
SHP-202505-000063,CLI-0042,HUB-CMH,freight,2025-05-31T19:22:00,2025-06-03T21:22:00,delivered,
SHP-202511-000121,CLI-0201,HUB-CHI,standard,2025-11-19T17:46:00,2025-11-22T00:46:00,delivered,RTE-CHI-20251119-001
SHP-202504-000074,CLI-0042,HUB-IND,freight,2025-04-03T08:56:00,2025-04-07T18:56:00,delivered,
SHP-202509-000080,CLI-0042,HUB-CIN,freight,2025-09-27T07:24:00,2025-09-28T07:24:00,delivered,
SHP-202502-000066,CLI-0169,HUB-CMH,standard,2025-02-24T13:48:00,2025-02-28T15:48:00,delivered,RTE-CMH-20250224-001
SHP-202501-000080,CLI-0155,HUB-CMH,standard,2025-01-23T19:26:00,2025-01-25T19:26:00,delivered,RTE-CMH-20250123-003
SHP-202502-000067,CLI-0007,HUB-CHI,standard,2025-02-27T10:22:00,2025-03-02T11:22:00,delivered,RTE-CHI-20250227-003
SHP-202511-000124,CLI-0201,HUB-CIN,standard,2025-11-06T08:43:00,2025-11-09T17:43:00,delivered,RTE-CIN-20251106-001
SHP-202505-000064,CLI-0007,HUB-IND,expedited,2025-05-27T16:23:00,2025-05-29T04:23:00,delivered,RTE-IND-20250527-001
SHP-202512-000130,CLI-0042,HUB-CHI,freight,2025-12-31T18:41:00,2026-01-03T00:41:00,delivered,
SHP-202502-000068,CLI-0155,HUB-CHI,standard,2025-02-27T08:11:00,2025-03-02T13:11:00,delivered,RTE-CHI-20250227-003
SHP-202509-000081,CLI-0201,HUB-CIN,expedited,2025-09-11T11:08:00,2025-09-12T21:08:00,delivered,RTE-CIN-20250911-003
SHP-202502-000069,CLI-0201,HUB-CIN,standard,2025-02-12T17:51:00,2025-02-13T20:51:00,delivered,RTE-CIN-20250212-001
SHP-202507-000092,CLI-0042,HUB-IND,freight,2025-07-05T14:30:00,2025-07-06T14:30:00,delivered,
SHP-202501-000081,CLI-0007,HUB-CHI,standard,2025-01-29T06:44:00,2025-02-01T06:44:00,delivered,RTE-CHI-20250129-001
SHP-202503-000101,CLI-0007,HUB-CMH,standard,2025-03-14T19:26:00,2025-03-17T02:26:00,delivered,RTE-CMH-20250314-003
SHP-202502-000070,CLI-0042,HUB-CIN,freight,2025-02-26T18:11:00,2025-02-28T00:11:00,delivered,
SHP-202504-000077,CLI-0042,HUB-CHI,freight,2025-04-19T12:11:00,2025-04-20T23:11:00,delivered,
SHP-202508-000084,CLI-0201,HUB-DET,standard,2025-08-28T18:23:00,2025-08-30T22:23:00,delivered,RTE-DET-20250828-002
SHP-202502-000071,CLI-0169,HUB-CIN,expedited,2025-02-25T11:01:00,2025-02-26T13:01:00,delivered,RTE-CIN-20250225-001
SHP-202504-000078,CLI-0042,HUB-CHI,freight,2025-04-14T10:05:00,2025-04-15T19:05:00,delivered,
SHP-202509-000082,CLI-0169,HUB-CMH,expedited,2025-09-05T06:22:00,2025-09-06T12:22:00,delivered,RTE-CMH-20250905-002
SHP-202509-000083,CLI-0201,HUB-IND,expedited,2025-09-14T17:43:00,2025-09-15T23:43:00,delivered,RTE-IND-20250914-001
SHP-202503-000103,CLI-0169,HUB-CIN,expedited,2025-03-09T12:02:00,2025-03-11T00:02:00,delivered,RTE-CIN-20250309-001
SHP-202511-000125,CLI-0007,HUB-CMH,standard,2025-11-18T19:19:00,2025-11-20T02:19:00,delivered,RTE-CMH-20251118-001
SHP-202510-000099,CLI-0169,HUB-IND,standard,2025-10-19T19:39:00,2025-10-22T02:39:00,delivered,RTE-IND-20251020-001
SHP-202501-000082,CLI-0042,HUB-CHI,freight,2025-01-22T17:52:00,2025-01-24T18:52:00,delivered,
SHP-202504-000080,CLI-0007,HUB-IND,standard,2025-04-13T15:31:00,2025-04-17T16:31:00,delivered,RTE-IND-20250413-001
SHP-202507-000094,CLI-0169,HUB-DET,expedited,2025-07-14T09:03:00,2025-07-15T09:03:00,delivered,RTE-DET-20250715-001
SHP-202512-000135,CLI-0155,HUB-CHI,standard,2025-12-17T07:17:00,2025-12-20T18:17:00,delivered,RTE-CHI-20251218-005
SHP-202509-000085,CLI-0155,HUB-CHI,expedited,2025-09-26T07:57:00,2025-09-27T12:57:00,delivered,RTE-CHI-20250926-003
SHP-202506-000084,CLI-0169,HUB-DET,standard,2025-06-02T14:44:00,2025-06-06T19:44:00,delivered,RTE-DET-20250602-002
SHP-202512-000136,CLI-0042,HUB-CIN,freight,2025-12-21T18:57:00,2025-12-23T05:57:00,delivered,
SHP-202503-000104,CLI-0169,HUB-CMH,expedited,2025-03-17T16:26:00,2025-03-19T03:26:00,delivered,RTE-CMH-20250317-001
SHP-202501-000083,CLI-0155,HUB-CIN,expedited,2025-01-09T07:44:00,2025-01-10T14:44:00,delivered,RTE-CIN-20250109-001
SHP-202507-000096,CLI-0169,HUB-CIN,standard,2025-07-31T18:21:00,2025-08-03T01:21:00,delivered,RTE-CIN-20250731-004
SHP-202505-000068,CLI-0007,HUB-CMH,expedited,2025-05-26T07:05:00,2025-05-27T16:05:00,delivered,RTE-CMH-20250526-002
SHP-202508-000086,CLI-0201,HUB-CMH,expedited,2025-08-26T18:14:00,2025-08-27T22:14:00,delivered,RTE-CMH-20250826-002
SHP-202512-000138,CLI-0201,HUB-CHI,standard,2025-12-04T20:26:00,2025-12-05T22:26:00,delivered,RTE-CHI-20251204-002
SHP-202511-000127,CLI-0042,HUB-CIN,freight,2025-11-12T12:08:00,2025-11-16T23:08:00,delivered,
SHP-202503-000106,CLI-0169,HUB-CIN,standard,2025-03-30T09:06:00,2025-04-01T17:06:00,delivered,RTE-CIN-20250330-001
SHP-202503-000107,CLI-0201,HUB-IND,expedited,2025-03-02T08:20:00,2025-03-03T09:20:00,delivered,RTE-IND-20250302-001
SHP-202502-000074,CLI-0169,HUB-CHI,standard,2025-02-17T13:50:00,2025-02-18T20:50:00,delivered,RTE-CHI-20250217-001
SHP-202511-000128,CLI-0201,HUB-DET,expedited,2025-11-17T16:58:00,2025-11-18T18:58:00,delivered,RTE-DET-20251117-002
SHP-202509-000086,CLI-0201,HUB-CHI,standard,2025-09-11T09:43:00,2025-09-14T15:43:00,delivered,RTE-CHI-20250911-001
SHP-202511-000130,CLI-0169,HUB-CIN,standard,2025-11-02T12:27:00,2025-11-05T17:27:00,delivered,RTE-CIN-20251102-001
SHP-202504-000084,CLI-0007,HUB-CHI,standard,2025-04-06T11:09:00,2025-04-07T11:09:00,delivered,RTE-CHI-20250407-003
SHP-202506-000085,CLI-0169,HUB-CHI,standard,2025-06-13T18:20:00,2025-06-15T00:20:00,delivered,RTE-CHI-20250613-001
SHP-202511-000132,CLI-0201,HUB-IND,expedited,2025-11-27T09:12:00,2025-11-28T16:12:00,delivered,RTE-IND-20251127-002
SHP-202509-000087,CLI-0155,HUB-DET,standard,2025-09-13T13:10:00,2025-09-17T16:10:00,delivered,RTE-DET-20250913-001
SHP-202510-000102,CLI-0042,HUB-CIN,freight,2025-10-23T06:58:00,2025-10-25T12:58:00,delivered,
SHP-202509-000088,CLI-0042,HUB-CMH,freight,2025-09-28T13:06:00,2025-10-03T00:06:00,delivered,
SHP-202506-000086,CLI-0169,HUB-DET,standard,2025-06-04T18:20:00,2025-06-06T00:20:00,delivered,RTE-DET-20250605-001
SHP-202508-000087,CLI-0007,HUB-CHI,expedited,2025-08-12T18:23:00,2025-08-14T02:23:00,delivered,RTE-CHI-20250812-001
SHP-202501-000085,CLI-0042,HUB-CMH,freight,2025-01-27T06:19:00,2025-01-30T17:19:00,delivered,
SHP-202511-000134,CLI-0201,HUB-IND,standard,2025-11-10T20:08:00,2025-11-11T22:08:00,delivered,RTE-IND-20251110-001
SHP-202507-000099,CLI-0007,HUB-CIN,standard,2025-07-31T15:30:00,2025-08-03T20:30:00,delivered,RTE-CIN-20250731-003
SHP-202509-000089,CLI-0155,HUB-IND,expedited,2025-09-05T11:35:00,2025-09-06T14:35:00,delivered,RTE-IND-20250905-001
SHP-202504-000085,CLI-0201,HUB-CHI,standard,2025-04-21T11:13:00,2025-04-24T23:13:00,delivered,RTE-CHI-20250421-001
SHP-202511-000135,CLI-0201,HUB-CHI,standard,2025-11-14T12:10:00,2025-11-15T14:10:00,delivered,RTE-CHI-20251114-001
SHP-202506-000089,CLI-0155,HUB-IND,standard,2025-06-20T16:24:00,2025-06-24T19:24:00,delivered,RTE-IND-20250620-001
SHP-202501-000086,CLI-0007,HUB-CHI,standard,2025-01-26T20:02:00,2025-01-28T21:02:00,delivered,RTE-CHI-20250126-001
SHP-202511-000136,CLI-0042,HUB-CMH,freight,2025-11-02T08:32:00,2025-11-06T19:32:00,delivered,
SHP-202512-000141,CLI-0169,HUB-CMH,standard,2025-12-19T11:57:00,2025-12-20T21:57:00,delivered,RTE-CMH-20251219-002
SHP-202508-000088,CLI-0042,HUB-CHI,freight,2025-08-31T10:56:00,2025-09-01T19:56:00,delivered,
SHP-202505-000072,CLI-0155,HUB-IND,standard,2025-05-12T19:22:00,2025-05-16T03:22:00,delivered,RTE-IND-20250512-002
SHP-202512-000143,CLI-0169,HUB-DET,standard,2025-12-04T15:47:00,2025-12-08T20:47:00,delivered,RTE-DET-20251204-001
SHP-202507-000100,CLI-0155,HUB-CIN,expedited,2025-07-13T13:56:00,2025-07-14T17:56:00,delivered,RTE-CIN-20250714-001
SHP-202512-000144,CLI-0169,HUB-DET,standard,2025-12-14T10:19:00,2025-12-17T19:19:00,delivered,RTE-DET-20251214-002
SHP-202509-000092,CLI-0155,HUB-CMH,standard,2025-09-07T09:18:00,2025-09-08T09:18:00,delivered,RTE-CMH-20250907-001
SHP-202509-000093,CLI-0201,HUB-IND,standard,2025-09-08T06:03:00,2025-09-11T10:03:00,delivered,RTE-IND-20250908-001
SHP-202504-000086,CLI-0007,HUB-IND,standard,2025-04-11T13:59:00,2025-04-15T19:59:00,delivered,RTE-IND-20250411-005
SHP-202504-000087,CLI-0201,HUB-CIN,standard,2025-04-13T10:05:00,2025-04-17T18:05:00,delivered,RTE-CIN-20250413-001
SHP-202504-000088,CLI-0201,HUB-CMH,standard,2025-04-04T13:44:00,2025-04-07T20:44:00,delivered,RTE-CMH-20250407-001
SHP-202507-000101,CLI-0201,HUB-DET,standard,2025-07-01T20:35:00,2025-07-05T21:35:00,delivered,RTE-DET-20250701-002
SHP-202503-000112,CLI-0155,HUB-CHI,standard,2025-03-13T11:08:00,2025-03-16T11:08:00,delivered,RTE-CHI-20250313-005
SHP-202507-000102,CLI-0042,HUB-DET,freight,2025-07-21T18:48:00,2025-07-25T18:48:00,delivered,
SHP-202502-000077,CLI-0007,HUB-IND,standard,2025-02-13T19:18:00,2025-02-16T19:18:00,delivered,RTE-IND-20250213-002
SHP-202512-000145,CLI-0042,HUB-CHI,freight,2025-12-12T14:09:00,2025-12-16T16:09:00,delivered,
SHP-202511-000137,CLI-0155,HUB-IND,expedited,2025-11-24T20:00:00,2025-11-26T05:00:00,delivered,RTE-IND-20251124-001
SHP-202512-000146,CLI-0007,HUB-CMH,standard,2025-12-19T20:07:00,2025-12-21T23:07:00,delivered,RTE-CMH-20251219-001
SHP-202509-000095,CLI-0007,HUB-CIN,standard,2025-09-03T16:17:00,2025-09-04T23:17:00,delivered,RTE-CIN-20250903-002
SHP-202512-000147,CLI-0201,HUB-CMH,expedited,2025-12-04T16:30:00,2025-12-05T23:30:00,delivered,RTE-CMH-20251204-003
SHP-202506-000091,CLI-0201,HUB-CMH,standard,2025-06-28T19:46:00,2025-06-30T05:46:00,delivered,RTE-CMH-20250630-001
SHP-202505-000074,CLI-0007,HUB-DET,expedited,2025-05-09T15:40:00,2025-05-10T17:40:00,delivered,RTE-DET-20250509-002
SHP-202505-000075,CLI-0155,HUB-CHI,standard,2025-05-10T08:27:00,2025-05-12T09:27:00,delivered,RTE-CHI-20250510-001
SHP-202510-000105,CLI-0007,HUB-CHI,standard,2025-10-26T08:57:00,2025-10-30T17:57:00,delivered,RTE-CHI-20251027-002
SHP-202509-000096,CLI-0007,HUB-DET,standard,2025-09-22T15:34:00,2025-09-24T19:34:00,delivered,RTE-DET-20250922-001
SHP-202505-000076,CLI-0169,HUB-CMH,expedited,2025-05-09T08:18:00,2025-05-10T17:18:00,delivered,RTE-CMH-20250509-001
SHP-202511-000141,CLI-0201,HUB-CIN,standard,2025-11-09T17:57:00,2025-11-13T21:57:00,delivered,RTE-CIN-20251110-002
SHP-202512-000148,CLI-0169,HUB-DET,standard,2025-12-01T11:56:00,2025-12-03T14:56:00,delivered,RTE-DET-20251201-001
SHP-202512-000149,CLI-0042,HUB-CHI,freight,2025-12-06T13:04:00,2025-12-07T18:04:00,delivered,
SHP-202511-000142,CLI-0007,HUB-CIN,standard,2025-11-03T08:17:00,2025-11-04T08:17:00,delivered,RTE-CIN-20251103-003
SHP-202509-000097,CLI-0169,HUB-DET,standard,2025-09-12T18:54:00,2025-09-14T18:54:00,delivered,RTE-DET-20250912-001
SHP-202509-000098,CLI-0201,HUB-CHI,standard,2025-09-04T12:35:00,2025-09-08T13:35:00,delivered,RTE-CHI-20250904-002
SHP-202511-000143,CLI-0169,HUB-IND,standard,2025-11-12T12:58:00,2025-11-14T13:58:00,delivered,RTE-IND-20251112-004
SHP-202510-000106,CLI-0201,HUB-CIN,standard,2025-10-29T18:00:00,2025-10-31T18:00:00,delivered,RTE-CIN-20251029-001
SHP-202512-000150,CLI-0169,HUB-CHI,standard,2025-12-28T10:23:00,2025-12-31T20:23:00,delivered,RTE-CHI-20251228-001
SHP-202505-000077,CLI-0155,HUB-IND,standard,2025-05-06T14:06:00,2025-05-11T01:06:00,delivered,RTE-IND-20250506-002
SHP-202511-000144,CLI-0007,HUB-CHI,expedited,2025-11-15T19:33:00,2025-11-17T06:33:00,delivered,RTE-CHI-20251117-002
SHP-202510-000107,CLI-0169,HUB-CHI,standard,2025-10-11T09:44:00,2025-10-15T10:44:00,delivered,RTE-CHI-20251011-001
SHP-202501-000089,CLI-0042,HUB-IND,freight,2025-01-11T10:37:00,2025-01-12T10:37:00,delivered,
SHP-202507-000103,CLI-0201,HUB-DET,standard,2025-07-16T09:13:00,2025-07-20T17:13:00,delivered,RTE-DET-20250716-002
SHP-202501-000090,CLI-0042,HUB-CIN,freight,2025-01-27T18:22:00,2025-01-30T22:22:00,delivered,
SHP-202510-000108,CLI-0042,HUB-IND,freight,2025-10-30T17:53:00,2025-11-04T05:53:00,delivered,
SHP-202510-000109,CLI-0155,HUB-CIN,standard,2025-10-11T15:46:00,2025-10-14T17:46:00,delivered,RTE-CIN-20251013-003
SHP-202506-000094,CLI-0201,HUB-CMH,standard,2025-06-01T11:17:00,2025-06-02T12:17:00,delivered,RTE-CMH-20250602-004
SHP-202506-000095,CLI-0169,HUB-IND,expedited,2025-06-07T13:29:00,2025-06-08T13:29:00,delivered,RTE-IND-20250607-001
SHP-202508-000090,CLI-0169,HUB-DET,standard,2025-08-27T14:13:00,2025-08-28T18:13:00,delivered,RTE-DET-20250827-002
SHP-202511-000145,CLI-0007,HUB-DET,standard,2025-11-09T18:50:00,2025-11-13T20:50:00,delivered,RTE-DET-20251110-002
SHP-202506-000096,CLI-0042,HUB-CIN,freight,2025-06-30T09:22:00,2025-07-04T10:22:00,delivered,
SHP-202511-000146,CLI-0155,HUB-CHI,standard,2025-11-25T15:50:00,2025-11-30T01:50:00,delivered,RTE-CHI-20251125-006
SHP-202507-000105,CLI-0155,HUB-CIN,standard,2025-07-11T11:02:00,2025-07-13T20:02:00,delivered,RTE-CIN-20250711-001
SHP-202506-000097,CLI-0169,HUB-CHI,standard,2025-06-18T17:07:00,2025-06-23T04:07:00,delivered,RTE-CHI-20250618-001
SHP-202507-000106,CLI-0169,HUB-CIN,standard,2025-07-29T20:23:00,2025-08-01T03:23:00,delivered,RTE-CIN-20250729-002
SHP-202506-000098,CLI-0007,HUB-DET,standard,2025-06-24T08:36:00,2025-06-26T10:36:00,delivered,RTE-DET-20250624-003
SHP-202508-000092,CLI-0007,HUB-DET,standard,2025-08-21T14:45:00,2025-08-22T16:45:00,delivered,RTE-DET-20250821-001
SHP-202501-000094,CLI-0007,HUB-CHI,standard,2025-01-13T14:58:00,2025-01-17T19:58:00,delivered,RTE-CHI-20250113-001
SHP-202510-000112,CLI-0007,HUB-CMH,standard,2025-10-30T20:22:00,2025-11-04T06:22:00,delivered,RTE-CMH-20251030-003
SHP-202501-000095,CLI-0169,HUB-DET,standard,2025-01-04T13:11:00,2025-01-08T01:11:00,delivered,RTE-DET-20250106-002
SHP-202512-000151,CLI-0007,HUB-CHI,standard,2025-12-08T14:48:00,2025-12-09T22:48:00,delivered,RTE-CHI-20251208-002
SHP-202501-000096,CLI-0042,HUB-IND,freight,2025-01-04T09:18:00,2025-01-08T20:18:00,delivered,
SHP-202508-000096,CLI-0007,HUB-CHI,expedited,2025-08-10T17:42:00,2025-08-11T22:42:00,delivered,RTE-CHI-20250810-001
SHP-202511-000147,CLI-0007,HUB-IND,expedited,2025-11-19T06:27:00,2025-11-20T17:27:00,delivered,RTE-IND-20251119-002
SHP-202504-000090,CLI-0155,HUB-DET,standard,2025-04-23T19:11:00,2025-04-26T21:11:00,delivered,RTE-DET-20250423-003
SHP-202504-000091,CLI-0007,HUB-CIN,expedited,2025-04-12T17:13:00,2025-04-13T18:13:00,delivered,RTE-CIN-20250412-002
SHP-202510-000113,CLI-0169,HUB-DET,standard,2025-10-26T08:56:00,2025-10-28T12:56:00,delivered,RTE-DET-20251027-001
SHP-202512-000152,CLI-0201,HUB-CIN,standard,2025-12-09T13:18:00,2025-12-11T01:18:00,delivered,RTE-CIN-20251209-001
SHP-202506-000100,CLI-0169,HUB-DET,expedited,2025-06-13T18:56:00,2025-06-15T06:56:00,delivered,RTE-DET-20250613-005
SHP-202505-000079,CLI-0201,HUB-DET,expedited,2025-05-14T12:25:00,2025-05-15T12:25:00,delivered,RTE-DET-20250514-001
SHP-202511-000148,CLI-0042,HUB-DET,freight,2025-11-06T07:49:00,2025-11-09T19:49:00,delivered,
SHP-202510-000114,CLI-0042,HUB-CIN,freight,2025-10-11T09:23:00,2025-10-13T17:23:00,delivered,
SHP-202509-000104,CLI-0201,HUB-DET,standard,2025-09-27T10:19:00,2025-09-29T10:19:00,delivered,RTE-DET-20250927-001
SHP-202508-000098,CLI-0042,HUB-IND,freight,2025-08-06T10:29:00,2025-08-09T20:29:00,delivered,
SHP-202510-000115,CLI-0155,HUB-DET,standard,2025-10-23T12:35:00,2025-10-26T23:35:00,delivered,RTE-DET-20251024-003
SHP-202510-000116,CLI-0201,HUB-CMH,expedited,2025-10-01T17:25:00,2025-10-03T05:25:00,delivered,RTE-CMH-20251001-001
SHP-202508-000099,CLI-0042,HUB-DET,freight,2025-08-20T18:14:00,2025-08-25T03:14:00,delivered,
SHP-202502-000084,CLI-0169,HUB-CHI,expedited,2025-02-25T07:06:00,2025-02-26T10:06:00,delivered,RTE-CHI-20250225-001
SHP-202509-000105,CLI-0007,HUB-CHI,standard,2025-09-08T19:30:00,2025-09-10T19:30:00,delivered,RTE-CHI-20250908-003
SHP-202509-000106,CLI-0155,HUB-IND,expedited,2025-09-10T06:20:00,2025-09-11T15:20:00,delivered,RTE-IND-20250910-001
SHP-202509-000107,CLI-0007,HUB-CMH,standard,2025-09-05T07:24:00,2025-09-06T09:24:00,delivered,RTE-CMH-20250905-001
SHP-202503-000116,CLI-0007,HUB-CMH,expedited,2025-03-27T13:10:00,2025-03-28T21:10:00,delivered,RTE-CMH-20250327-001
SHP-202512-000153,CLI-0169,HUB-CIN,expedited,2025-12-13T15:41:00,2025-12-14T19:41:00,delivered,RTE-CIN-20251213-002
SHP-202505-000082,CLI-0201,HUB-CIN,expedited,2025-05-21T11:39:00,2025-05-22T15:39:00,delivered,RTE-CIN-20250521-003
SHP-202504-000094,CLI-0007,HUB-CHI,expedited,2025-04-02T15:41:00,2025-04-03T20:41:00,delivered,RTE-CHI-20250402-001
SHP-202510-000119,CLI-0201,HUB-DET,standard,2025-10-14T19:33:00,2025-10-16T04:33:00,delivered,RTE-DET-20251014-004
SHP-202511-000151,CLI-0155,HUB-DET,standard,2025-11-07T17:45:00,2025-11-09T02:45:00,delivered,RTE-DET-20251108-001
SHP-202503-000119,CLI-0042,HUB-IND,freight,2025-03-03T07:54:00,2025-03-05T17:54:00,delivered,
SHP-202511-000153,CLI-0169,HUB-IND,expedited,2025-11-11T08:57:00,2025-11-20T08:57:00,delayed,RTE-IND-20251111-003
SHP-202507-000108,CLI-0201,HUB-DET,expedited,2025-07-07T16:03:00,2025-07-09T04:03:00,delivered,RTE-DET-20250707-001
SHP-202509-000110,CLI-0155,HUB-CMH,standard,2025-09-14T06:17:00,2025-09-18T08:17:00,delivered,RTE-CMH-20250914-001
SHP-202511-000154,CLI-0042,HUB-IND,freight,2025-11-22T10:35:00,2025-11-25T17:35:00,delivered,
SHP-202506-000101,CLI-0042,HUB-CHI,freight,2025-06-12T18:00:00,2025-06-16T01:00:00,delivered,
SHP-202505-000084,CLI-0169,HUB-DET,standard,2025-05-23T09:17:00,2025-05-25T13:17:00,delivered,RTE-DET-20250523-001
SHP-202505-000085,CLI-0155,HUB-CMH,standard,2025-05-13T15:23:00,2025-05-18T01:23:00,delivered,RTE-CMH-20250513-001
SHP-202512-000154,CLI-0042,HUB-CIN,freight,2025-12-18T12:09:00,2025-12-20T23:09:00,delivered,
SHP-202508-000103,CLI-0155,HUB-CHI,standard,2025-08-11T14:35:00,2025-08-14T15:35:00,delivered,RTE-CHI-20250811-002
SHP-202505-000086,CLI-0155,HUB-CMH,expedited,2025-05-13T14:42:00,2025-05-14T21:42:00,delivered,RTE-CMH-20250513-001
SHP-202503-000120,CLI-0169,HUB-IND,standard,2025-03-13T16:37:00,2025-03-17T03:37:00,delivered,RTE-IND-20250313-003
SHP-202502-000087,CLI-0042,HUB-CHI,freight,2025-02-23T12:30:00,2025-02-24T14:30:00,delivered,
SHP-202510-000120,CLI-0201,HUB-DET,expedited,2025-10-22T10:46:00,2025-10-23T15:46:00,delivered,RTE-DET-20251022-003
SHP-202509-000111,CLI-0155,HUB-CMH,expedited,2025-09-05T20:14:00,2025-09-07T04:14:00,delivered,RTE-CMH-20250905-001
SHP-202502-000088,CLI-0155,HUB-CIN,standard,2025-02-25T06:10:00,2025-02-28T15:10:00,delivered,RTE-CIN-20250225-005
SHP-202503-000121,CLI-0169,HUB-IND,expedited,2025-03-10T17:55:00,2025-03-11T23:55:00,delivered,RTE-IND-20250310-001
SHP-202505-000087,CLI-0169,HUB-CIN,expedited,2025-05-01T15:38:00,2025-05-02T16:38:00,delivered,RTE-CIN-20250501-002
SHP-202507-000111,CLI-0201,HUB-CHI,standard,2025-07-16T12:43:00,2025-07-17T16:43:00,delivered,RTE-CHI-20250716-001
SHP-202508-000105,CLI-0201,HUB-CIN,expedited,2025-08-04T13:51:00,2025-08-05T23:51:00,delivered,RTE-CIN-20250804-001
SHP-202502-000089,CLI-0201,HUB-CMH,standard,2025-02-21T08:36:00,2025-02-25T08:36:00,delivered,RTE-CMH-20250221-003
SHP-202509-000112,CLI-0201,HUB-DET,expedited,2025-09-06T10:27:00,2025-09-07T20:27:00,delivered,RTE-DET-20250907-001
SHP-202501-000099,CLI-0042,HUB-CMH,freight,2025-01-25T19:31:00,2025-01-27T04:31:00,delivered,
SHP-202512-000158,CLI-0201,HUB-IND,standard,2025-12-18T18:52:00,2025-12-21T20:52:00,delivered,RTE-IND-20251218-002
SHP-202505-000088,CLI-0042,HUB-DET,freight,2025-05-31T11:19:00,2025-06-01T16:19:00,delivered,
SHP-202501-000100,CLI-0201,HUB-CHI,standard,2025-01-19T14:06:00,2025-01-22T00:06:00,delivered,RTE-CHI-20250120-002
SHP-202509-000113,CLI-0155,HUB-IND,expedited,2025-09-10T17:39:00,2025-09-12T04:39:00,delivered,RTE-IND-20250910-003
SHP-202509-000114,CLI-0042,HUB-CMH,freight,2025-09-26T11:23:00,2025-09-27T17:23:00,delivered,
SHP-202502-000090,CLI-0155,HUB-DET,standard,2025-02-10T08:47:00,2025-02-11T14:47:00,delivered,RTE-DET-20250210-003
SHP-202510-000122,CLI-0155,HUB-CIN,standard,2025-10-20T19:50:00,2025-10-22T00:50:00,delivered,RTE-CIN-20251020-004
SHP-202510-000123,CLI-0201,HUB-IND,expedited,2025-10-21T18:11:00,2025-10-23T04:11:00,delivered,RTE-IND-20251021-002
SHP-202508-000106,CLI-0169,HUB-CIN,standard,2025-08-04T20:35:00,2025-08-08T01:35:00,delivered,RTE-CIN-20250804-001
SHP-202508-000107,CLI-0042,HUB-CHI,freight,2025-08-20T15:37:00,2025-08-24T00:37:00,delivered,
SHP-202508-000108,CLI-0042,HUB-IND,freight,2025-08-09T14:47:00,2025-08-11T20:47:00,delivered,
SHP-202507-000114,CLI-0169,HUB-CIN,standard,2025-07-05T12:14:00,2025-07-10T00:14:00,delivered,RTE-CIN-20250705-001
SHP-202508-000110,CLI-0007,HUB-DET,standard,2025-08-26T12:26:00,2025-08-27T21:26:00,delivered,RTE-DET-20250826-002
SHP-202511-000156,CLI-0201,HUB-CIN,standard,2025-11-04T09:54:00,2025-11-08T14:54:00,delivered,RTE-CIN-20251104-001
SHP-202502-000091,CLI-0042,HUB-DET,freight,2025-02-05T19:33:00,2025-02-07T19:33:00,delivered,
SHP-202507-000115,CLI-0201,HUB-IND,expedited,2025-07-17T14:07:00,2025-07-18T23:07:00,delivered,RTE-IND-20250717-005
SHP-202511-000158,CLI-0042,HUB-DET,freight,2025-11-28T13:52:00,2025-12-02T01:52:00,delivered,
SHP-202502-000092,CLI-0169,HUB-DET,standard,2025-02-27T08:58:00,2025-03-03T11:58:00,delivered,RTE-DET-20250227-002
SHP-202505-000091,CLI-0007,HUB-DET,expedited,2025-05-16T13:48:00,2025-05-17T17:48:00,delivered,RTE-DET-20250516-002
SHP-202503-000125,CLI-0042,HUB-CHI,freight,2025-03-17T20:23:00,2025-03-21T00:23:00,delivered,
SHP-202503-000126,CLI-0155,HUB-DET,expedited,2025-03-23T16:18:00,2025-03-25T04:18:00,delivered,RTE-DET-20250324-001
SHP-202511-000159,CLI-0169,HUB-CHI,standard,2025-11-13T14:20:00,2025-11-17T21:20:00,delivered,RTE-CHI-20251113-001
SHP-202504-000098,CLI-0042,HUB-DET,freight,2025-04-14T16:06:00,2025-04-15T20:06:00,delivered,
SHP-202503-000127,CLI-0042,HUB-CHI,freight,2025-03-09T09:15:00,2025-03-13T16:15:00,delivered,
SHP-202502-000093,CLI-0042,HUB-IND,freight,2025-02-20T18:40:00,2025-02-24T19:40:00,delivered,
SHP-202510-000127,CLI-0201,HUB-CMH,expedited,2025-10-19T13:49:00,2025-10-20T22:49:00,delivered,RTE-CMH-20251019-001
SHP-202503-000128,CLI-0201,HUB-CHI,expedited,2025-03-22T15:42:00,2025-03-23T23:42:00,delivered,RTE-CHI-20250322-001
SHP-202508-000112,CLI-0201,HUB-IND,standard,2025-08-31T10:30:00,2025-09-03T15:30:00,delivered,RTE-IND-20250831-001
SHP-202503-000129,CLI-0169,HUB-IND,standard,2025-03-16T12:36:00,2025-03-20T12:36:00,delivered,RTE-IND-20250317-001
SHP-202507-000116,CLI-0201,HUB-IND,standard,2025-07-26T08:29:00,2025-07-27T19:29:00,delivered,RTE-IND-20250727-001
SHP-202504-000099,CLI-0155,HUB-IND,expedited,2025-04-14T06:20:00,2025-04-15T12:20:00,delivered,RTE-IND-20250414-001
SHP-202502-000094,CLI-0169,HUB-DET,expedited,2025-02-08T15:30:00,2025-02-09T15:30:00,delivered,RTE-DET-20250208-001
SHP-202501-000105,CLI-0155,HUB-CIN,standard,2025-01-29T20:18:00,2025-02-01T07:18:00,delivered,RTE-CIN-20250130-001
SHP-202502-000095,CLI-0201,HUB-CHI,expedited,2025-02-07T15:19:00,2025-02-08T23:19:00,delivered,RTE-CHI-20250207-004
SHP-202502-000096,CLI-0169,HUB-CIN,standard,2025-02-15T16:16:00,2025-02-19T03:16:00,delivered,RTE-CIN-20250216-002
SHP-202501-000106,CLI-0007,HUB-IND,expedited,2025-01-12T11:57:00,2025-01-13T22:57:00,delivered,RTE-IND-20250112-001
SHP-202511-000164,CLI-0042,HUB-CHI,freight,2025-11-06T07:41:00,2025-11-10T19:41:00,delivered,
SHP-202507-000117,CLI-0042,HUB-CIN,freight,2025-07-25T19:24:00,2025-07-28T00:24:00,delivered,
SHP-202501-000108,CLI-0201,HUB-CHI,standard,2025-01-26T12:37:00,2025-01-27T14:37:00,delivered,RTE-CHI-20250126-001
SHP-202504-000102,CLI-0007,HUB-CIN,standard,2025-04-08T10:32:00,2025-04-12T10:32:00,delivered,RTE-CIN-20250409-002
SHP-202501-000109,CLI-0201,HUB-DET,expedited,2025-01-04T07:22:00,2025-01-05T11:22:00,delivered,RTE-DET-20250106-001
SHP-202502-000098,CLI-0155,HUB-CHI,expedited,2025-02-03T07:41:00,2025-02-04T13:41:00,delivered,RTE-CHI-20250203-002
SHP-202508-000115,CLI-0155,HUB-IND,standard,2025-08-30T19:15:00,2025-08-31T21:15:00,delivered,RTE-IND-20250830-001
SHP-202512-000163,CLI-0007,HUB-CHI,standard,2025-12-09T09:19:00,2025-12-12T13:19:00,delivered,RTE-CHI-20251209-004
SHP-202511-000166,CLI-0042,HUB-IND,freight,2025-11-15T06:56:00,2025-11-17T12:56:00,delivered,
SHP-202502-000099,CLI-0155,HUB-CHI,expedited,2025-02-23T10:21:00,2025-02-24T17:21:00,delivered,RTE-CHI-20250224-002
SHP-202504-000104,CLI-0155,HUB-CIN,standard,2025-04-20T17:17:00,2025-04-23T22:17:00,delivered,RTE-CIN-20250421-003
SHP-202509-000119,CLI-0169,HUB-DET,standard,2025-09-23T14:08:00,2025-09-27T15:08:00,delivered,RTE-DET-20250923-001
SHP-202503-000131,CLI-0155,HUB-CHI,expedited,2025-03-03T10:28:00,2025-03-04T11:28:00,delivered,RTE-CHI-20250304-001
SHP-202503-000133,CLI-0201,HUB-CIN,standard,2025-03-23T19:22:00,2025-03-26T21:22:00,delivered,RTE-CIN-20250323-001
SHP-202511-000167,CLI-0155,HUB-CIN,standard,2025-11-23T16:38:00,2025-11-27T20:38:00,delivered,RTE-CIN-20251124-002
SHP-202501-000112,CLI-0155,HUB-CMH,standard,2025-01-21T12:37:00,2025-01-26T00:37:00,delivered,RTE-CMH-20250121-003
SHP-202505-000093,CLI-0007,HUB-CMH,expedited,2025-05-30T15:38:00,2025-05-31T18:38:00,delivered,RTE-CMH-20250530-002
SHP-202512-000166,CLI-0201,HUB-DET,standard,2025-12-07T07:55:00,2025-12-10T11:55:00,delivered,RTE-DET-20251207-001
SHP-202511-000168,CLI-0201,HUB-IND,expedited,2025-11-24T07:00:00,2025-11-25T19:00:00,delivered,RTE-IND-20251124-001
SHP-202511-000169,CLI-0007,HUB-CIN,standard,2025-11-05T18:15:00,2025-11-10T00:15:00,delivered,RTE-CIN-20251105-003
SHP-202511-000170,CLI-0201,HUB-CMH,standard,2025-11-18T08:01:00,2025-11-21T09:01:00,delivered,RTE-CMH-20251118-001
SHP-202501-000114,CLI-0155,HUB-IND,expedited,2025-01-15T11:22:00,2025-01-20T11:22:00,delayed,RTE-IND-20250115-001
SHP-202505-000094,CLI-0042,HUB-IND,freight,2025-05-22T13:44:00,2025-05-26T01:44:00,delivered,
SHP-202503-000136,CLI-0007,HUB-CHI,standard,2025-03-28T20:32:00,2025-04-01T08:32:00,delivered,RTE-CHI-20250328-002
SHP-202510-000131,CLI-0201,HUB-CIN,standard,2025-10-14T09:05:00,2025-10-18T13:05:00,delivered,RTE-CIN-20251014-001
SHP-202505-000095,CLI-0155,HUB-CMH,standard,2025-05-06T19:44:00,2025-05-08T22:44:00,delivered,RTE-CMH-20250506-001
SHP-202505-000096,CLI-0169,HUB-IND,standard,2025-05-14T11:57:00,2025-05-16T16:57:00,delivered,RTE-IND-20250514-001
SHP-202508-000119,CLI-0201,HUB-CMH,expedited,2025-08-13T08:01:00,2025-08-14T16:01:00,delivered,RTE-CMH-20250813-001
SHP-202511-000172,CLI-0169,HUB-DET,expedited,2025-11-29T08:04:00,2025-11-30T09:04:00,delivered,RTE-DET-20251129-001
SHP-202505-000097,CLI-0042,HUB-CIN,freight,2025-05-22T13:27:00,2025-05-24T19:27:00,delivered,
SHP-202504-000106,CLI-0155,HUB-CIN,standard,2025-04-21T10:21:00,2025-04-25T12:21:00,delivered,RTE-CIN-20250421-003
SHP-202510-000133,CLI-0042,HUB-CIN,freight,2025-10-28T06:45:00,2025-10-29T18:45:00,delivered,
SHP-202512-000168,CLI-0201,HUB-DET,standard,2025-12-25T13:08:00,2025-12-27T14:08:00,delivered,RTE-DET-20251225-002
SHP-202506-000109,CLI-0201,HUB-IND,standard,2025-06-09T08:16:00,2025-06-11T13:16:00,delivered,RTE-IND-20250609-004
SHP-202511-000173,CLI-0169,HUB-DET,expedited,2025-11-28T14:16:00,2025-11-29T23:16:00,delivered,RTE-DET-20251128-003
SHP-202501-000116,CLI-0007,HUB-CHI,standard,2025-01-31T14:00:00,2025-02-04T18:00:00,delivered,RTE-CHI-20250131-001
SHP-202510-000134,CLI-0007,HUB-CHI,standard,2025-10-18T15:31:00,2025-10-20T20:31:00,delivered,RTE-CHI-20251019-001
SHP-202512-000169,CLI-0201,HUB-DET,expedited,2025-12-04T16:35:00,2025-12-05T19:35:00,delivered,RTE-DET-20251204-002
SHP-202508-000120,CLI-0201,HUB-CMH,standard,2025-08-07T13:06:00,2025-08-11T22:06:00,delivered,RTE-CMH-20250807-001
SHP-202507-000125,CLI-0155,HUB-CMH,standard,2025-07-19T06:12:00,2025-07-22T15:12:00,delivered,RTE-CMH-20250720-001
SHP-202510-000136,CLI-0169,HUB-CMH,standard,2025-10-20T06:19:00,2025-10-23T14:19:00,delivered,RTE-CMH-20251020-001
SHP-202510-000137,CLI-0042,HUB-CMH,freight,2025-10-20T20:24:00,2025-10-22T00:24:00,delivered,
SHP-202512-000172,CLI-0169,HUB-CHI,expedited,2025-12-04T19:14:00,2025-12-06T01:14:00,delivered,RTE-CHI-20251204-001
SHP-202512-000173,CLI-0155,HUB-DET,standard,2025-12-01T12:52:00,2025-12-04T15:52:00,delivered,RTE-DET-20251201-001
SHP-202509-000124,CLI-0042,HUB-DET,freight,2025-09-07T06:44:00,2025-09-09T16:44:00,delivered,
SHP-202512-000174,CLI-0007,HUB-CMH,standard,2025-12-20T18:31:00,2025-12-23T20:31:00,delivered,RTE-CMH-20251220-002
SHP-202504-000108,CLI-0042,HUB-DET,freight,2025-04-13T13:06:00,2025-04-14T19:06:00,delivered,
SHP-202504-000109,CLI-0007,HUB-CHI,standard,2025-04-05T11:28:00,2025-04-09T20:28:00,delivered,RTE-CHI-20250407-002
SHP-202503-000139,CLI-0155,HUB-CHI,standard,2025-03-20T09:57:00,2025-03-24T15:57:00,delivered,RTE-CHI-20250320-001
SHP-202505-000098,CLI-0155,HUB-CIN,standard,2025-05-06T14:20:00,2025-05-07T20:20:00,delivered,RTE-CIN-20250506-001
SHP-202512-000176,CLI-0201,HUB-CMH,standard,2025-12-17T19:24:00,2025-12-18T22:24:00,delivered,RTE-CMH-20251217-003
SHP-202503-000140,CLI-0201,HUB-CIN,expedited,2025-03-15T12:08:00,2025-03-16T17:08:00,delivered,RTE-CIN-20250316-001
SHP-202508-000122,CLI-0169,HUB-DET,standard,2025-08-26T14:13:00,2025-08-28T23:13:00,delivered,RTE-DET-20250826-001
SHP-202512-000178,CLI-0169,HUB-DET,standard,2025-12-04T18:50:00,2025-12-07T21:50:00,delivered,RTE-DET-20251204-003
SHP-202507-000126,CLI-0007,HUB-CIN,standard,2025-07-21T10:57:00,2025-07-25T10:57:00,delivered,RTE-CIN-20250721-001
SHP-202502-000102,CLI-0042,HUB-CMH,freight,2025-02-03T11:54:00,2025-02-06T14:54:00,delivered,
SHP-202507-000128,CLI-0169,HUB-CIN,expedited,2025-07-05T13:30:00,2025-07-06T15:30:00,delivered,RTE-CIN-20250705-001
SHP-202507-000129,CLI-0042,HUB-CIN,freight,2025-07-14T17:52:00,2025-07-19T02:52:00,delivered,
SHP-202510-000138,CLI-0042,HUB-DET,freight,2025-10-20T16:36:00,2025-10-23T17:36:00,delivered,
SHP-202506-000110,CLI-0007,HUB-IND,standard,2025-06-14T18:31:00,2025-06-18T20:31:00,delivered,RTE-IND-20250616-003
SHP-202506-000111,CLI-0201,HUB-IND,standard,2025-06-06T17:48:00,2025-06-07T22:48:00,delivered,RTE-IND-20250606-001
SHP-202507-000131,CLI-0155,HUB-DET,standard,2025-07-14T18:32:00,2025-07-19T00:32:00,delivered,RTE-DET-20250715-001
SHP-202512-000181,CLI-0169,HUB-IND,standard,2025-12-29T13:18:00,2026-01-02T23:18:00,delivered,RTE-IND-20251229-003
SHP-202501-000119,CLI-0169,HUB-CIN,standard,2025-01-05T15:40:00,2025-01-12T15:40:00,delayed,RTE-CIN-20250105-002
SHP-202511-000176,CLI-0007,HUB-CIN,standard,2025-11-20T17:08:00,2025-11-21T19:08:00,delivered,RTE-CIN-20251120-002
SHP-202502-000104,CLI-0007,HUB-CMH,standard,2025-02-16T16:14:00,2025-02-17T22:14:00,delivered,RTE-CMH-20250216-001
SHP-202512-000182,CLI-0155,HUB-CIN,expedited,2025-12-28T06:28:00,2025-12-29T06:28:00,delivered,RTE-CIN-20251229-001
SHP-202503-000141,CLI-0007,HUB-CHI,standard,2025-03-05T11:48:00,2025-03-07T17:48:00,delivered,RTE-CHI-20250305-001
SHP-202511-000177,CLI-0155,HUB-CIN,standard,2025-11-22T16:18:00,2025-11-25T21:18:00,delivered,RTE-CIN-20251124-001
SHP-202505-000100,CLI-0155,HUB-IND,expedited,2025-05-04T07:03:00,2025-05-05T12:03:00,delivered,RTE-IND-20250506-002
SHP-202501-000120,CLI-0201,HUB-CMH,standard,2025-01-31T20:45:00,2025-02-02T01:45:00,delivered,RTE-CMH-20250131-002
SHP-202509-000128,CLI-0155,HUB-DET,standard,2025-09-03T17:12:00,2025-09-05T17:12:00,delivered,RTE-DET-20250903-001
SHP-202511-000178,CLI-0169,HUB-CMH,standard,2025-11-20T19:42:00,2025-11-23T04:42:00,delivered,RTE-CMH-20251120-001
SHP-202504-000112,CLI-0042,HUB-DET,freight,2025-04-05T13:09:00,2025-04-07T13:09:00,delivered,
SHP-202509-000129,CLI-0155,HUB-CIN,standard,2025-09-12T09:31:00,2025-09-16T15:31:00,delivered,RTE-CIN-20250912-002
SHP-202503-000142,CLI-0042,HUB-IND,freight,2025-03-23T07:04:00,2025-03-27T16:04:00,delivered,
SHP-202511-000179,CLI-0155,HUB-CIN,standard,2025-11-20T07:38:00,2025-11-23T12:38:00,delivered,RTE-CIN-20251120-004
SHP-202506-000113,CLI-0169,HUB-DET,expedited,2025-06-17T14:21:00,2025-06-18T19:21:00,delivered,RTE-DET-20250617-003
SHP-202505-000102,CLI-0042,HUB-IND,freight,2025-05-07T11:52:00,2025-05-09T23:52:00,delivered,
SHP-202512-000185,CLI-0042,HUB-IND,freight,2025-12-25T10:13:00,2025-12-26T10:13:00,delivered,
SHP-202511-000182,CLI-0201,HUB-CMH,standard,2025-11-30T18:58:00,,failed,RTE-CMH-20251201-001
SHP-202506-000114,CLI-0169,HUB-CMH,standard,2025-06-23T14:03:00,2025-06-28T01:03:00,delivered,RTE-CMH-20250623-001
SHP-202503-000145,CLI-0007,HUB-CHI,standard,2025-03-21T07:48:00,2025-03-24T10:48:00,delivered,RTE-CHI-20250321-001
SHP-202503-000146,CLI-0169,HUB-DET,expedited,2025-03-12T16:25:00,2025-03-14T04:25:00,delivered,RTE-DET-20250312-001
SHP-202505-000105,CLI-0201,HUB-CIN,standard,2025-05-29T09:37:00,2025-05-31T18:37:00,delivered,RTE-CIN-20250529-003
SHP-202509-000130,CLI-0007,HUB-CIN,expedited,2025-09-09T14:57:00,2025-09-10T20:57:00,delivered,RTE-CIN-20250909-010
SHP-202504-000113,CLI-0042,HUB-CIN,freight,2025-04-19T10:17:00,2025-04-23T12:17:00,delivered,
SHP-202505-000106,CLI-0169,HUB-IND,standard,2025-05-12T16:18:00,2025-05-17T01:18:00,delivered,RTE-IND-20250512-003
SHP-202511-000184,CLI-0201,HUB-CHI,standard,2025-11-30T06:24:00,2025-12-02T09:24:00,delivered,RTE-CHI-20251130-002
SHP-202509-000131,CLI-0042,HUB-CHI,freight,2025-09-19T19:11:00,2025-09-22T02:11:00,delivered,
SHP-202511-000186,CLI-0042,HUB-CMH,freight,2025-11-12T15:03:00,2025-11-15T15:03:00,delivered,
SHP-202507-000133,CLI-0201,HUB-CMH,standard,2025-07-10T06:57:00,2025-07-12T10:57:00,delivered,RTE-CMH-20250710-002
SHP-202504-000114,CLI-0042,HUB-DET,freight,2025-04-15T08:00:00,2025-04-17T15:00:00,delivered,
SHP-202510-000142,CLI-0155,HUB-IND,standard,2025-10-24T15:30:00,2025-10-26T18:30:00,delivered,RTE-IND-20251024-001
SHP-202502-000108,CLI-0201,HUB-CMH,standard,2025-02-03T12:53:00,2025-02-05T12:53:00,delivered,RTE-CMH-20250203-004
SHP-202512-000187,CLI-0155,HUB-IND,expedited,2025-12-03T09:51:00,2025-12-04T19:51:00,delivered,RTE-IND-20251203-003
SHP-202508-000126,CLI-0169,HUB-IND,expedited,2025-08-30T14:09:00,2025-09-01T00:09:00,delivered,RTE-IND-20250830-001
SHP-202510-000143,CLI-0201,HUB-CMH,standard,2025-10-05T20:08:00,2025-10-09T06:08:00,delivered,RTE-CMH-20251005-001
SHP-202512-000189,CLI-0201,HUB-CMH,expedited,2025-12-21T14:02:00,2025-12-22T23:02:00,delivered,RTE-CMH-20251221-001
SHP-202503-000148,CLI-0169,HUB-CIN,expedited,2025-03-01T14:42:00,2025-03-02T17:42:00,delivered,RTE-CIN-20250303-001
SHP-202510-000144,CLI-0201,HUB-CMH,standard,2025-10-23T16:29:00,2025-10-26T03:29:00,delivered,RTE-CMH-20251023-003
SHP-202509-000132,CLI-0007,HUB-IND,standard,2025-09-11T12:19:00,2025-09-12T15:19:00,delivered,RTE-IND-20250911-001
SHP-202501-000122,CLI-0155,HUB-CMH,standard,2025-01-13T19:49:00,2025-01-14T23:49:00,delivered,RTE-CMH-20250113-002
SHP-202510-000145,CLI-0042,HUB-IND,freight,2025-10-02T15:07:00,2025-10-06T17:07:00,delivered,
SHP-202510-000146,CLI-0007,HUB-CMH,standard,2025-10-13T20:42:00,2025-10-18T04:42:00,delivered,RTE-CMH-20251013-004
SHP-202507-000136,CLI-0042,HUB-CIN,freight,2025-07-20T18:00:00,2025-07-24T03:00:00,delivered,
SHP-202510-000147,CLI-0201,HUB-IND,expedited,2025-10-17T19:16:00,2025-10-19T07:16:00,delivered,RTE-IND-20251017-002
SHP-202508-000130,CLI-0169,HUB-DET,standard,2025-08-10T16:46:00,2025-08-14T23:46:00,delivered,RTE-DET-20250811-001
SHP-202510-000148,CLI-0155,HUB-DET,standard,2025-10-02T12:48:00,2025-10-04T19:48:00,delivered,RTE-DET-20251002-003
SHP-202511-000191,CLI-0155,HUB-IND,standard,2025-11-19T09:20:00,2025-11-22T12:20:00,delivered,RTE-IND-20251119-002
SHP-202510-000149,CLI-0155,HUB-CHI,expedited,2025-10-17T14:43:00,2025-10-18T18:43:00,delivered,RTE-CHI-20251017-001
SHP-202509-000134,CLI-0201,HUB-DET,expedited,2025-09-12T20:36:00,2025-09-14T01:36:00,delivered,RTE-DET-20250912-002
SHP-202503-000151,CLI-0007,HUB-IND,standard,2025-03-16T12:52:00,2025-03-20T12:52:00,delivered,RTE-IND-20250317-001
SHP-202502-000111,CLI-0155,HUB-DET,standard,2025-02-04T14:37:00,2025-02-08T17:37:00,delivered,RTE-DET-20250205-002
SHP-202505-000109,CLI-0201,HUB-DET,standard,2025-05-17T13:27:00,2025-05-18T15:27:00,delivered,RTE-DET-20250517-001
SHP-202504-000117,CLI-0042,HUB-CMH,freight,2025-04-03T19:04:00,2025-04-06T21:04:00,delivered,
SHP-202512-000195,CLI-0042,HUB-CIN,freight,2025-12-18T06:00:00,2025-12-21T10:00:00,delivered,
SHP-202504-000118,CLI-0042,HUB-CHI,freight,2025-04-15T07:36:00,2025-04-18T19:36:00,delivered,
SHP-202504-000119,CLI-0042,HUB-CHI,freight,2025-04-23T16:19:00,2025-04-27T23:19:00,delivered,
SHP-202504-000120,CLI-0007,HUB-DET,expedited,2025-04-20T13:09:00,2025-04-21T19:09:00,delivered,RTE-DET-20250421-001
SHP-202511-000193,CLI-0042,HUB-CIN,freight,2025-11-11T18:17:00,2025-11-16T00:17:00,delivered,
SHP-202509-000136,CLI-0042,HUB-DET,freight,2025-09-26T14:39:00,2025-09-30T23:39:00,delivered,
SHP-202504-000121,CLI-0007,HUB-CIN,expedited,2025-04-16T16:24:00,2025-04-17T22:24:00,delivered,RTE-CIN-20250416-004
SHP-202504-000122,CLI-0169,HUB-DET,standard,2025-04-17T17:18:00,2025-04-22T02:18:00,delivered,RTE-DET-20250417-002
SHP-202506-000119,CLI-0042,HUB-DET,freight,2025-06-26T12:46:00,2025-06-30T13:46:00,delivered,
SHP-202502-000112,CLI-0155,HUB-DET,standard,2025-02-10T08:54:00,2025-02-12T11:54:00,delivered,RTE-DET-20250210-003
SHP-202510-000150,CLI-0201,HUB-CHI,standard,2025-10-08T18:12:00,2025-10-09T19:12:00,delivered,RTE-CHI-20251008-001
SHP-202505-000110,CLI-0042,HUB-CIN,freight,2025-05-20T14:57:00,2025-05-22T16:57:00,delivered,
SHP-202505-000111,CLI-0201,HUB-CHI,standard,2025-05-09T13:08:00,2025-05-11T14:08:00,delivered,RTE-CHI-20250509-003
SHP-202511-000194,CLI-0155,HUB-CMH,standard,2025-11-04T12:24:00,2025-11-07T12:24:00,delivered,RTE-CMH-20251104-001
SHP-202506-000120,CLI-0042,HUB-CHI,freight,2025-06-11T12:49:00,2025-06-13T19:49:00,delivered,
SHP-202503-000154,CLI-0155,HUB-DET,standard,2025-03-13T06:57:00,2025-03-17T10:57:00,delivered,RTE-DET-20250313-002
SHP-202511-000195,CLI-0155,HUB-IND,standard,2025-11-24T13:58:00,2025-11-28T14:58:00,delivered,RTE-IND-20251124-001
SHP-202511-000197,CLI-0169,HUB-CMH,expedited,2025-11-15T15:07:00,2025-11-17T03:07:00,delivered,RTE-CMH-20251115-001
SHP-202511-000198,CLI-0201,HUB-CHI,standard,2025-11-12T10:00:00,2025-11-17T10:00:00,delayed,RTE-CHI-20251112-002
SHP-202508-000134,CLI-0201,HUB-CHI,standard,2025-08-03T15:16:00,2025-08-08T15:16:00,delayed,RTE-CHI-20250804-001
SHP-202509-000141,CLI-0201,HUB-CMH,expedited,2025-09-18T10:51:00,2025-09-19T11:51:00,delivered,RTE-CMH-20250918-003
SHP-202510-000151,CLI-0201,HUB-DET,standard,2025-10-05T11:19:00,2025-10-07T20:19:00,delivered,RTE-DET-20251006-001
SHP-202512-000197,CLI-0169,HUB-CMH,standard,2025-12-06T19:27:00,2025-12-10T19:27:00,delivered,RTE-CMH-20251206-003
SHP-202502-000115,CLI-0042,HUB-CHI,freight,2025-02-12T14:27:00,2025-02-14T02:27:00,delivered,
SHP-202512-000198,CLI-0042,HUB-CMH,freight,2025-12-24T13:11:00,2025-12-27T18:11:00,delivered,
SHP-202512-000199,CLI-0169,HUB-CIN,standard,2025-12-14T08:57:00,2025-12-15T08:57:00,delivered,RTE-CIN-20251214-001
SHP-202510-000152,CLI-0042,HUB-CIN,freight,2025-10-26T06:52:00,2025-10-28T12:52:00,delivered,
SHP-202502-000116,CLI-0155,HUB-CHI,standard,2025-02-03T17:32:00,2025-02-06T04:32:00,delivered,RTE-CHI-20250203-003
SHP-202505-000114,CLI-0169,HUB-CHI,standard,2025-05-26T18:28:00,2025-05-29T22:28:00,delivered,RTE-CHI-20250526-001
SHP-202512-000200,CLI-0201,HUB-DET,expedited,2025-12-01T09:50:00,,failed,RTE-DET-20251201-001
SHP-202501-000125,CLI-0007,HUB-CHI,standard,2025-01-31T13:08:00,2025-02-01T17:08:00,delivered,RTE-CHI-20250131-001
SHP-202503-000157,CLI-0169,HUB-CMH,standard,2025-03-22T19:54:00,2025-03-26T21:54:00,delivered,RTE-CMH-20250322-001
SHP-202509-000143,CLI-0201,HUB-IND,standard,2025-09-12T19:20:00,2025-09-17T05:20:00,delivered,RTE-IND-20250912-001
SHP-202501-000126,CLI-0169,HUB-CIN,standard,2025-01-05T06:06:00,2025-01-07T09:06:00,delivered,RTE-CIN-20250105-001
SHP-202511-000200,CLI-0042,HUB-DET,freight,2025-11-10T17:37:00,2025-11-14T17:37:00,delivered,
SHP-202505-000116,CLI-0201,HUB-CIN,standard,2025-05-26T18:04:00,2025-05-31T01:04:00,delivered,RTE-CIN-20250526-001
SHP-202511-000201,CLI-0169,HUB-CIN,standard,2025-11-08T10:19:00,2025-11-09T13:19:00,delivered,RTE-CIN-20251108-001
SHP-202512-000202,CLI-0155,HUB-DET,standard,2025-12-09T14:14:00,2025-12-13T17:14:00,delivered,RTE-DET-20251209-002
SHP-202507-000140,CLI-0042,HUB-CMH,freight,2025-07-23T18:51:00,2025-07-27T18:51:00,delivered,
SHP-202507-000141,CLI-0169,HUB-CHI,standard,2025-07-19T09:00:00,2025-07-20T14:00:00,delivered,RTE-CHI-20250719-001
SHP-202512-000203,CLI-0155,HUB-DET,standard,2025-12-03T12:13:00,2025-12-06T13:13:00,delivered,RTE-DET-20251203-001
SHP-202502-000117,CLI-0201,HUB-CHI,standard,2025-02-17T10:46:00,2025-02-18T11:46:00,delivered,RTE-CHI-20250217-001
SHP-202511-000204,CLI-0169,HUB-DET,expedited,2025-11-20T12:06:00,2025-11-22T00:06:00,delivered,RTE-DET-20251120-002
SHP-202508-000136,CLI-0007,HUB-CIN,standard,2025-08-26T18:07:00,2025-08-31T01:07:00,delivered,RTE-CIN-20250826-001
SHP-202506-000125,CLI-0042,HUB-IND,freight,2025-06-24T09:19:00,2025-06-28T13:19:00,delivered,
SHP-202507-000143,CLI-0155,HUB-IND,standard,2025-07-06T06:18:00,2025-07-07T08:18:00,delivered,RTE-IND-20250707-001
SHP-202509-000145,CLI-0007,HUB-IND,standard,2025-09-26T10:49:00,2025-09-27T12:49:00,delivered,RTE-IND-20250929-001
SHP-202510-000153,CLI-0007,HUB-CHI,standard,2025-10-23T10:53:00,2025-10-24T22:53:00,delivered,RTE-CHI-20251023-001
SHP-202501-000127,CLI-0201,HUB-CMH,standard,2025-01-21T10:47:00,2025-01-22T11:47:00,delivered,RTE-CMH-20250121-002
SHP-202501-000129,CLI-0169,HUB-CHI,standard,2025-01-08T08:46:00,2025-01-09T13:46:00,delivered,RTE-CHI-20250108-002
SHP-202507-000145,CLI-0155,HUB-DET,standard,2025-07-13T19:40:00,2025-07-18T00:40:00,delivered,RTE-DET-20250713-001
SHP-202503-000163,CLI-0042,HUB-DET,freight,2025-03-23T14:18:00,2025-03-24T18:18:00,delivered,
SHP-202510-000155,CLI-0155,HUB-CHI,standard,2025-10-28T17:55:00,2025-11-01T23:55:00,delivered,RTE-CHI-20251028-003
SHP-202505-000120,CLI-0155,HUB-CIN,expedited,2025-05-11T17:25:00,2025-05-13T02:25:00,delivered,RTE-CIN-20250512-002
SHP-202502-000119,CLI-0155,HUB-IND,expedited,2025-02-24T18:42:00,2025-02-26T03:42:00,delivered,RTE-IND-20250224-002
SHP-202510-000156,CLI-0201,HUB-DET,standard,2025-10-16T20:15:00,2025-10-20T01:15:00,delivered,RTE-DET-20251016-002
SHP-202503-000165,CLI-0042,HUB-CHI,freight,2025-03-12T13:26:00,2025-03-13T14:26:00,delivered,
SHP-202502-000120,CLI-0042,HUB-CIN,freight,2025-02-19T12:07:00,2025-02-28T12:07:00,delivered,
SHP-202510-000157,CLI-0042,HUB-CMH,freight,2025-10-12T16:36:00,2025-10-15T19:36:00,delivered,
SHP-202511-000206,CLI-0007,HUB-CHI,standard,2025-11-13T18:56:00,2025-11-17T20:56:00,delivered,RTE-CHI-20251113-001
SHP-202508-000138,CLI-0155,HUB-CIN,standard,2025-08-16T17:51:00,2025-08-17T20:51:00,delivered,RTE-CIN-20250816-001
SHP-202502-000122,CLI-0201,HUB-CIN,expedited,2025-02-27T19:08:00,2025-02-28T21:08:00,delivered,RTE-CIN-20250227-002
SHP-202503-000166,CLI-0042,HUB-CIN,freight,2025-03-06T19:38:00,2025-03-07T22:38:00,delivered,
SHP-202510-000158,CLI-0169,HUB-CIN,standard,2025-10-03T10:16:00,2025-10-05T12:16:00,delivered,RTE-CIN-20251003-002
SHP-202503-000167,CLI-0007,HUB-DET,expedited,2025-03-17T14:05:00,2025-03-18T19:05:00,delivered,RTE-DET-20250317-001
SHP-202508-000139,CLI-0155,HUB-IND,standard,2025-08-24T18:00:00,2025-08-26T06:00:00,delivered,RTE-IND-20250824-001
SHP-202510-000159,CLI-0042,HUB-CIN,freight,2025-10-03T06:46:00,2025-10-06T11:46:00,delivered,
SHP-202505-000121,CLI-0042,HUB-IND,freight,2025-05-28T12:30:00,2025-06-01T19:30:00,delivered,
SHP-202501-000132,CLI-0042,HUB-CMH,freight,2025-01-14T16:16:00,2025-01-18T21:16:00,delivered,
SHP-202511-000209,CLI-0169,HUB-CIN,standard,2025-11-22T08:25:00,2025-11-23T11:25:00,delivered,RTE-CIN-20251124-004
SHP-202507-000148,CLI-0155,HUB-CIN,standard,2025-07-31T11:23:00,2025-08-03T15:23:00,delivered,RTE-CIN-20250731-004
SHP-202511-000210,CLI-0201,HUB-CHI,standard,2025-11-17T15:54:00,2025-11-22T00:54:00,delivered,RTE-CHI-20251117-003
SHP-202505-000122,CLI-0155,HUB-CHI,standard,2025-05-14T13:31:00,2025-05-16T21:31:00,delivered,RTE-CHI-20250514-003
SHP-202512-000211,CLI-0201,HUB-CIN,standard,2025-12-11T17:10:00,2025-12-14T23:10:00,delivered,RTE-CIN-20251212-001
SHP-202502-000123,CLI-0155,HUB-CMH,standard,2025-02-23T06:52:00,2025-02-27T08:52:00,delivered,RTE-CMH-20250224-001
SHP-202509-000150,CLI-0042,HUB-CHI,freight,2025-09-29T17:06:00,2025-10-01T21:06:00,delivered,
SHP-202503-000168,CLI-0042,HUB-IND,freight,2025-03-10T06:18:00,2025-03-11T10:18:00,delivered,
SHP-202503-000171,CLI-0169,HUB-CHI,standard,2025-03-10T12:54:00,2025-03-11T13:54:00,delivered,RTE-CHI-20250310-001
SHP-202501-000135,CLI-0169,HUB-DET,standard,2025-01-16T08:53:00,2025-01-17T11:53:00,delivered,RTE-DET-20250116-003
SHP-202511-000213,CLI-0201,HUB-IND,standard,2025-11-14T11:08:00,2025-11-15T15:08:00,delivered,RTE-IND-20251114-002
SHP-202511-000214,CLI-0007,HUB-CIN,standard,2025-11-06T15:18:00,2025-11-09T18:18:00,delivered,RTE-CIN-20251106-002
SHP-202512-000213,CLI-0155,HUB-CHI,standard,2025-12-23T12:47:00,2025-12-26T22:47:00,delivered,RTE-CHI-20251223-003
SHP-202506-000128,CLI-0201,HUB-DET,standard,2025-06-22T18:47:00,2025-06-23T19:47:00,delivered,RTE-DET-20250622-001
SHP-202503-000172,CLI-0042,HUB-CMH,freight,2025-03-07T09:55:00,2025-03-09T14:55:00,delivered,
SHP-202509-000151,CLI-0201,HUB-CIN,standard,2025-09-18T16:54:00,2025-09-21T01:54:00,delivered,RTE-CIN-20250918-001
SHP-202505-000124,CLI-0042,HUB-CMH,freight,2025-05-16T09:19:00,2025-05-17T21:19:00,delivered,
SHP-202501-000136,CLI-0169,HUB-CIN,expedited,2025-01-24T06:06:00,2025-01-25T13:06:00,delivered,RTE-CIN-20250124-001
SHP-202510-000160,CLI-0042,HUB-DET,freight,2025-10-21T10:37:00,2025-10-25T22:37:00,delivered,
SHP-202506-000129,CLI-0155,HUB-CMH,expedited,2025-06-19T20:19:00,2025-06-21T08:19:00,delivered,RTE-CMH-20250619-002
SHP-202510-000161,CLI-0042,HUB-DET,freight,2025-10-16T15:44:00,2025-10-20T17:44:00,delivered,
SHP-202512-000216,CLI-0201,HUB-IND,standard,2025-12-22T18:54:00,2025-12-27T03:54:00,delivered,RTE-IND-20251222-001
SHP-202507-000154,CLI-0042,HUB-CMH,freight,2025-07-19T19:48:00,2025-07-21T20:48:00,delivered,
SHP-202507-000156,CLI-0155,HUB-IND,standard,2025-07-08T13:28:00,2025-07-11T19:28:00,delivered,RTE-IND-20250708-001
SHP-202503-000175,CLI-0169,HUB-CMH,standard,2025-03-08T07:47:00,2025-03-12T13:47:00,delivered,RTE-CMH-20250308-001
SHP-202512-000218,CLI-0007,HUB-CHI,standard,2025-12-12T13:14:00,2025-12-14T18:14:00,delivered,RTE-CHI-20251212-001
SHP-202503-000176,CLI-0201,HUB-CMH,standard,2025-03-29T20:05:00,2025-03-31T22:05:00,delivered,RTE-CMH-20250331-002
SHP-202508-000143,CLI-0042,HUB-CHI,freight,2025-08-09T13:13:00,2025-08-10T19:13:00,delivered,
SHP-202502-000126,CLI-0155,HUB-CIN,expedited,2025-02-22T12:10:00,2025-02-23T17:10:00,delivered,RTE-CIN-20250223-001
SHP-202509-000153,CLI-0169,HUB-DET,standard,2025-09-21T09:36:00,2025-09-22T16:36:00,delivered,RTE-DET-20250921-002
SHP-202512-000222,CLI-0201,HUB-DET,standard,2025-12-26T07:29:00,2025-12-27T13:29:00,delivered,RTE-DET-20251226-001
SHP-202509-000154,CLI-0201,HUB-CIN,expedited,2025-09-12T08:55:00,2025-09-13T13:55:00,delivered,RTE-CIN-20250912-003
SHP-202512-000223,CLI-0201,HUB-IND,standard,2025-12-12T11:34:00,,failed,RTE-IND-20251212-001
SHP-202502-000127,CLI-0201,HUB-CIN,standard,2025-02-23T07:33:00,2025-02-25T08:33:00,delivered,RTE-CIN-20250223-001
SHP-202510-000165,CLI-0155,HUB-CHI,standard,2025-10-30T15:34:00,2025-10-31T17:34:00,delivered,RTE-CHI-20251030-002
SHP-202505-000125,CLI-0155,HUB-CIN,standard,2025-05-30T17:39:00,2025-06-01T03:39:00,delivered,RTE-CIN-20250530-002
SHP-202512-000225,CLI-0007,HUB-IND,expedited,2025-12-22T09:57:00,2025-12-23T16:57:00,delivered,RTE-IND-20251222-001
SHP-202501-000138,CLI-0042,HUB-IND,freight,2025-01-27T18:24:00,2025-01-31T04:24:00,delivered,
SHP-202508-000145,CLI-0042,HUB-CMH,freight,2025-08-22T08:17:00,2025-08-24T20:17:00,delivered,
SHP-202509-000156,CLI-0169,HUB-DET,standard,2025-09-05T15:10:00,2025-09-08T02:10:00,delivered,RTE-DET-20250907-001
SHP-202501-000139,CLI-0169,HUB-CIN,standard,2025-01-25T18:02:00,2025-01-28T21:02:00,delivered,RTE-CIN-20250126-001
SHP-202507-000159,CLI-0169,HUB-IND,standard,2025-07-21T11:52:00,2025-07-22T14:52:00,delivered,RTE-IND-20250721-002
SHP-202508-000146,CLI-0169,HUB-CMH,standard,2025-08-07T15:17:00,2025-08-10T02:17:00,delivered,RTE-CMH-20250807-002
SHP-202511-000221,CLI-0155,HUB-CMH,standard,2025-11-26T11:11:00,2025-11-27T22:11:00,delivered,RTE-CMH-20251126-001
SHP-202508-000147,CLI-0169,HUB-CIN,standard,2025-08-08T18:48:00,2025-08-12T22:48:00,delivered,RTE-CIN-20250808-001
SHP-202503-000179,CLI-0169,HUB-CIN,standard,2025-03-12T17:57:00,2025-03-16T04:57:00,delivered,RTE-CIN-20250313-001
SHP-202510-000167,CLI-0169,HUB-IND,expedited,2025-10-29T19:39:00,2025-10-31T03:39:00,delivered,RTE-IND-20251029-002
SHP-202501-000140,CLI-0042,HUB-CMH,freight,2025-01-14T06:09:00,2025-01-17T16:09:00,delivered,
SHP-202502-000130,CLI-0169,HUB-IND,standard,2025-02-05T14:13:00,2025-02-09T22:13:00,delivered,RTE-IND-20250205-002
SHP-202504-000134,CLI-0155,HUB-IND,standard,2025-04-04T14:33:00,2025-04-08T23:33:00,delivered,RTE-IND-20250404-001
SHP-202505-000128,CLI-0007,HUB-CIN,standard,2025-05-28T19:11:00,2025-05-30T06:11:00,delivered,RTE-CIN-20250529-004
SHP-202503-000181,CLI-0007,HUB-CHI,standard,2025-03-10T08:56:00,2025-03-11T18:56:00,delivered,RTE-CHI-20250310-002
SHP-202506-000130,CLI-0042,HUB-DET,freight,2025-06-06T17:00:00,2025-06-08T23:00:00,delivered,
SHP-202508-000148,CLI-0007,HUB-DET,standard,2025-08-30T08:57:00,2025-09-03T13:57:00,delivered,RTE-DET-20250831-001
SHP-202507-000161,CLI-0155,HUB-DET,standard,2025-07-05T08:55:00,2025-07-06T13:55:00,delivered,RTE-DET-20250706-001
SHP-202512-000227,CLI-0007,HUB-IND,standard,2025-12-03T14:09:00,2025-12-05T19:09:00,delivered,RTE-IND-20251203-003
SHP-202506-000132,CLI-0007,HUB-DET,expedited,2025-06-07T13:47:00,2025-06-08T20:47:00,delivered,RTE-DET-20250607-001
SHP-202504-000135,CLI-0201,HUB-IND,standard,2025-04-23T06:36:00,2025-04-26T15:36:00,delivered,RTE-IND-20250423-001
SHP-202509-000157,CLI-0007,HUB-CHI,expedited,2025-09-13T15:52:00,2025-09-15T00:52:00,delivered,RTE-CHI-20250913-001
SHP-202502-000131,CLI-0169,HUB-CHI,standard,2025-02-27T14:58:00,2025-03-01T16:58:00,delivered,RTE-CHI-20250227-002
SHP-202502-000132,CLI-0169,HUB-DET,expedited,2025-02-20T17:55:00,2025-02-21T20:55:00,delivered,RTE-DET-20250223-002
SHP-202503-000183,CLI-0042,HUB-IND,freight,2025-03-30T18:35:00,2025-04-04T02:35:00,delivered,
SHP-202501-000142,CLI-0155,HUB-CHI,expedited,2025-01-09T16:05:00,2025-01-11T04:05:00,delivered,RTE-CHI-20250109-001
SHP-202511-000223,CLI-0042,HUB-CIN,freight,2025-11-10T12:30:00,2025-11-14T13:30:00,delivered,
SHP-202512-000229,CLI-0201,HUB-DET,expedited,2025-12-25T08:03:00,2025-12-26T20:03:00,delivered,RTE-DET-20251225-001
SHP-202512-000230,CLI-0007,HUB-DET,standard,2025-12-11T08:58:00,2025-12-12T17:58:00,delivered,RTE-DET-20251212-002
SHP-202501-000144,CLI-0169,HUB-CIN,expedited,2025-01-17T20:15:00,2025-01-19T05:15:00,delivered,RTE-CIN-20250117-001
SHP-202511-000225,CLI-0155,HUB-CIN,standard,2025-11-30T18:50:00,2025-12-01T19:50:00,delivered,RTE-CIN-20251201-003
SHP-202506-000133,CLI-0201,HUB-IND,expedited,2025-06-17T08:13:00,2025-06-18T12:13:00,delivered,RTE-IND-20250617-001
SHP-202504-000137,CLI-0155,HUB-CMH,standard,2025-04-29T15:03:00,2025-04-30T21:03:00,delivered,RTE-CMH-20250429-001
SHP-202503-000185,CLI-0169,HUB-DET,expedited,2025-03-05T15:58:00,2025-03-06T22:58:00,delivered,RTE-DET-20250305-001
SHP-202507-000162,CLI-0155,HUB-CIN,standard,2025-07-08T13:37:00,2025-07-11T18:37:00,delivered,RTE-CIN-20250708-001
SHP-202508-000150,CLI-0042,HUB-CIN,freight,2025-08-11T06:49:00,2025-08-12T06:49:00,delivered,
SHP-202504-000138,CLI-0201,HUB-CIN,standard,2025-04-17T13:25:00,2025-04-18T20:25:00,delivered,RTE-CIN-20250417-002
SHP-202503-000186,CLI-0042,HUB-CIN,freight,2025-03-24T06:33:00,2025-03-27T13:33:00,delivered,
SHP-202502-000135,CLI-0042,HUB-CMH,freight,2025-02-24T11:45:00,2025-02-25T14:45:00,delivered,
SHP-202502-000136,CLI-0007,HUB-CIN,standard,2025-02-10T08:44:00,2025-02-11T08:44:00,delivered,RTE-CIN-20250210-001
SHP-202507-000163,CLI-0007,HUB-IND,expedited,2025-07-26T16:37:00,2025-07-27T17:37:00,delivered,RTE-IND-20250727-001
SHP-202501-000146,CLI-0007,HUB-IND,expedited,2025-01-02T06:16:00,2025-01-03T14:16:00,delivered,RTE-IND-20250102-001
SHP-202511-000226,CLI-0007,HUB-CHI,standard,2025-11-24T13:43:00,2025-11-28T19:43:00,delivered,RTE-CHI-20251124-001
SHP-202511-000227,CLI-0155,HUB-CMH,standard,2025-11-05T12:06:00,2025-11-09T16:06:00,delivered,RTE-CMH-20251105-001
SHP-202502-000137,CLI-0155,HUB-CHI,expedited,2025-02-04T19:42:00,2025-02-05T22:42:00,delivered,RTE-CHI-20250204-001
SHP-202503-000188,CLI-0042,HUB-IND,freight,2025-03-23T07:54:00,2025-03-24T10:54:00,delivered,
SHP-202509-000162,CLI-0007,HUB-CIN,expedited,2025-09-18T20:16:00,2025-09-19T22:16:00,delivered,RTE-CIN-20250918-001
SHP-202503-000189,CLI-0042,HUB-IND,freight,2025-03-30T14:02:00,2025-04-02T21:02:00,delivered,
SHP-202503-000190,CLI-0201,HUB-CIN,expedited,2025-03-26T08:29:00,2025-03-27T14:29:00,delivered,RTE-CIN-20250326-002
SHP-202503-000191,CLI-0007,HUB-CIN,standard,2025-03-02T11:27:00,2025-03-04T13:27:00,delivered,RTE-CIN-20250303-001
SHP-202512-000237,CLI-0201,HUB-CHI,standard,2025-12-04T06:56:00,2025-12-08T17:56:00,delivered,RTE-CHI-20251204-001
SHP-202505-000133,CLI-0155,HUB-CHI,standard,2025-05-17T06:09:00,2025-05-18T12:09:00,delivered,RTE-CHI-20250518-001
SHP-202503-000192,CLI-0169,HUB-CIN,expedited,2025-03-14T19:40:00,2025-03-16T03:40:00,delivered,RTE-CIN-20250316-001
SHP-202506-000136,CLI-0007,HUB-CIN,expedited,2025-06-03T17:15:00,2025-06-05T05:15:00,delivered,RTE-CIN-20250603-002
SHP-202505-000134,CLI-0007,HUB-DET,standard,2025-05-15T06:55:00,2025-05-18T10:55:00,delivered,RTE-DET-20250515-003
SHP-202508-000153,CLI-0007,HUB-DET,expedited,2025-08-02T13:57:00,2025-08-04T00:57:00,delivered,RTE-DET-20250803-001
SHP-202503-000194,CLI-0007,HUB-DET,standard,2025-03-16T14:54:00,2025-03-21T14:54:00,delayed,RTE-DET-20250317-002
SHP-202506-000138,CLI-0201,HUB-DET,expedited,2025-06-17T14:27:00,2025-06-18T22:27:00,delivered,RTE-DET-20250617-001
SHP-202509-000166,CLI-0155,HUB-CMH,standard,2025-09-17T15:16:00,2025-09-18T16:16:00,delivered,RTE-CMH-20250917-001
SHP-202512-000239,CLI-0042,HUB-IND,freight,2025-12-23T07:04:00,2025-12-27T17:04:00,delivered,
SHP-202509-000167,CLI-0042,HUB-CIN,freight,2025-09-06T16:41:00,2025-09-08T20:41:00,delivered,
SHP-202505-000135,CLI-0155,HUB-DET,expedited,2025-05-09T16:55:00,2025-05-11T03:55:00,delivered,RTE-DET-20250509-001
SHP-202510-000170,CLI-0201,HUB-DET,standard,2025-10-13T11:50:00,2025-10-15T11:50:00,delivered,RTE-DET-20251014-001
SHP-202506-000140,CLI-0169,HUB-DET,expedited,2025-06-09T11:34:00,2025-06-10T20:34:00,delivered,RTE-DET-20250609-001
SHP-202506-000141,CLI-0042,HUB-CMH,freight,2025-06-22T12:40:00,2025-06-25T15:40:00,delivered,
SHP-202501-000148,CLI-0201,HUB-CHI,expedited,2025-01-28T07:11:00,2025-01-29T09:11:00,delivered,RTE-CHI-20250128-001
SHP-202502-000140,CLI-0007,HUB-CMH,standard,2025-02-04T17:06:00,2025-02-08T01:06:00,delivered,RTE-CMH-20250204-003
SHP-202509-000168,CLI-0042,HUB-CMH,freight,2025-09-22T18:57:00,2025-09-23T19:57:00,delivered,
SHP-202508-000155,CLI-0201,HUB-DET,expedited,2025-08-31T14:08:00,2025-09-01T15:08:00,delivered,RTE-DET-20250831-001
SHP-202503-000196,CLI-0169,HUB-DET,expedited,2025-03-30T20:00:00,2025-04-01T00:00:00,delivered,RTE-DET-20250330-001
SHP-202508-000156,CLI-0201,HUB-IND,expedited,2025-08-17T16:51:00,2025-08-18T18:51:00,delivered,RTE-IND-20250817-001
SHP-202501-000149,CLI-0155,HUB-CHI,expedited,2025-01-28T20:30:00,2025-01-30T02:30:00,delivered,RTE-CHI-20250128-002
SHP-202506-000142,CLI-0201,HUB-CIN,standard,2025-06-27T14:22:00,2025-06-29T19:22:00,delivered,RTE-CIN-20250627-003
SHP-202503-000197,CLI-0007,HUB-CIN,standard,2025-03-31T09:32:00,2025-04-03T14:32:00,delivered,RTE-CIN-20250331-001
SHP-202505-000136,CLI-0201,HUB-IND,standard,2025-05-18T11:18:00,2025-05-21T22:18:00,delivered,RTE-IND-20250520-001
SHP-202509-000169,CLI-0042,HUB-CIN,freight,2025-09-01T06:51:00,2025-09-05T09:51:00,delivered,
SHP-202501-000151,CLI-0007,HUB-CIN,standard,2025-01-07T19:25:00,2025-01-11T03:25:00,delivered,RTE-CIN-20250108-004
SHP-202505-000138,CLI-0169,HUB-IND,standard,2025-05-23T06:52:00,2025-05-26T17:52:00,delivered,RTE-IND-20250523-003
SHP-202511-000233,CLI-0201,HUB-CIN,standard,2025-11-15T18:09:00,2025-11-16T22:09:00,delivered,RTE-CIN-20251117-002
SHP-202504-000142,CLI-0007,HUB-CIN,standard,2025-04-30T12:45:00,2025-05-03T14:45:00,delivered,RTE-CIN-20250430-002
SHP-202512-000240,CLI-0042,HUB-DET,freight,2025-12-04T20:52:00,2025-12-06T22:52:00,delivered,
SHP-202504-000143,CLI-0042,HUB-CMH,freight,2025-04-28T07:44:00,2025-05-02T13:44:00,delivered,
SHP-202507-000166,CLI-0042,HUB-CIN,freight,2025-07-14T19:40:00,2025-07-19T06:40:00,delivered,
SHP-202502-000143,CLI-0042,HUB-DET,freight,2025-02-13T10:26:00,2025-02-15T13:26:00,delivered,
SHP-202501-000153,CLI-0201,HUB-CHI,standard,2025-01-09T19:52:00,2025-01-13T06:52:00,delivered,RTE-CHI-20250109-001
SHP-202510-000172,CLI-0007,HUB-IND,standard,2025-10-29T17:02:00,2025-11-02T23:02:00,delivered,RTE-IND-20251029-001
SHP-202505-000140,CLI-0042,HUB-DET,freight,2025-05-18T20:23:00,2025-05-20T07:23:00,delivered,
SHP-202507-000169,CLI-0042,HUB-CIN,freight,2025-07-18T09:34:00,2025-07-19T16:34:00,delivered,
SHP-202510-000173,CLI-0201,HUB-CMH,standard,2025-10-19T09:08:00,2025-10-20T11:08:00,delivered,RTE-CMH-20251019-001
SHP-202508-000157,CLI-0155,HUB-CMH,standard,2025-08-24T08:31:00,2025-08-26T20:31:00,delivered,RTE-CMH-20250824-001
SHP-202501-000155,CLI-0042,HUB-CMH,freight,2025-01-01T07:40:00,2025-01-04T13:40:00,delivered,
SHP-202511-000235,CLI-0155,HUB-CMH,standard,2025-11-09T13:33:00,2025-11-11T15:33:00,delivered,RTE-CMH-20251109-001
SHP-202503-000198,CLI-0042,HUB-CIN,freight,2025-03-01T08:54:00,2025-03-02T18:54:00,delivered,
SHP-202502-000147,CLI-0201,HUB-CMH,expedited,2025-02-14T06:47:00,2025-02-15T18:47:00,delivered,RTE-CMH-20250214-001
SHP-202506-000145,CLI-0042,HUB-DET,freight,2025-06-10T10:57:00,2025-06-11T18:57:00,delivered,
SHP-202510-000175,CLI-0155,HUB-CHI,expedited,2025-10-15T08:51:00,2025-10-16T15:51:00,delivered,RTE-CHI-20251015-003
SHP-202503-000199,CLI-0007,HUB-CIN,expedited,2025-03-01T14:59:00,2025-03-02T21:59:00,delivered,RTE-CIN-20250303-001
SHP-202510-000176,CLI-0007,HUB-CMH,standard,2025-10-03T06:09:00,2025-10-07T09:09:00,delivered,RTE-CMH-20251003-002
SHP-202508-000160,CLI-0201,HUB-DET,standard,2025-08-11T14:14:00,2025-08-17T14:14:00,delayed,RTE-DET-20250811-001
SHP-202509-000170,CLI-0155,HUB-CHI,standard,2025-09-15T09:24:00,2025-09-18T15:24:00,delivered,RTE-CHI-20250915-004
SHP-202503-000200,CLI-0169,HUB-IND,standard,2025-03-12T19:28:00,2025-03-14T01:28:00,delivered,RTE-IND-20250312-003
SHP-202507-000173,CLI-0169,HUB-IND,standard,2025-07-04T12:10:00,2025-07-06T23:10:00,delivered,RTE-IND-20250705-001
SHP-202512-000244,CLI-0042,HUB-CIN,freight,2025-12-25T07:56:00,2025-12-26T08:56:00,delivered,
SHP-202507-000174,CLI-0042,HUB-CHI,freight,2025-07-18T11:51:00,2025-07-22T21:51:00,delivered,
SHP-202505-000143,CLI-0007,HUB-CHI,expedited,2025-05-18T20:05:00,2025-05-19T22:05:00,delivered,RTE-CHI-20250518-001
SHP-202510-000177,CLI-0042,HUB-CMH,freight,2025-10-17T08:55:00,2025-10-18T09:55:00,delivered,
SHP-202511-000236,CLI-0169,HUB-CMH,standard,2025-11-21T06:53:00,2025-11-25T17:53:00,delivered,RTE-CMH-20251121-001
SHP-202508-000161,CLI-0042,HUB-IND,freight,2025-08-26T17:47:00,2025-08-30T03:47:00,delivered,
SHP-202512-000245,CLI-0007,HUB-CMH,standard,2025-12-08T12:18:00,2025-12-10T16:18:00,delivered,RTE-CMH-20251208-001
SHP-202510-000178,CLI-0042,HUB-DET,freight,2025-10-23T15:27:00,2025-10-24T16:27:00,delivered,
SHP-202506-000148,CLI-0201,HUB-CHI,standard,2025-06-10T13:34:00,2025-06-11T23:34:00,delivered,RTE-CHI-20250610-001
SHP-202501-000159,CLI-0042,HUB-CIN,freight,2025-01-08T06:41:00,2025-01-12T16:41:00,delivered,
SHP-202501-000160,CLI-0042,HUB-CIN,freight,2025-01-24T14:58:00,2025-01-27T17:58:00,delivered,
SHP-202501-000161,CLI-0007,HUB-CMH,standard,2025-01-08T13:14:00,2025-01-09T17:14:00,delivered,RTE-CMH-20250108-002
SHP-202503-000202,CLI-0169,HUB-CIN,standard,2025-03-14T10:29:00,2025-03-15T21:29:00,delivered,RTE-CIN-20250316-001
SHP-202509-000174,CLI-0155,HUB-CMH,standard,2025-09-18T14:08:00,2025-09-22T16:08:00,delivered,RTE-CMH-20250918-004
SHP-202512-000250,CLI-0042,HUB-IND,freight,2025-12-06T07:17:00,2025-12-09T17:17:00,delivered,
SHP-202502-000149,CLI-0169,HUB-CIN,standard,2025-02-03T09:44:00,2025-02-05T20:44:00,delivered,RTE-CIN-20250203-001
SHP-202503-000204,CLI-0201,HUB-IND,expedited,2025-03-08T12:16:00,2025-03-09T12:16:00,delivered,RTE-IND-20250308-001
SHP-202512-000251,CLI-0042,HUB-IND,freight,2025-12-16T17:50:00,2025-12-21T00:50:00,delivered,
SHP-202502-000150,CLI-0007,HUB-DET,standard,2025-02-15T19:38:00,2025-02-18T04:38:00,delivered,RTE-DET-20250215-001
SHP-202509-000175,CLI-0042,HUB-IND,freight,2025-09-29T09:53:00,2025-10-02T10:53:00,delivered,
SHP-202509-000176,CLI-0042,HUB-IND,freight,2025-09-07T12:35:00,2025-09-11T18:35:00,delivered,
SHP-202501-000163,CLI-0201,HUB-CHI,standard,2025-01-21T14:51:00,2025-01-24T14:51:00,delivered,RTE-CHI-20250121-002
SHP-202506-000149,CLI-0155,HUB-IND,standard,2025-06-05T13:27:00,2025-06-07T23:27:00,delivered,RTE-IND-20250606-003
SHP-202510-000182,CLI-0155,HUB-CHI,standard,2025-10-12T14:54:00,2025-10-13T22:54:00,delivered,RTE-CHI-20251013-001
SHP-202512-000254,CLI-0007,HUB-IND,expedited,2025-12-20T14:31:00,2025-12-21T19:31:00,delivered,RTE-IND-20251220-001
SHP-202507-000176,CLI-0155,HUB-IND,expedited,2025-07-25T11:15:00,2025-07-26T20:15:00,delivered,RTE-IND-20250725-004
SHP-202502-000151,CLI-0155,HUB-IND,standard,2025-02-10T17:58:00,2025-02-14T02:58:00,delivered,RTE-IND-20250210-002
SHP-202506-000151,CLI-0169,HUB-CHI,expedited,2025-06-06T15:09:00,2025-06-07T20:09:00,delivered,RTE-CHI-20250606-001
SHP-202510-000183,CLI-0155,HUB-DET,standard,2025-10-22T19:59:00,2025-10-26T23:59:00,delivered,RTE-DET-20251022-001
SHP-202506-000152,CLI-0042,HUB-DET,freight,2025-06-08T15:26:00,2025-06-12T18:26:00,delivered,
SHP-202512-000256,CLI-0042,HUB-CIN,freight,2025-12-15T16:43:00,2025-12-20T00:43:00,delivered,
SHP-202501-000164,CLI-0042,HUB-CMH,freight,2025-01-02T20:48:00,2025-01-05T22:48:00,delivered,
SHP-202502-000153,CLI-0169,HUB-IND,standard,2025-02-02T16:02:00,2025-02-04T23:02:00,delivered,RTE-IND-20250203-003
SHP-202508-000165,CLI-0155,HUB-CHI,expedited,2025-08-06T17:50:00,2025-08-07T20:50:00,delivered,RTE-CHI-20250807-001
SHP-202507-000177,CLI-0007,HUB-DET,expedited,2025-07-23T20:02:00,2025-07-24T23:02:00,delivered,RTE-DET-20250723-002
SHP-202507-000178,CLI-0169,HUB-CHI,standard,2025-07-13T12:11:00,2025-07-14T21:11:00,delivered,RTE-CHI-20250714-001
SHP-202509-000177,CLI-0042,HUB-DET,freight,2025-09-17T12:05:00,2025-09-21T12:05:00,delivered,
SHP-202504-000146,CLI-0007,HUB-CMH,standard,2025-04-13T08:25:00,2025-04-15T16:25:00,delivered,RTE-CMH-20250414-003
SHP-202505-000146,CLI-0155,HUB-DET,standard,2025-05-15T11:28:00,2025-05-17T13:28:00,delivered,RTE-DET-20250515-002
SHP-202507-000179,CLI-0201,HUB-CHI,expedited,2025-07-01T15:21:00,2025-07-03T01:21:00,delivered,RTE-CHI-20250701-002
SHP-202512-000265,CLI-0201,HUB-CHI,standard,2025-12-04T06:32:00,2025-12-08T09:32:00,delivered,RTE-CHI-20251204-001
SHP-202508-000166,CLI-0201,HUB-CMH,standard,2025-08-31T10:50:00,2025-09-03T15:50:00,delivered,RTE-CMH-20250901-001
SHP-202512-000266,CLI-0201,HUB-IND,standard,2025-12-11T20:42:00,2025-12-16T05:42:00,delivered,RTE-IND-20251211-004
SHP-202501-000165,CLI-0201,HUB-CHI,standard,2025-01-10T07:39:00,2025-01-14T08:39:00,delivered,RTE-CHI-20250110-002
SHP-202502-000154,CLI-0007,HUB-CHI,standard,2025-02-15T18:45:00,2025-02-20T01:45:00,delivered,RTE-CHI-20250215-001
SHP-202508-000167,CLI-0042,HUB-DET,freight,2025-08-13T11:44:00,2025-08-17T21:44:00,delivered,
SHP-202503-000208,CLI-0201,HUB-IND,standard,2025-03-01T06:32:00,2025-03-04T08:32:00,delivered,RTE-IND-20250301-001
SHP-202504-000148,CLI-0042,HUB-CHI,freight,2025-04-30T07:37:00,2025-05-01T19:37:00,delivered,
SHP-202506-000155,CLI-0201,HUB-IND,expedited,2025-06-28T15:40:00,2025-06-29T19:40:00,delivered,RTE-IND-20250628-001
SHP-202509-000180,CLI-0042,HUB-CMH,freight,2025-09-03T08:26:00,2025-09-07T14:26:00,delivered,
SHP-202506-000156,CLI-0201,HUB-DET,standard,2025-06-06T15:28:00,2025-06-09T16:28:00,delivered,RTE-DET-20250606-002
SHP-202508-000168,CLI-0042,HUB-IND,freight,2025-08-07T19:21:00,2025-08-11T22:21:00,delivered,
SHP-202501-000166,CLI-0169,HUB-CMH,standard,2025-01-05T08:29:00,2025-01-07T14:29:00,delivered,RTE-CMH-20250105-001
SHP-202506-000158,CLI-0007,HUB-IND,standard,2025-06-03T20:33:00,2025-06-07T05:33:00,delivered,RTE-IND-20250603-002
SHP-202507-000181,CLI-0155,HUB-DET,standard,2025-07-21T09:19:00,2025-07-24T13:19:00,delivered,RTE-DET-20250721-002
SHP-202504-000149,CLI-0155,HUB-CMH,expedited,2025-04-24T10:39:00,2025-04-25T19:39:00,delivered,RTE-CMH-20250424-001
SHP-202505-000148,CLI-0155,HUB-DET,standard,2025-05-26T14:48:00,2025-05-28T16:48:00,delivered,RTE-DET-20250526-002
SHP-202504-000150,CLI-0169,HUB-CIN,standard,2025-04-25T15:46:00,2025-04-28T00:46:00,delivered,RTE-CIN-20250425-002
SHP-202510-000187,CLI-0042,HUB-CHI,freight,2025-10-20T07:55:00,2025-10-21T14:55:00,delivered,
SHP-202503-000209,CLI-0042,HUB-CMH,freight,2025-03-06T10:17:00,2025-03-09T16:17:00,delivered,
SHP-202508-000169,CLI-0201,HUB-IND,standard,2025-08-25T15:25:00,2025-08-29T01:25:00,delivered,RTE-IND-20250825-001
SHP-202512-000268,CLI-0042,HUB-CIN,freight,2025-12-13T12:51:00,2025-12-15T13:51:00,delivered,
SHP-202505-000150,CLI-0007,HUB-CMH,standard,2025-05-16T16:28:00,2025-05-21T00:28:00,delivered,RTE-CMH-20250516-004
SHP-202512-000269,CLI-0201,HUB-CIN,expedited,2025-12-21T06:35:00,2025-12-22T16:35:00,delivered,RTE-CIN-20251221-001
SHP-202501-000167,CLI-0169,HUB-CMH,standard,2025-01-20T14:50:00,2025-01-23T14:50:00,delivered,RTE-CMH-20250121-003
SHP-202501-000168,CLI-0201,HUB-CIN,expedited,2025-01-09T09:13:00,2025-01-10T12:13:00,delivered,RTE-CIN-20250109-001
SHP-202501-000169,CLI-0155,HUB-DET,standard,2025-01-12T07:46:00,2025-01-16T19:46:00,delivered,RTE-DET-20250113-003
SHP-202508-000170,CLI-0042,HUB-DET,freight,2025-08-22T19:27:00,2025-08-27T04:27:00,delivered,
SHP-202511-000245,CLI-0169,HUB-CHI,expedited,2025-11-09T06:11:00,2025-11-10T11:11:00,delivered,RTE-CHI-20251110-002
SHP-202503-000215,CLI-0007,HUB-CHI,standard,2025-03-17T15:02:00,2025-03-20T21:02:00,delivered,RTE-CHI-20250317-001
SHP-202502-000158,CLI-0007,HUB-CMH,standard,2025-02-21T13:32:00,2025-02-25T00:32:00,delivered,RTE-CMH-20250221-003
SHP-202507-000184,CLI-0169,HUB-CMH,standard,2025-07-01T08:11:00,2025-07-05T14:11:00,delivered,RTE-CMH-20250701-005
SHP-202502-000159,CLI-0201,HUB-IND,standard,2025-02-27T10:37:00,2025-03-03T13:37:00,delivered,RTE-IND-20250227-003
SHP-202510-000189,CLI-0201,HUB-CMH,expedited,2025-10-18T11:34:00,2025-10-19T23:34:00,delivered,RTE-CMH-20251018-001
SHP-202511-000247,CLI-0169,HUB-CIN,expedited,2025-11-06T08:09:00,2025-11-07T09:09:00,delivered,RTE-CIN-20251106-001
SHP-202502-000160,CLI-0201,HUB-CHI,standard,2025-02-06T15:20:00,2025-02-10T18:20:00,delivered,RTE-CHI-20250206-001
SHP-202508-000172,CLI-0169,HUB-IND,standard,2025-08-09T06:41:00,2025-08-12T07:41:00,delivered,RTE-IND-20250811-001
SHP-202504-000153,CLI-0007,HUB-CHI,standard,2025-04-10T18:54:00,2025-04-14T03:54:00,delivered,RTE-CHI-20250410-002
SHP-202509-000182,CLI-0007,HUB-IND,standard,2025-09-19T19:27:00,2025-09-24T01:27:00,delivered,RTE-IND-20250919-001
SHP-202502-000161,CLI-0155,HUB-CIN,standard,2025-02-26T12:19:00,,failed,RTE-CIN-20250227-002
SHP-202512-000272,CLI-0201,HUB-CHI,standard,2025-12-11T14:58:00,2025-12-18T14:58:00,delayed,RTE-CHI-20251211-006
SHP-202507-000185,CLI-0201,HUB-IND,expedited,2025-07-25T07:38:00,2025-07-26T09:38:00,delivered,RTE-IND-20250725-003
SHP-202502-000162,CLI-0042,HUB-IND,freight,2025-02-08T17:04:00,2025-02-11T02:04:00,delivered,
SHP-202505-000156,CLI-0007,HUB-IND,expedited,2025-05-10T14:58:00,2025-05-12T02:58:00,delivered,RTE-IND-20250510-001
SHP-202512-000273,CLI-0007,HUB-DET,expedited,2025-12-25T13:09:00,2025-12-26T19:09:00,delivered,RTE-DET-20251225-001
SHP-202501-000171,CLI-0169,HUB-CHI,expedited,2025-01-02T14:21:00,2025-01-03T20:21:00,delivered,RTE-CHI-20250102-001
SHP-202501-000172,CLI-0042,HUB-IND,freight,2025-01-02T18:11:00,2025-01-05T02:11:00,delivered,
SHP-202512-000274,CLI-0169,HUB-CIN,standard,2025-12-30T20:26:00,2026-01-02T06:26:00,delivered,RTE-CIN-20251230-001
SHP-202502-000163,CLI-0201,HUB-CIN,standard,2025-02-01T08:52:00,2025-02-05T11:52:00,delivered,RTE-CIN-20250201-001
SHP-202506-000161,CLI-0042,HUB-DET,freight,2025-06-16T20:30:00,2025-06-18T06:30:00,delivered,
SHP-202501-000173,CLI-0169,HUB-CIN,standard,2025-01-23T16:57:00,2025-01-25T02:57:00,delivered,RTE-CIN-20250123-002
SHP-202505-000157,CLI-0007,HUB-CIN,standard,2025-05-17T15:28:00,2025-05-18T22:28:00,delivered,
SHP-202509-000183,CLI-0169,HUB-CIN,standard,2025-09-15T19:34:00,2025-09-19T00:34:00,delivered,RTE-CIN-20250915-001
SHP-202512-000275,CLI-0042,HUB-CHI,freight,2025-12-05T17:25:00,2025-12-10T01:25:00,delivered,
SHP-202506-000162,CLI-0155,HUB-DET,standard,2025-06-16T06:48:00,2025-06-19T08:48:00,delivered,RTE-DET-20250616-002
SHP-202508-000173,CLI-0201,HUB-DET,standard,2025-08-13T06:35:00,2025-08-17T10:35:00,delivered,RTE-DET-20250813-001
SHP-202512-000276,CLI-0155,HUB-CIN,standard,2025-12-18T15:54:00,2025-12-22T19:54:00,delivered,RTE-CIN-20251218-002
SHP-202510-000192,CLI-0155,HUB-IND,standard,2025-10-01T15:10:00,2025-10-05T15:10:00,delivered,RTE-IND-20251001-001
SHP-202501-000176,CLI-0155,HUB-CIN,standard,2025-01-22T15:38:00,2025-01-26T02:38:00,delivered,RTE-CIN-20250122-001
SHP-202502-000166,CLI-0201,HUB-CHI,standard,2025-02-24T20:28:00,2025-02-25T20:28:00,delivered,RTE-CHI-20250224-001
SHP-202501-000177,CLI-0169,HUB-DET,expedited,2025-01-01T12:06:00,2025-01-03T00:06:00,delivered,RTE-DET-20250101-004
SHP-202510-000194,CLI-0155,HUB-DET,standard,2025-10-05T06:32:00,2025-10-06T16:32:00,delivered,RTE-DET-20251006-001
SHP-202504-000159,CLI-0007,HUB-CMH,standard,2025-04-15T20:18:00,2025-04-18T22:18:00,delivered,RTE-CMH-20250415-001
SHP-202511-000251,CLI-0042,HUB-DET,freight,2025-11-04T13:17:00,2025-11-08T21:17:00,delivered,
SHP-202507-000187,CLI-0042,HUB-DET,freight,2025-07-11T08:50:00,2025-07-12T13:50:00,delivered,
SHP-202506-000163,CLI-0201,HUB-DET,standard,2025-06-26T20:27:00,2025-06-28T22:27:00,delivered,RTE-DET-20250626-005
SHP-202503-000217,CLI-0169,HUB-CHI,standard,2025-03-05T16:41:00,2025-03-10T04:41:00,delivered,RTE-CHI-20250305-001
SHP-202501-000178,CLI-0155,HUB-DET,expedited,2025-01-16T10:34:00,2025-01-17T22:34:00,delivered,RTE-DET-20250116-001
SHP-202506-000165,CLI-0169,HUB-CIN,standard,2025-06-27T08:37:00,2025-06-29T18:37:00,delivered,RTE-CIN-20250627-005
SHP-202506-000166,CLI-0169,HUB-CMH,standard,2025-06-27T14:20:00,2025-06-28T21:20:00,delivered,RTE-CMH-20250627-006
SHP-202502-000168,CLI-0042,HUB-CIN,freight,2025-02-04T19:40:00,2025-02-08T04:40:00,delivered,
SHP-202511-000252,CLI-0169,HUB-CHI,standard,2025-11-05T14:01:00,2025-11-06T22:01:00,delivered,RTE-CHI-20251105-001
SHP-202504-000162,CLI-0007,HUB-CHI,standard,2025-04-22T16:33:00,2025-04-24T22:33:00,delivered,RTE-CHI-20250422-004
SHP-202506-000167,CLI-0169,HUB-CHI,standard,2025-06-11T17:19:00,2025-06-13T22:19:00,delivered,RTE-CHI-20250611-001
SHP-202509-000184,CLI-0155,HUB-DET,standard,2025-09-02T17:30:00,2025-09-06T19:30:00,delivered,RTE-DET-20250902-005
SHP-202506-000168,CLI-0201,HUB-CHI,standard,2025-06-08T15:16:00,2025-06-12T19:16:00,delivered,RTE-CHI-20250608-001
SHP-202512-000277,CLI-0007,HUB-CMH,standard,2025-12-29T12:42:00,2026-01-01T14:42:00,delivered,RTE-CMH-20251229-001
SHP-202511-000254,CLI-0155,HUB-CIN,expedited,2025-11-30T10:39:00,2025-12-01T20:39:00,delivered,RTE-CIN-20251201-001
SHP-202511-000256,CLI-0169,HUB-CIN,standard,2025-11-22T14:47:00,2025-11-23T16:47:00,delivered,RTE-CIN-20251124-002
SHP-202510-000195,CLI-0155,HUB-IND,expedited,2025-10-25T18:17:00,2025-10-26T21:17:00,delivered,RTE-IND-20251027-003
SHP-202510-000196,CLI-0042,HUB-CIN,freight,2025-10-23T16:58:00,2025-10-25T17:58:00,delivered,
SHP-202508-000177,CLI-0042,HUB-IND,freight,2025-08-16T11:09:00,2025-08-20T17:09:00,delivered,
SHP-202510-000197,CLI-0169,HUB-CMH,standard,2025-10-27T16:20:00,2025-10-29T04:20:00,delivered,RTE-CMH-20251027-001
SHP-202503-000220,CLI-0169,HUB-IND,standard,2025-03-10T17:27:00,2025-03-12T04:27:00,delivered,RTE-IND-20250310-001
SHP-202502-000171,CLI-0169,HUB-CIN,expedited,2025-02-10T12:36:00,2025-02-11T17:36:00,delivered,RTE-CIN-20250210-001
SHP-202501-000180,CLI-0169,HUB-CIN,standard,2025-01-31T19:48:00,2025-02-04T20:48:00,delivered,RTE-CIN-20250131-001
SHP-202507-000188,CLI-0155,HUB-DET,standard,2025-07-07T07:41:00,2025-07-11T13:41:00,delivered,RTE-DET-20250707-002
SHP-202505-000161,CLI-0169,HUB-CMH,standard,2025-05-16T16:35:00,2025-05-18T23:35:00,delivered,RTE-CMH-20250516-002
SHP-202511-000258,CLI-0155,HUB-DET,standard,2025-11-21T18:37:00,2025-11-25T06:37:00,delivered,RTE-DET-20251121-003
SHP-202510-000199,CLI-0042,HUB-DET,freight,2025-10-22T13:25:00,2025-10-23T22:25:00,delivered,
SHP-202504-000167,CLI-0155,HUB-DET,standard,2025-04-30T19:16:00,2025-05-02T04:16:00,delivered,RTE-DET-20250430-001
SHP-202501-000182,CLI-0007,HUB-IND,standard,2025-01-07T19:40:00,2025-01-08T21:40:00,delivered,RTE-IND-20250107-001
SHP-202511-000259,CLI-0169,HUB-DET,standard,2025-11-09T06:17:00,2025-11-10T06:17:00,delivered,RTE-DET-20251110-001
SHP-202510-000201,CLI-0201,HUB-IND,expedited,2025-10-13T15:26:00,2025-10-14T17:26:00,delivered,RTE-IND-20251013-001
SHP-202505-000163,CLI-0201,HUB-CHI,standard,2025-05-02T11:12:00,2025-05-03T11:12:00,delivered,RTE-CHI-20250502-002
SHP-202504-000169,CLI-0007,HUB-CHI,expedited,2025-04-21T06:41:00,2025-04-22T08:41:00,delivered,RTE-CHI-20250421-001
SHP-202505-000164,CLI-0201,HUB-CMH,expedited,2025-05-12T08:52:00,2025-05-13T12:52:00,delivered,RTE-CMH-20250512-003
SHP-202503-000224,CLI-0169,HUB-IND,standard,2025-03-10T11:07:00,2025-03-12T12:07:00,delivered,RTE-IND-20250310-002
SHP-202502-000173,CLI-0007,HUB-IND,expedited,2025-02-24T14:37:00,2025-02-25T15:37:00,delivered,RTE-IND-20250224-004
SHP-202508-000180,CLI-0042,HUB-CIN,freight,2025-08-12T08:07:00,2025-08-16T13:07:00,delivered,
SHP-202504-000171,CLI-0042,HUB-CMH,freight,2025-04-22T14:33:00,2025-04-26T01:33:00,delivered,
SHP-202505-000166,CLI-0042,HUB-CMH,freight,2025-05-10T15:54:00,2025-05-15T00:54:00,delivered,
SHP-202506-000174,CLI-0007,HUB-CIN,standard,2025-06-22T10:24:00,2025-06-23T10:24:00,delivered,RTE-CIN-20250622-001
SHP-202506-000176,CLI-0042,HUB-CHI,freight,2025-06-08T16:16:00,2025-06-09T17:16:00,delivered,
SHP-202510-000204,CLI-0155,HUB-IND,standard,2025-10-22T17:17:00,2025-10-27T00:17:00,delivered,RTE-IND-20251022-005
SHP-202508-000181,CLI-0169,HUB-CHI,standard,2025-08-28T08:59:00,2025-09-01T08:59:00,delivered,RTE-CHI-20250828-001
SHP-202510-000205,CLI-0201,HUB-CMH,standard,2025-10-09T18:40:00,2025-10-13T03:40:00,delivered,RTE-CMH-20251009-002
SHP-202501-000186,CLI-0201,HUB-CMH,expedited,2025-01-10T06:29:00,2025-01-11T09:29:00,delivered,RTE-CMH-20250110-003
SHP-202501-000187,CLI-0201,HUB-CMH,standard,2025-01-29T08:35:00,2025-01-31T15:35:00,delivered,RTE-CMH-20250129-001
SHP-202508-000182,CLI-0007,HUB-CHI,standard,2025-08-07T20:16:00,2025-08-10T20:16:00,delivered,RTE-CHI-20250807-001
SHP-202505-000167,CLI-0042,HUB-IND,freight,2025-05-13T16:11:00,2025-05-17T22:11:00,delivered,
SHP-202506-000177,CLI-0042,HUB-CMH,freight,2025-06-03T15:05:00,2025-06-04T20:05:00,delivered,
SHP-202511-000263,CLI-0155,HUB-DET,expedited,2025-11-17T10:15:00,2025-11-18T16:15:00,delivered,RTE-DET-20251117-002
SHP-202502-000176,CLI-0201,HUB-CIN,standard,2025-02-12T11:48:00,2025-02-14T18:48:00,delivered,RTE-CIN-20250212-001
SHP-202512-000283,CLI-0201,HUB-DET,expedited,2025-12-09T14:25:00,2025-12-11T01:25:00,delivered,RTE-DET-20251209-001
SHP-202510-000206,CLI-0155,HUB-CIN,standard,2025-10-07T13:53:00,2025-10-09T22:53:00,delivered,RTE-CIN-20251008-003
SHP-202501-000188,CLI-0169,HUB-CMH,standard,2025-01-31T20:06:00,2025-02-04T04:06:00,delivered,RTE-CMH-20250131-001
SHP-202510-000207,CLI-0155,HUB-CHI,standard,2025-10-17T11:55:00,2025-10-19T15:55:00,delivered,RTE-CHI-20251017-003
SHP-202501-000189,CLI-0201,HUB-DET,standard,2025-01-28T07:09:00,2025-02-01T11:09:00,delivered,RTE-DET-20250128-005
SHP-202511-000264,CLI-0169,HUB-CHI,standard,2025-11-06T15:50:00,2025-11-11T01:50:00,delivered,RTE-CHI-20251106-004
SHP-202512-000285,CLI-0155,HUB-CMH,expedited,2025-12-20T07:42:00,2025-12-21T14:42:00,delivered,RTE-CMH-20251220-001
SHP-202504-000172,CLI-0007,HUB-CIN,standard,2025-04-11T09:00:00,2025-04-15T12:00:00,delivered,RTE-CIN-20250411-001
SHP-202509-000189,CLI-0201,HUB-CIN,standard,2025-09-22T12:25:00,2025-09-23T17:25:00,delivered,RTE-CIN-20250922-002
SHP-202501-000191,CLI-0201,HUB-CMH,standard,2025-01-16T17:33:00,2025-01-19T00:33:00,delivered,RTE-CMH-20250116-003
SHP-202511-000268,CLI-0155,HUB-DET,standard,2025-11-21T07:34:00,2025-11-24T10:34:00,delivered,RTE-DET-20251121-002
SHP-202501-000194,CLI-0201,HUB-CIN,expedited,2025-01-21T20:57:00,2025-01-23T08:57:00,delivered,RTE-CIN-20250122-001
SHP-202501-000195,CLI-0155,HUB-IND,standard,2025-01-08T18:08:00,2025-01-12T20:08:00,delivered,RTE-IND-20250108-002
SHP-202503-000226,CLI-0042,HUB-DET,freight,2025-03-04T15:42:00,2025-03-07T22:42:00,delivered,
SHP-202508-000183,CLI-0007,HUB-CHI,standard,2025-08-12T20:59:00,2025-08-14T21:59:00,delivered,RTE-CHI-20250812-001
SHP-202506-000180,CLI-0007,HUB-DET,expedited,2025-06-14T19:09:00,2025-06-15T19:09:00,delivered,RTE-DET-20250615-002
SHP-202504-000173,CLI-0042,HUB-CIN,freight,2025-04-22T18:16:00,2025-04-24T22:16:00,delivered,
SHP-202504-000174,CLI-0007,HUB-CIN,standard,2025-04-19T09:36:00,2025-04-22T17:36:00,delivered,RTE-CIN-20250421-002
SHP-202502-000178,CLI-0042,HUB-IND,freight,2025-02-03T20:06:00,2025-02-04T20:06:00,delivered,
SHP-202501-000196,CLI-0169,HUB-CMH,standard,2025-01-24T17:23:00,2025-01-29T04:23:00,delivered,RTE-CMH-20250124-001
SHP-202506-000181,CLI-0007,HUB-CMH,standard,2025-06-08T19:07:00,2025-06-12T02:07:00,delivered,RTE-CMH-20250608-002
SHP-202508-000185,CLI-0169,HUB-IND,expedited,2025-08-30T20:55:00,2025-09-01T04:55:00,delivered,RTE-IND-20250830-001
SHP-202509-000191,CLI-0007,HUB-CHI,standard,2025-09-10T11:48:00,2025-09-11T16:48:00,delivered,RTE-CHI-20250910-002
SHP-202507-000196,CLI-0201,HUB-CMH,expedited,2025-07-05T18:38:00,2025-07-06T21:38:00,delivered,RTE-CMH-20250705-001
SHP-202507-000197,CLI-0155,HUB-IND,standard,2025-07-16T17:53:00,2025-07-22T17:53:00,delayed,RTE-IND-20250716-002
SHP-202508-000186,CLI-0169,HUB-CMH,standard,2025-08-28T06:29:00,2025-09-01T07:29:00,delivered,RTE-CMH-20250828-001
SHP-202507-000198,CLI-0155,HUB-DET,standard,2025-07-05T16:48:00,2025-07-06T19:48:00,delivered,RTE-DET-20250706-001
SHP-202502-000179,CLI-0155,HUB-CHI,standard,2025-02-20T18:11:00,2025-02-23T19:11:00,delivered,RTE-CHI-20250220-002
SHP-202506-000182,CLI-0169,HUB-DET,standard,2025-06-04T12:03:00,2025-06-06T17:03:00,delivered,RTE-DET-20250605-001
SHP-202507-000199,CLI-0201,HUB-CHI,expedited,2025-07-21T08:35:00,2025-07-22T12:35:00,delivered,RTE-CHI-20250721-001
SHP-202501-000197,CLI-0201,HUB-IND,standard,2025-01-24T13:41:00,2025-01-26T15:41:00,delivered,RTE-IND-20250124-001
SHP-202512-000286,CLI-0169,HUB-CHI,expedited,2025-12-28T20:25:00,2025-12-30T07:25:00,delivered,RTE-CHI-20251228-001
SHP-202511-000269,CLI-0042,HUB-IND,freight,2025-11-07T14:58:00,2025-11-11T23:58:00,delivered,
SHP-202512-000287,CLI-0042,HUB-IND,freight,2025-12-14T18:23:00,2025-12-17T18:23:00,delivered,
SHP-202508-000187,CLI-0155,HUB-CMH,standard,2025-08-19T16:41:00,2025-08-23T23:41:00,delivered,RTE-CMH-20250820-003
SHP-202503-000228,CLI-0007,HUB-CIN,expedited,2025-03-23T06:15:00,2025-03-24T14:15:00,delivered,RTE-CIN-20250323-001
SHP-202503-000229,CLI-0155,HUB-CHI,standard,2025-03-26T14:23:00,2025-03-29T22:23:00,delivered,RTE-CHI-20250326-002
SHP-202505-000172,CLI-0201,HUB-IND,standard,2025-05-17T07:03:00,2025-05-18T08:03:00,delivered,RTE-IND-20250517-001
SHP-202508-000188,CLI-0042,HUB-CHI,freight,2025-08-19T18:05:00,2025-08-22T01:05:00,delivered,
SHP-202512-000289,CLI-0042,HUB-IND,freight,2025-12-17T15:12:00,2025-12-21T22:12:00,delivered,
SHP-202504-000176,CLI-0155,HUB-DET,standard,2025-04-04T19:07:00,2025-04-08T21:07:00,delivered,RTE-DET-20250404-001
SHP-202501-000200,CLI-0169,HUB-IND,standard,2025-01-17T20:22:00,2025-01-20T21:22:00,delivered,RTE-IND-20250117-002
SHP-202509-000192,CLI-0007,HUB-CHI,expedited,2025-09-10T07:52:00,2025-09-11T12:52:00,delivered,RTE-CHI-20250910-001
SHP-202501-000202,CLI-0007,HUB-CIN,expedited,2025-01-23T19:10:00,2025-01-24T21:10:00,delivered,RTE-CIN-20250123-001
SHP-202505-000173,CLI-0155,HUB-IND,standard,2025-05-02T20:02:00,2025-05-04T22:02:00,delivered,RTE-IND-20250503-001
SHP-202505-000174,CLI-0042,HUB-CHI,freight,2025-05-07T09:22:00,2025-05-09T21:22:00,delivered,
SHP-202506-000183,CLI-0042,HUB-CMH,freight,2025-06-19T15:56:00,2025-06-22T19:56:00,delivered,
SHP-202504-000178,CLI-0155,HUB-IND,standard,2025-04-29T20:37:00,2025-05-03T08:37:00,delivered,RTE-IND-20250429-001
SHP-202507-000202,CLI-0155,HUB-CMH,standard,2025-07-16T20:28:00,2025-07-18T05:28:00,delivered,RTE-CMH-20250716-003
SHP-202507-000203,CLI-0201,HUB-IND,standard,2025-07-25T08:42:00,2025-07-29T12:42:00,delivered,RTE-IND-20250725-003
SHP-202507-000205,CLI-0007,HUB-IND,standard,2025-07-01T18:08:00,2025-07-02T22:08:00,delivered,RTE-IND-20250702-001
SHP-202505-000175,CLI-0042,HUB-CIN,freight,2025-05-02T19:28:00,2025-05-07T05:28:00,delivered,
SHP-202509-000193,CLI-0155,HUB-IND,expedited,2025-09-14T14:50:00,2025-09-15T16:50:00,delivered,RTE-IND-20250914-001
SHP-202511-000273,CLI-0169,HUB-CIN,standard,2025-11-22T19:47:00,2025-11-26T06:47:00,delivered,RTE-CIN-20251124-002
SHP-202502-000180,CLI-0169,HUB-DET,standard,2025-02-24T20:19:00,2025-02-28T23:19:00,delivered,RTE-DET-20250224-001
SHP-202504-000181,CLI-0007,HUB-CHI,expedited,2025-04-03T09:59:00,2025-04-04T13:59:00,delivered,RTE-CHI-20250404-001
SHP-202508-000190,CLI-0201,HUB-DET,standard,2025-08-16T20:53:00,2025-08-18T05:53:00,delivered,RTE-DET-20250818-003
SHP-202502-000181,CLI-0007,HUB-CIN,standard,2025-02-08T11:48:00,2025-02-10T13:48:00,delivered,RTE-CIN-20250209-003
SHP-202501-000204,CLI-0042,HUB-CIN,freight,2025-01-24T08:29:00,2025-01-25T13:29:00,delivered,
SHP-202507-000208,CLI-0007,HUB-DET,expedited,2025-07-24T06:30:00,2025-07-25T08:30:00,delivered,RTE-DET-20250724-002
SHP-202502-000183,CLI-0155,HUB-IND,standard,2025-02-20T17:12:00,2025-02-25T00:12:00,delivered,RTE-IND-20250220-001
SHP-202512-000293,CLI-0155,HUB-CIN,standard,2025-12-21T15:02:00,2025-12-26T03:02:00,delivered,RTE-CIN-20251221-001
SHP-202502-000184,CLI-0169,HUB-CMH,standard,2025-02-05T13:01:00,,returned,RTE-CMH-20250205-002
SHP-202510-000212,CLI-0155,HUB-IND,expedited,2025-10-14T07:49:00,2025-10-15T10:49:00,delivered,RTE-IND-20251014-003
SHP-202505-000177,CLI-0169,HUB-CHI,standard,2025-05-18T12:36:00,2025-05-19T14:36:00,delivered,RTE-CHI-20250518-001
SHP-202505-000178,CLI-0201,HUB-IND,standard,2025-05-18T18:37:00,2025-05-20T03:37:00,delivered,RTE-IND-20250520-001
SHP-202504-000182,CLI-0007,HUB-IND,standard,2025-04-23T06:19:00,2025-04-27T17:19:00,delivered,RTE-IND-20250423-001
SHP-202501-000206,CLI-0201,HUB-CMH,standard,2025-01-27T13:53:00,2025-01-30T19:53:00,delivered,RTE-CMH-20250127-001
SHP-202508-000191,CLI-0201,HUB-CHI,standard,2025-08-28T20:51:00,2025-08-30T01:51:00,delivered,RTE-CHI-20250828-001
SHP-202512-000295,CLI-0007,HUB-CIN,standard,2025-12-04T14:47:00,2025-12-05T14:47:00,delivered,RTE-CIN-20251204-001
SHP-202511-000274,CLI-0042,HUB-DET,freight,2025-11-03T13:48:00,2025-11-07T16:48:00,delivered,
SHP-202501-000209,CLI-0169,HUB-IND,expedited,2025-01-13T19:42:00,2025-01-15T04:42:00,delivered,RTE-IND-20250113-002
SHP-202503-000237,CLI-0007,HUB-DET,standard,2025-03-12T16:54:00,2025-03-14T00:54:00,delivered,RTE-DET-20250312-001
SHP-202503-000238,CLI-0201,HUB-IND,expedited,2025-03-03T18:13:00,2025-03-04T21:13:00,delivered,RTE-IND-20250303-002
SHP-202508-000192,CLI-0042,HUB-CIN,freight,2025-08-26T12:52:00,2025-08-29T14:52:00,delivered,
SHP-202512-000296,CLI-0169,HUB-IND,standard,2025-12-12T16:38:00,2025-12-13T20:38:00,delivered,RTE-IND-20251212-002
SHP-202508-000193,CLI-0169,HUB-IND,expedited,2025-08-13T14:10:00,2025-08-14T18:10:00,delivered,RTE-IND-20250813-002
SHP-202512-000297,CLI-0007,HUB-DET,expedited,2025-12-22T07:26:00,2025-12-23T07:26:00,delivered,RTE-DET-20251222-003
SHP-202507-000212,CLI-0155,HUB-CHI,standard,2025-07-17T11:56:00,2025-07-18T12:56:00,delivered,RTE-CHI-20250718-003
SHP-202507-000213,CLI-0155,HUB-CIN,expedited,2025-07-14T16:09:00,2025-07-16T02:09:00,delivered,RTE-CIN-20250714-001
SHP-202509-000196,CLI-0042,HUB-CHI,freight,2025-09-19T13:49:00,2025-09-23T13:49:00,delivered,
SHP-202511-000276,CLI-0201,HUB-IND,standard,2025-11-03T20:03:00,2025-11-05T04:03:00,delivered,RTE-IND-20251103-001
SHP-202511-000277,CLI-0007,HUB-DET,standard,2025-11-24T08:33:00,2025-11-28T16:33:00,delivered,RTE-DET-20251124-001
SHP-202503-000239,CLI-0155,HUB-IND,expedited,2025-03-31T11:48:00,2025-04-01T21:48:00,delivered,RTE-IND-20250331-002
SHP-202505-000179,CLI-0201,HUB-CIN,standard,2025-05-22T20:37:00,2025-05-26T21:37:00,delivered,RTE-CIN-20250523-006
SHP-202507-000214,CLI-0042,HUB-CIN,freight,2025-07-27T06:33:00,2025-07-28T09:33:00,delivered,
SHP-202511-000278,CLI-0042,HUB-CHI,freight,2025-11-16T20:26:00,2025-11-20T00:26:00,delivered,
SHP-202502-000188,CLI-0155,HUB-CHI,standard,2025-02-11T16:56:00,2025-02-16T01:56:00,delivered,RTE-CHI-20250212-006
SHP-202508-000194,CLI-0042,HUB-CHI,freight,2025-08-20T15:24:00,2025-08-24T15:24:00,delivered,
SHP-202505-000181,CLI-0169,HUB-CHI,expedited,2025-05-31T20:44:00,2025-06-02T01:44:00,delivered,RTE-CHI-20250531-002
SHP-202507-000215,CLI-0201,HUB-IND,standard,2025-07-01T07:44:00,2025-07-05T19:44:00,delivered,RTE-IND-20250702-001
SHP-202503-000240,CLI-0042,HUB-DET,freight,2025-03-07T12:51:00,2025-03-11T16:51:00,delivered,
SHP-202510-000216,CLI-0169,HUB-CIN,standard,2025-10-27T19:31:00,2025-10-29T21:31:00,delivered,RTE-CIN-20251027-003
SHP-202504-000185,CLI-0201,HUB-CHI,standard,2025-04-06T12:36:00,2025-04-07T18:36:00,delivered,RTE-CHI-20250407-003
SHP-202506-000186,CLI-0155,HUB-CIN,standard,2025-06-04T14:55:00,2025-06-06T15:55:00,delivered,RTE-CIN-20250604-001
SHP-202507-000217,CLI-0042,HUB-CMH,freight,2025-07-26T10:19:00,2025-07-30T16:19:00,delivered,
SHP-202512-000298,CLI-0042,HUB-IND,freight,2025-12-05T17:59:00,2025-12-07T21:59:00,delivered,
SHP-202508-000196,CLI-0007,HUB-CIN,expedited,2025-08-08T14:57:00,2025-08-09T16:57:00,delivered,RTE-CIN-20250808-001
SHP-202501-000213,CLI-0169,HUB-DET,standard,2025-01-18T20:00:00,2025-01-21T23:00:00,delivered,RTE-DET-20250118-001
SHP-202511-000281,CLI-0155,HUB-CMH,standard,2025-11-30T18:19:00,2025-12-02T05:19:00,delivered,RTE-CMH-20251201-001
SHP-202503-000243,CLI-0007,HUB-CHI,standard,2025-03-25T15:20:00,2025-03-26T15:20:00,delivered,RTE-CHI-20250325-001
SHP-202510-000217,CLI-0007,HUB-CIN,standard,2025-10-26T13:12:00,2025-10-27T16:12:00,delivered,RTE-CIN-20251027-004
SHP-202510-000218,CLI-0155,HUB-IND,standard,2025-10-31T10:02:00,2025-11-01T18:02:00,delivered,RTE-IND-20251031-003
SHP-202507-000218,CLI-0169,HUB-IND,standard,2025-07-01T07:46:00,2025-07-02T12:46:00,delivered,RTE-IND-20250702-001
SHP-202501-000216,CLI-0169,HUB-IND,standard,2025-01-07T10:01:00,,failed,RTE-IND-20250107-001
SHP-202505-000184,CLI-0042,HUB-DET,freight,2025-05-23T14:34:00,2025-05-27T19:34:00,delivered,
SHP-202503-000244,CLI-0169,HUB-CMH,expedited,2025-03-22T12:18:00,2025-03-23T23:18:00,delivered,RTE-CMH-20250322-002
SHP-202507-000220,CLI-0007,HUB-IND,standard,2025-07-19T14:21:00,2025-07-22T16:21:00,delivered,RTE-IND-20250720-002
SHP-202507-000221,CLI-0007,HUB-CMH,standard,2025-07-24T12:02:00,2025-07-29T00:02:00,delivered,RTE-CMH-20250724-002
SHP-202507-000222,CLI-0155,HUB-DET,expedited,2025-07-06T18:03:00,2025-07-08T04:03:00,delivered,RTE-DET-20250706-001
SHP-202509-000197,CLI-0169,HUB-CMH,standard,2025-09-22T06:25:00,2025-09-26T06:25:00,delivered,RTE-CMH-20250922-001
SHP-202512-000303,CLI-0155,HUB-CIN,expedited,2025-12-05T06:20:00,2025-12-06T14:20:00,delivered,RTE-CIN-20251205-001
SHP-202511-000284,CLI-0155,HUB-IND,standard,2025-11-06T07:07:00,2025-11-07T18:07:00,delivered,RTE-IND-20251106-001
SHP-202510-000220,CLI-0169,HUB-IND,standard,2025-10-08T10:56:00,2025-10-11T22:56:00,delivered,RTE-IND-20251008-002
SHP-202506-000189,CLI-0201,HUB-CHI,expedited,2025-06-19T15:50:00,2025-06-20T17:50:00,delivered,RTE-CHI-20250619-004
SHP-202507-000226,CLI-0201,HUB-CHI,standard,2025-07-29T12:01:00,2025-08-01T19:01:00,delivered,RTE-CHI-20250729-005
SHP-202511-000285,CLI-0201,HUB-DET,standard,2025-11-24T09:22:00,2025-11-25T14:22:00,delivered,RTE-DET-20251124-001
SHP-202509-000198,CLI-0007,HUB-IND,expedited,2025-09-16T16:00:00,2025-09-17T19:00:00,delivered,RTE-IND-20250916-001
SHP-202512-000304,CLI-0007,HUB-DET,standard,2025-12-14T07:20:00,2025-12-17T15:20:00,delivered,RTE-DET-20251214-002
SHP-202508-000201,CLI-0169,HUB-CHI,standard,2025-08-14T10:04:00,2025-08-17T14:04:00,delivered,RTE-CHI-20250814-002
SHP-202508-000202,CLI-0042,HUB-DET,freight,2025-08-15T10:46:00,2025-08-17T11:46:00,delivered,
SHP-202504-000190,CLI-0201,HUB-CMH,standard,2025-04-20T09:56:00,2025-04-24T13:56:00,delivered,RTE-CMH-20250420-001
SHP-202512-000307,CLI-0201,HUB-CMH,expedited,2025-12-20T13:20:00,2025-12-22T00:20:00,delivered,RTE-CMH-20251220-001
SHP-202501-000219,CLI-0169,HUB-CHI,standard,2025-01-18T18:19:00,2025-01-21T19:19:00,delivered,RTE-CHI-20250118-001
SHP-202501-000220,CLI-0155,HUB-CMH,standard,2025-01-20T13:17:00,2025-01-24T20:17:00,delivered,RTE-CMH-20250121-003
SHP-202507-000227,CLI-0201,HUB-DET,standard,2025-07-07T11:36:00,2025-07-11T13:36:00,delivered,RTE-DET-20250707-004
SHP-202506-000190,CLI-0042,HUB-CMH,freight,2025-06-23T17:04:00,2025-06-27T23:04:00,delivered,
SHP-202512-000309,CLI-0155,HUB-CMH,standard,2025-12-03T06:24:00,2025-12-05T17:24:00,delivered,RTE-CMH-20251203-001
SHP-202505-000188,CLI-0169,HUB-DET,standard,2025-05-11T17:36:00,2025-05-14T23:36:00,delivered,RTE-DET-20250512-001
SHP-202512-000310,CLI-0042,HUB-CIN,freight,2025-12-14T19:58:00,2025-12-17T01:58:00,delivered,
SHP-202501-000221,CLI-0169,HUB-IND,expedited,2025-01-04T17:28:00,2025-01-05T23:28:00,delivered,RTE-IND-20250104-001
SHP-202503-000248,CLI-0201,HUB-IND,standard,2025-03-30T06:24:00,2025-04-02T14:24:00,delivered,RTE-IND-20250331-003
SHP-202503-000249,CLI-0042,HUB-IND,freight,2025-03-09T07:26:00,2025-03-12T12:26:00,delivered,
SHP-202502-000191,CLI-0155,HUB-IND,standard,2025-02-24T18:32:00,2025-02-28T22:32:00,delivered,RTE-IND-20250224-004
SHP-202512-000311,CLI-0042,HUB-CIN,freight,2025-12-22T15:47:00,2025-12-24T00:47:00,delivered,
SHP-202508-000204,CLI-0201,HUB-DET,standard,2025-08-26T14:00:00,2025-08-31T00:00:00,delivered,RTE-DET-20250826-001
SHP-202512-000312,CLI-0042,HUB-CHI,freight,2025-12-03T17:39:00,2025-12-06T03:39:00,delivered,
SHP-202501-000224,CLI-0155,HUB-CHI,standard,2025-01-09T07:36:00,2025-01-13T14:36:00,delivered,RTE-CHI-20250109-001
SHP-202506-000193,CLI-0201,HUB-IND,expedited,2025-06-08T16:33:00,2025-06-09T19:33:00,delivered,RTE-IND-20250609-004
SHP-202508-000205,CLI-0042,HUB-DET,freight,2025-08-16T12:11:00,2025-08-18T22:11:00,delivered,
SHP-202511-000292,CLI-0007,HUB-IND,standard,2025-11-25T18:33:00,2025-11-27T01:33:00,delivered,RTE-IND-20251125-003
SHP-202510-000226,CLI-0155,HUB-CHI,expedited,2025-10-04T19:23:00,2025-10-06T04:23:00,delivered,RTE-CHI-20251006-001
SHP-202510-000228,CLI-0155,HUB-CMH,standard,2025-10-25T13:26:00,2025-10-28T16:26:00,delivered,RTE-CMH-20251025-002
SHP-202503-000252,CLI-0201,HUB-CMH,standard,2025-03-19T20:40:00,2025-03-21T06:40:00,delivered,RTE-CMH-20250319-001
SHP-202506-000198,CLI-0042,HUB-IND,freight,2025-06-12T08:41:00,2025-06-16T17:41:00,delivered,
SHP-202511-000295,CLI-0007,HUB-CHI,expedited,2025-11-30T16:50:00,2025-12-01T16:50:00,delivered,RTE-CHI-20251130-003
SHP-202511-000296,CLI-0155,HUB-IND,standard,2025-11-24T10:16:00,2025-11-28T19:16:00,delivered,RTE-IND-20251124-001
SHP-202503-000253,CLI-0007,HUB-IND,standard,2025-03-11T20:45:00,2025-03-13T23:45:00,delivered,RTE-IND-20250311-002
SHP-202504-000195,CLI-0007,HUB-DET,expedited,2025-04-27T17:23:00,2025-04-28T22:23:00,delivered,RTE-DET-20250428-001
SHP-202506-000200,CLI-0201,HUB-DET,expedited,2025-06-03T12:11:00,2025-06-04T17:11:00,delivered,RTE-DET-20250603-004
SHP-202502-000194,CLI-0169,HUB-CMH,expedited,2025-02-02T20:10:00,2025-02-04T06:10:00,delivered,RTE-CMH-20250203-001
SHP-202512-000315,CLI-0042,HUB-CIN,freight,2025-12-08T10:52:00,2025-12-12T22:52:00,delivered,
SHP-202511-000299,CLI-0042,HUB-CIN,freight,2025-11-21T17:41:00,2025-11-23T18:41:00,delivered,
SHP-202501-000229,CLI-0169,HUB-DET,expedited,2025-01-01T10:11:00,2025-01-02T10:11:00,delivered,RTE-DET-20250101-006
SHP-202510-000231,CLI-0201,HUB-DET,standard,2025-10-11T17:01:00,2025-10-16T02:01:00,delivered,RTE-DET-20251012-001
SHP-202502-000196,CLI-0155,HUB-IND,expedited,2025-02-06T07:17:00,2025-02-07T16:17:00,delivered,RTE-IND-20250206-001
SHP-202503-000255,CLI-0169,HUB-CMH,standard,2025-03-26T19:25:00,2025-03-30T23:25:00,delivered,RTE-CMH-20250326-001
SHP-202508-000210,CLI-0155,HUB-CMH,standard,2025-08-13T06:01:00,2025-08-16T06:01:00,delivered,RTE-CMH-20250813-001
SHP-202502-000198,CLI-0169,HUB-IND,standard,2025-02-03T17:44:00,2025-02-07T21:44:00,delivered,RTE-IND-20250203-004
SHP-202503-000256,CLI-0007,HUB-IND,standard,2025-03-18T15:29:00,2025-03-23T00:29:00,delivered,RTE-IND-20250318-001
SHP-202511-000301,CLI-0007,HUB-CIN,standard,2025-11-30T17:33:00,2025-12-01T17:33:00,delivered,RTE-CIN-20251201-004
SHP-202506-000203,CLI-0007,HUB-IND,standard,2025-06-16T13:34:00,2025-06-18T01:34:00,delivered,RTE-IND-20250616-001
SHP-202509-000205,CLI-0155,HUB-CHI,standard,2025-09-26T13:53:00,2025-09-27T15:53:00,delivered,RTE-CHI-20250926-001
SHP-202512-000317,CLI-0007,HUB-IND,expedited,2025-12-03T08:45:00,2025-12-04T08:45:00,delivered,RTE-IND-20251203-003
SHP-202507-000231,CLI-0042,HUB-CMH,freight,2025-07-26T11:04:00,2025-07-28T11:04:00,delivered,
SHP-202503-000257,CLI-0042,HUB-IND,freight,2025-03-11T09:55:00,2025-03-13T11:55:00,delivered,
SHP-202512-000318,CLI-0169,HUB-DET,standard,2025-12-07T06:06:00,2025-12-16T06:06:00,delayed,RTE-DET-20251207-001
SHP-202511-000302,CLI-0007,HUB-CMH,expedited,2025-11-11T10:34:00,2025-11-12T13:34:00,delivered,RTE-CMH-20251111-001
SHP-202512-000319,CLI-0169,HUB-CHI,standard,2025-12-05T19:14:00,2025-12-07T00:14:00,delivered,RTE-CHI-20251205-001
SHP-202512-000320,CLI-0201,HUB-DET,standard,2025-12-19T11:36:00,2025-12-22T18:36:00,delivered,RTE-DET-20251219-001
SHP-202507-000233,CLI-0169,HUB-CHI,standard,2025-07-21T14:37:00,2025-07-25T16:37:00,delivered,RTE-CHI-20250721-004
SHP-202512-000321,CLI-0201,HUB-DET,expedited,2025-12-29T08:19:00,2025-12-30T15:19:00,delivered,RTE-DET-20251229-002
SHP-202505-000195,CLI-0155,HUB-DET,standard,2025-05-19T14:47:00,2025-05-20T20:47:00,delivered,RTE-DET-20250519-001
SHP-202504-000198,CLI-0155,HUB-CHI,expedited,2025-04-05T19:40:00,2025-04-07T06:40:00,delivered,RTE-CHI-20250407-002
SHP-202506-000204,CLI-0201,HUB-CHI,expedited,2025-06-01T09:38:00,2025-06-02T11:38:00,delivered,RTE-CHI-20250601-001
SHP-202510-000233,CLI-0155,HUB-CMH,standard,2025-10-29T19:36:00,2025-10-31T05:36:00,delivered,RTE-CMH-20251030-002
SHP-202502-000203,CLI-0201,HUB-DET,expedited,2025-02-26T15:29:00,2025-02-27T21:29:00,delivered,RTE-DET-20250226-002
SHP-202510-000234,CLI-0007,HUB-CHI,standard,2025-10-27T10:17:00,2025-10-31T17:17:00,delivered,RTE-CHI-20251027-002
SHP-202512-000322,CLI-0155,HUB-CIN,expedited,2025-12-03T10:02:00,2025-12-04T18:02:00,delivered,RTE-CIN-20251203-004
SHP-202512-000323,CLI-0042,HUB-CMH,freight,2025-12-20T19:27:00,2025-12-22T19:27:00,delivered,
SHP-202510-000235,CLI-0201,HUB-CMH,expedited,2025-10-06T15:41:00,2025-10-08T01:41:00,delivered,RTE-CMH-20251006-003
SHP-202512-000324,CLI-0042,HUB-CMH,freight,2025-12-03T19:19:00,2025-12-05T19:19:00,delivered,
SHP-202503-000258,CLI-0201,HUB-DET,expedited,2025-03-19T12:58:00,2025-03-20T12:58:00,delivered,RTE-DET-20250319-002
SHP-202511-000305,CLI-0155,HUB-CHI,standard,2025-11-05T19:49:00,2025-11-08T23:49:00,delivered,RTE-CHI-20251105-001
SHP-202509-000206,CLI-0007,HUB-DET,standard,2025-09-04T20:08:00,2025-09-06T05:08:00,delivered,RTE-DET-20250904-002
SHP-202512-000326,CLI-0042,HUB-CHI,freight,2025-12-16T10:57:00,2025-12-17T12:57:00,delivered,
SHP-202509-000207,CLI-0007,HUB-IND,standard,2025-09-24T08:53:00,2025-09-27T13:53:00,delivered,RTE-IND-20250924-001
SHP-202507-000234,CLI-0201,HUB-CHI,standard,2025-07-14T09:35:00,2025-07-15T09:35:00,delivered,RTE-CHI-20250714-001
SHP-202505-000197,CLI-0007,HUB-IND,standard,2025-05-08T06:04:00,2025-05-09T11:04:00,delivered,RTE-IND-20250508-001
SHP-202504-000199,CLI-0201,HUB-CIN,standard,2025-04-22T16:11:00,2025-04-27T00:11:00,delivered,RTE-CIN-20250422-003
SHP-202506-000205,CLI-0169,HUB-CHI,expedited,2025-06-22T13:47:00,2025-06-23T14:47:00,delivered,RTE-CHI-20250623-003
SHP-202501-000236,CLI-0169,HUB-IND,standard,2025-01-02T18:04:00,2025-01-07T03:04:00,delivered,RTE-IND-20250102-001
SHP-202512-000328,CLI-0201,HUB-DET,standard,2025-12-25T16:58:00,2025-12-28T21:58:00,delivered,RTE-DET-20251225-002
SHP-202507-000235,CLI-0042,HUB-IND,freight,2025-07-05T12:55:00,2025-07-06T22:55:00,delivered,
SHP-202501-000237,CLI-0155,HUB-CMH,expedited,2025-01-22T06:52:00,2025-01-23T16:52:00,delivered,RTE-CMH-20250122-001
SHP-202503-000259,CLI-0201,HUB-CHI,standard,2025-03-14T17:07:00,2025-03-16T19:07:00,delivered,RTE-CHI-20250314-003
SHP-202506-000206,CLI-0169,HUB-CHI,standard,2025-06-27T18:28:00,2025-06-30T06:28:00,delivered,RTE-CHI-20250627-001
SHP-202502-000205,CLI-0169,HUB-CHI,standard,2025-02-22T15:21:00,2025-02-25T03:21:00,delivered,RTE-CHI-20250224-001
SHP-202510-000239,CLI-0007,HUB-CIN,standard,2025-10-09T20:39:00,2025-10-13T23:39:00,delivered,RTE-CIN-20251009-002
SHP-202510-000240,CLI-0169,HUB-CIN,standard,2025-10-22T11:58:00,2025-10-25T20:58:00,delivered,RTE-CIN-20251022-003
SHP-202510-000241,CLI-0042,HUB-CIN,freight,2025-10-20T18:17:00,2025-10-22T00:17:00,delivered,
SHP-202507-000237,CLI-0042,HUB-DET,freight,2025-07-13T11:26:00,2025-07-19T11:26:00,delayed,
SHP-202505-000201,CLI-0042,HUB-CMH,freight,2025-05-20T12:20:00,2025-05-24T13:20:00,delivered,
SHP-202511-000309,CLI-0155,HUB-CHI,standard,2025-11-22T12:39:00,2025-11-26T16:39:00,delivered,RTE-CHI-20251123-001
SHP-202502-000206,CLI-0169,HUB-IND,standard,2025-02-25T19:37:00,2025-03-01T21:37:00,delivered,RTE-IND-20250225-002
SHP-202509-000210,CLI-0201,HUB-CMH,standard,2025-09-13T08:23:00,2025-09-15T20:23:00,delivered,RTE-CMH-20250914-001
SHP-202501-000238,CLI-0201,HUB-DET,standard,2025-01-14T18:11:00,2025-01-18T04:11:00,delivered,RTE-DET-20250114-001
SHP-202505-000205,CLI-0201,HUB-DET,standard,2025-05-04T13:54:00,2025-05-08T13:54:00,delayed,RTE-DET-20250504-001
SHP-202503-000261,CLI-0155,HUB-CIN,expedited,2025-03-22T19:22:00,2025-03-23T21:22:00,delivered,RTE-CIN-20250322-002
SHP-202512-000330,CLI-0169,HUB-DET,standard,2025-12-29T08:11:00,2026-01-02T19:11:00,delivered,RTE-DET-20251229-002
SHP-202504-000204,CLI-0201,HUB-DET,standard,2025-04-30T18:34:00,2025-05-03T23:34:00,delivered,RTE-DET-20250430-001
SHP-202507-000239,CLI-0155,HUB-CHI,standard,2025-07-12T18:47:00,2025-07-16T06:47:00,delivered,RTE-CHI-20250714-001
SHP-202508-000214,CLI-0169,HUB-CMH,standard,2025-08-04T16:30:00,2025-08-08T17:30:00,delivered,RTE-CMH-20250805-004
SHP-202501-000240,CLI-0007,HUB-CIN,standard,2025-01-29T08:15:00,2025-01-30T14:15:00,delivered,RTE-CIN-20250130-002
SHP-202502-000208,CLI-0155,HUB-DET,standard,2025-02-07T16:40:00,2025-02-11T22:40:00,delivered,RTE-DET-20250207-001
SHP-202512-000332,CLI-0169,HUB-CIN,standard,2025-12-16T11:57:00,2025-12-18T11:57:00,delivered,RTE-CIN-20251216-002
SHP-202502-000209,CLI-0155,HUB-CMH,expedited,2025-02-18T18:22:00,2025-02-20T00:22:00,delivered,RTE-CMH-20250219-001
SHP-202507-000240,CLI-0201,HUB-DET,expedited,2025-07-21T20:14:00,2025-07-23T01:14:00,delivered,RTE-DET-20250721-003
SHP-202509-000212,CLI-0155,HUB-IND,expedited,2025-09-07T09:51:00,2025-09-08T16:51:00,delivered,RTE-IND-20250907-001
SHP-202507-000241,CLI-0169,HUB-DET,standard,2025-07-07T12:16:00,2025-07-10T21:16:00,delivered,RTE-DET-20250707-003
SHP-202508-000215,CLI-0155,HUB-CIN,standard,2025-08-07T11:53:00,2025-08-10T17:53:00,delivered,RTE-CIN-20250807-001
SHP-202511-000311,CLI-0042,HUB-DET,freight,2025-11-17T15:08:00,2025-11-21T20:08:00,delivered,
SHP-202507-000242,CLI-0169,HUB-CMH,standard,2025-07-16T16:03:00,2025-07-19T04:03:00,delivered,RTE-CMH-20250716-003
SHP-202504-000205,CLI-0155,HUB-CHI,standard,2025-04-21T15:07:00,2025-04-24T15:07:00,delivered,RTE-CHI-20250421-001
SHP-202509-000213,CLI-0042,HUB-CMH,freight,2025-09-24T07:08:00,2025-09-26T07:08:00,delivered,
SHP-202512-000335,CLI-0155,HUB-DET,expedited,2025-12-13T15:08:00,2025-12-14T20:08:00,delivered,RTE-DET-20251214-002
SHP-202508-000216,CLI-0042,HUB-CMH,freight,2025-08-03T19:12:00,2025-08-07T07:12:00,delivered,
SHP-202504-000208,CLI-0042,HUB-CMH,freight,2025-04-21T07:57:00,2025-04-25T08:57:00,delivered,
SHP-202505-000208,CLI-0042,HUB-IND,freight,2025-05-11T06:17:00,2025-05-14T12:17:00,delivered,
SHP-202501-000242,CLI-0042,HUB-CMH,freight,2025-01-22T20:25:00,2025-01-26T02:25:00,delivered,
SHP-202504-000209,CLI-0007,HUB-DET,expedited,2025-04-12T17:20:00,2025-04-13T22:20:00,delivered,RTE-DET-20250412-001
SHP-202506-000213,CLI-0169,HUB-CMH,standard,2025-06-12T08:55:00,2025-06-15T14:55:00,delivered,RTE-CMH-20250612-002
SHP-202502-000212,CLI-0007,HUB-CHI,standard,2025-02-01T19:09:00,2025-02-04T21:09:00,delivered,RTE-CHI-20250201-001
SHP-202504-000211,CLI-0155,HUB-DET,standard,2025-04-10T16:03:00,2025-04-15T03:03:00,delivered,RTE-DET-20250410-004
SHP-202505-000210,CLI-0155,HUB-CMH,standard,2025-05-01T17:23:00,2025-05-04T19:23:00,delivered,RTE-CMH-20250501-005
SHP-202512-000341,CLI-0169,HUB-CHI,expedited,2025-12-12T15:12:00,2025-12-17T15:12:00,delayed,RTE-CHI-20251212-001
SHP-202510-000246,CLI-0155,HUB-CHI,expedited,2025-10-24T17:00:00,2025-10-25T22:00:00,delivered,RTE-CHI-20251024-003
SHP-202511-000312,CLI-0007,HUB-IND,standard,2025-11-24T17:06:00,2025-11-29T04:06:00,delivered,RTE-IND-20251124-001
SHP-202503-000265,CLI-0042,HUB-CIN,freight,2025-03-19T06:08:00,2025-03-21T16:08:00,delivered,
SHP-202511-000313,CLI-0155,HUB-CIN,standard,2025-11-04T15:05:00,2025-11-08T18:05:00,delivered,RTE-CIN-20251104-002
SHP-202512-000343,CLI-0201,HUB-DET,expedited,2025-12-30T16:53:00,2025-12-31T18:53:00,delivered,RTE-DET-20251230-003
SHP-202509-000217,CLI-0201,HUB-DET,standard,2025-09-11T18:33:00,2025-09-16T02:33:00,delivered,RTE-DET-20250911-001
SHP-202512-000345,CLI-0201,HUB-CIN,expedited,2025-12-02T19:57:00,2025-12-03T19:57:00,delivered,RTE-CIN-20251202-001
SHP-202502-000214,CLI-0155,HUB-CIN,expedited,2025-02-28T08:33:00,2025-03-01T11:33:00,delivered,RTE-CIN-20250228-001
SHP-202506-000216,CLI-0155,HUB-CMH,standard,2025-06-21T20:38:00,2025-06-23T05:38:00,delivered,RTE-CMH-20250621-001
SHP-202504-000212,CLI-0155,HUB-CHI,standard,2025-04-28T12:27:00,2025-05-02T18:27:00,delivered,RTE-CHI-20250428-001
SHP-202503-000266,CLI-0042,HUB-CIN,freight,2025-03-29T18:51:00,2025-04-01T04:51:00,delivered,
SHP-202511-000314,CLI-0007,HUB-IND,expedited,2025-11-22T19:48:00,2025-11-24T07:48:00,delivered,RTE-IND-20251123-001
SHP-202504-000213,CLI-0007,HUB-CMH,expedited,2025-04-23T16:35:00,2025-04-25T02:35:00,delivered,RTE-CMH-20250423-002
SHP-202502-000215,CLI-0007,HUB-IND,standard,2025-02-18T12:38:00,2025-02-22T23:38:00,delivered,RTE-IND-20250218-001
SHP-202507-000245,CLI-0007,HUB-DET,expedited,2025-07-02T12:30:00,2025-07-03T13:30:00,delivered,RTE-DET-20250702-001
SHP-202509-000218,CLI-0201,HUB-CHI,standard,2025-09-18T14:51:00,2025-09-22T17:51:00,delivered,RTE-CHI-20250918-002
SHP-202508-000217,CLI-0169,HUB-CMH,standard,2025-08-10T16:25:00,2025-08-12T23:25:00,delivered,RTE-CMH-20250811-001
SHP-202512-000347,CLI-0155,HUB-CMH,expedited,2025-12-30T07:57:00,2025-12-31T13:57:00,delivered,RTE-CMH-20251230-004
SHP-202510-000247,CLI-0007,HUB-CMH,expedited,2025-10-01T10:33:00,2025-10-02T10:33:00,delivered,RTE-CMH-20251001-001
SHP-202511-000316,CLI-0042,HUB-CMH,freight,2025-11-30T17:38:00,2025-12-04T02:38:00,delivered,
SHP-202511-000317,CLI-0042,HUB-CHI,freight,2025-11-17T15:12:00,2025-11-19T02:12:00,delivered,
SHP-202503-000267,CLI-0042,HUB-CMH,freight,2025-03-18T16:32:00,2025-03-19T23:32:00,delivered,
SHP-202505-000213,CLI-0042,HUB-DET,freight,2025-05-21T16:41:00,2025-05-23T18:41:00,delivered,
SHP-202509-000219,CLI-0042,HUB-CHI,freight,2025-09-13T18:16:00,2025-09-18T04:16:00,delivered,
SHP-202512-000349,CLI-0155,HUB-CIN,standard,2025-12-30T09:30:00,2026-01-02T09:30:00,delivered,RTE-CIN-20251230-001
SHP-202512-000351,CLI-0169,HUB-DET,standard,2025-12-06T20:31:00,2025-12-11T04:31:00,delivered,RTE-DET-20251207-001
SHP-202507-000248,CLI-0155,HUB-IND,standard,2025-07-05T11:46:00,2025-07-09T21:46:00,delivered,RTE-IND-20250705-001
SHP-202510-000248,CLI-0201,HUB-IND,expedited,2025-10-02T14:12:00,2025-10-03T18:12:00,delivered,RTE-IND-20251002-003
SHP-202509-000220,CLI-0155,HUB-CIN,expedited,2025-09-17T09:42:00,2025-09-18T14:42:00,delivered,RTE-CIN-20250917-001
SHP-202512-000352,CLI-0201,HUB-CHI,expedited,2025-12-02T19:31:00,2025-12-04T01:31:00,delivered,RTE-CHI-20251202-001
SHP-202507-000249,CLI-0042,HUB-CIN,freight,2025-07-06T20:38:00,2025-07-12T20:38:00,delayed,
SHP-202501-000246,CLI-0042,HUB-CIN,freight,2025-01-31T08:34:00,2025-02-04T10:34:00,delivered,
SHP-202506-000220,CLI-0169,HUB-CMH,standard,2025-06-11T20:01:00,2025-06-14T01:01:00,delivered,RTE-CMH-20250611-001
SHP-202504-000215,CLI-0007,HUB-CHI,expedited,2025-04-18T15:16:00,2025-04-20T01:16:00,delivered,RTE-CHI-20250418-002
SHP-202512-000355,CLI-0042,HUB-CIN,freight,2025-12-08T11:31:00,2025-12-10T19:31:00,delivered,
SHP-202512-000356,CLI-0155,HUB-IND,expedited,2025-12-13T10:40:00,2025-12-14T10:40:00,delivered,RTE-IND-20251213-001
SHP-202511-000319,CLI-0007,HUB-CIN,standard,2025-11-06T07:05:00,2025-11-09T12:05:00,delivered,RTE-CIN-20251106-001
SHP-202508-000218,CLI-0007,HUB-DET,standard,2025-08-31T09:28:00,2025-09-01T11:28:00,delivered,RTE-DET-20250831-001
SHP-202508-000219,CLI-0007,HUB-CHI,expedited,2025-08-06T06:32:00,2025-08-07T07:32:00,delivered,RTE-CHI-20250807-001
SHP-202501-000248,CLI-0042,HUB-IND,freight,2025-01-31T17:39:00,2025-02-02T19:39:00,delivered,
SHP-202512-000358,CLI-0201,HUB-DET,standard,2025-12-13T18:06:00,2025-12-18T18:06:00,delayed,RTE-DET-20251214-002
SHP-202506-000221,CLI-0007,HUB-IND,standard,2025-06-07T06:09:00,2025-06-09T12:09:00,delivered,RTE-IND-20250607-001
SHP-202508-000220,CLI-0169,HUB-DET,standard,2025-08-30T08:38:00,2025-08-31T19:38:00,delivered,RTE-DET-20250831-001
SHP-202506-000223,CLI-0042,HUB-IND,freight,2025-06-19T16:16:00,2025-06-21T00:16:00,delivered,
SHP-202512-000359,CLI-0155,HUB-CHI,standard,2025-12-29T15:23:00,2025-12-30T15:23:00,delivered,RTE-CHI-20251229-001
SHP-202509-000221,CLI-0042,HUB-IND,freight,2025-09-05T08:36:00,2025-09-09T15:36:00,delivered,
SHP-202501-000250,CLI-0155,HUB-IND,expedited,2025-01-01T17:39:00,2025-01-02T18:39:00,delivered,RTE-IND-20250101-001
SHP-202501-000251,CLI-0169,HUB-CMH,standard,2025-01-29T08:00:00,2025-02-02T19:00:00,delivered,RTE-CMH-20250129-002
SHP-202511-000322,CLI-0201,HUB-CMH,standard,2025-11-23T15:43:00,2025-11-25T01:43:00,delivered,RTE-CMH-20251124-002
SHP-202501-000253,CLI-0201,HUB-CHI,standard,2025-01-05T11:55:00,2025-01-08T12:55:00,delivered,RTE-CHI-20250105-001
SHP-202504-000216,CLI-0042,HUB-CIN,freight,2025-04-03T11:05:00,2025-04-04T20:05:00,delivered,
SHP-202506-000224,CLI-0169,HUB-DET,standard,2025-06-05T08:39:00,2025-06-08T14:39:00,delivered,RTE-DET-20250605-001
SHP-202502-000220,CLI-0201,HUB-DET,expedited,2025-02-24T13:34:00,2025-02-25T13:34:00,delivered,RTE-DET-20250224-001
SHP-202506-000225,CLI-0201,HUB-DET,standard,2025-06-04T12:13:00,2025-06-05T16:13:00,delivered,RTE-DET-20250605-001
SHP-202508-000222,CLI-0042,HUB-IND,freight,2025-08-01T12:20:00,2025-08-05T21:20:00,delivered,
SHP-202506-000226,CLI-0155,HUB-CMH,standard,2025-06-18T10:03:00,2025-06-20T19:03:00,delivered,RTE-CMH-20250618-001
SHP-202509-000224,CLI-0007,HUB-CIN,standard,2025-09-23T17:37:00,2025-09-28T03:37:00,delivered,RTE-CIN-20250923-001
SHP-202510-000251,CLI-0007,HUB-CMH,standard,2025-10-11T13:13:00,2025-10-14T19:13:00,delivered,RTE-CMH-20251011-001
SHP-202505-000215,CLI-0201,HUB-CHI,expedited,2025-05-05T08:38:00,2025-05-06T13:38:00,delivered,RTE-CHI-20250505-001
SHP-202510-000252,CLI-0007,HUB-CIN,expedited,2025-10-15T09:33:00,2025-10-16T20:33:00,delivered,RTE-CIN-20251015-001
SHP-202501-000256,CLI-0201,HUB-DET,standard,2025-01-07T18:43:00,2025-01-09T00:43:00,delivered,RTE-DET-20250107-002
SHP-202512-000367,CLI-0007,HUB-CHI,standard,2025-12-20T15:55:00,2025-12-24T00:55:00,delivered,RTE-CHI-20251221-001
SHP-202509-000226,CLI-0201,HUB-CHI,standard,2025-09-15T20:37:00,2025-09-16T22:37:00,delivered,RTE-CHI-20250915-003
SHP-202504-000219,CLI-0201,HUB-CMH,standard,2025-04-04T14:25:00,2025-04-07T19:25:00,delivered,RTE-CMH-20250407-001
SHP-202511-000325,CLI-0042,HUB-CIN,freight,2025-11-19T17:39:00,2025-11-22T04:39:00,delivered,
SHP-202502-000224,CLI-0155,HUB-IND,standard,2025-02-21T10:48:00,2025-02-27T10:48:00,delayed,RTE-IND-20250221-003
SHP-202503-000271,CLI-0042,HUB-CHI,freight,2025-03-21T17:17:00,2025-03-27T17:17:00,delayed,
SHP-202512-000369,CLI-0201,HUB-CMH,expedited,2025-12-09T12:17:00,2025-12-11T00:17:00,delivered,RTE-CMH-20251209-002
SHP-202510-000254,CLI-0155,HUB-DET,standard,2025-10-22T15:34:00,2025-10-23T18:34:00,delivered,RTE-DET-20251022-001
SHP-202508-000223,CLI-0155,HUB-CHI,standard,2025-08-28T11:05:00,2025-08-29T19:05:00,delivered,RTE-CHI-20250828-001
SHP-202504-000221,CLI-0007,HUB-CMH,standard,2025-04-02T09:20:00,2025-04-05T11:20:00,delivered,RTE-CMH-20250402-004
SHP-202510-000256,CLI-0201,HUB-CIN,standard,2025-10-26T08:36:00,2025-10-28T16:36:00,delivered,RTE-CIN-20251027-002
SHP-202507-000255,CLI-0155,HUB-CMH,expedited,2025-07-16T16:52:00,2025-07-18T04:52:00,delivered,RTE-CMH-20250716-001
SHP-202504-000222,CLI-0042,HUB-CIN,freight,2025-04-09T18:14:00,2025-04-12T20:14:00,delivered,
SHP-202507-000256,CLI-0155,HUB-CIN,standard,2025-07-29T09:15:00,2025-08-02T14:15:00,delivered,RTE-CIN-20250729-001
SHP-202511-000327,CLI-0201,HUB-CIN,expedited,2025-11-09T12:28:00,2025-11-10T21:28:00,delivered,RTE-CIN-20251110-002
SHP-202510-000257,CLI-0042,HUB-DET,freight,2025-10-24T17:06:00,2025-10-25T23:06:00,delivered,
SHP-202510-000258,CLI-0155,HUB-CIN,standard,2025-10-27T07:05:00,2025-10-29T19:05:00,delivered,RTE-CIN-20251027-003
SHP-202501-000259,CLI-0007,HUB-CIN,expedited,2025-01-01T12:01:00,2025-01-02T18:01:00,delivered,RTE-CIN-20250101-003
SHP-202509-000230,CLI-0155,HUB-CIN,expedited,2025-09-09T16:11:00,2025-09-11T03:11:00,delivered,RTE-CIN-20250909-002
SHP-202507-000257,CLI-0201,HUB-CIN,standard,2025-07-08T06:56:00,2025-07-11T11:56:00,delivered,RTE-CIN-20250708-001
SHP-202501-000260,CLI-0201,HUB-DET,expedited,2025-01-09T15:50:00,2025-01-16T15:50:00,delayed,RTE-DET-20250109-002
SHP-202506-000233,CLI-0007,HUB-DET,expedited,2025-06-04T09:33:00,2025-06-05T18:33:00,delivered,RTE-DET-20250605-001
SHP-202508-000225,CLI-0155,HUB-IND,standard,2025-08-05T15:16:00,2025-08-10T02:16:00,delivered,RTE-IND-20250805-003
SHP-202508-000226,CLI-0042,HUB-DET,freight,2025-08-04T20:14:00,2025-08-09T00:14:00,delivered,
SHP-202508-000227,CLI-0201,HUB-CHI,standard,2025-08-25T20:08:00,2025-08-30T03:08:00,delivered,RTE-CHI-20250825-001
SHP-202510-000259,CLI-0042,HUB-CIN,freight,2025-10-03T15:57:00,,failed,
SHP-202507-000258,CLI-0155,HUB-CHI,expedited,2025-07-11T19:32:00,2025-07-12T21:32:00,delivered,RTE-CHI-20250711-003
SHP-202509-000232,CLI-0169,HUB-CMH,standard,2025-09-03T13:22:00,2025-09-04T14:22:00,delivered,RTE-CMH-20250903-001
SHP-202501-000262,CLI-0155,HUB-CMH,expedited,2025-01-24T11:25:00,2025-01-25T19:25:00,delivered,RTE-CMH-20250124-001
SHP-202503-000274,CLI-0155,HUB-IND,standard,2025-03-18T14:51:00,2025-03-22T19:51:00,delivered,RTE-IND-20250318-001
SHP-202511-000328,CLI-0042,HUB-CMH,freight,2025-11-20T10:29:00,2025-11-21T11:29:00,delivered,
SHP-202501-000263,CLI-0155,HUB-CIN,expedited,2025-01-31T16:23:00,2025-02-01T17:23:00,delivered,RTE-CIN-20250131-001
SHP-202510-000261,CLI-0169,HUB-CIN,standard,2025-10-08T13:50:00,2025-10-12T19:50:00,delivered,RTE-CIN-20251008-004
SHP-202502-000226,CLI-0155,HUB-DET,standard,2025-02-09T20:05:00,2025-02-14T04:05:00,delivered,RTE-DET-20250210-003
SHP-202509-000233,CLI-0155,HUB-DET,expedited,2025-09-07T12:25:00,2025-09-09T00:25:00,delivered,RTE-DET-20250907-001
SHP-202511-000329,CLI-0042,HUB-CIN,freight,2025-11-04T16:39:00,2025-11-07T03:39:00,delivered,
SHP-202504-000224,CLI-0042,HUB-CHI,freight,2025-04-30T15:45:00,2025-05-04T19:45:00,delivered,
SHP-202505-000224,CLI-0007,HUB-CHI,expedited,2025-05-10T14:24:00,2025-05-11T18:24:00,delivered,RTE-CHI-20250510-001
SHP-202509-000235,CLI-0155,HUB-DET,standard,2025-09-14T10:52:00,2025-09-16T15:52:00,delivered,RTE-DET-20250914-001
SHP-202511-000330,CLI-0007,HUB-CMH,expedited,2025-11-07T17:55:00,2025-11-09T04:55:00,delivered,RTE-CMH-20251107-003
SHP-202509-000236,CLI-0169,HUB-CMH,standard,2025-09-04T17:43:00,2025-09-08T23:43:00,delivered,RTE-CMH-20250904-001
SHP-202509-000237,CLI-0007,HUB-CHI,standard,2025-09-12T09:58:00,2025-09-14T09:58:00,delivered,RTE-CHI-20250912-001
SHP-202503-000275,CLI-0169,HUB-CHI,standard,2025-03-14T12:49:00,2025-03-15T17:49:00,delivered,RTE-CHI-20250314-003
SHP-202507-000260,CLI-0007,HUB-DET,standard,2025-07-06T11:21:00,2025-07-07T23:21:00,delivered,RTE-DET-20250706-001
SHP-202510-000262,CLI-0007,HUB-CHI,expedited,2025-10-23T14:24:00,2025-10-25T02:24:00,delivered,RTE-CHI-20251023-002
SHP-202502-000227,CLI-0169,HUB-CIN,standard,2025-02-26T14:13:00,2025-02-27T23:13:00,delivered,RTE-CIN-20250227-001
SHP-202509-000238,CLI-0155,HUB-DET,standard,2025-09-30T08:45:00,2025-10-02T12:45:00,delivered,RTE-DET-20250930-002
SHP-202509-000239,CLI-0007,HUB-CMH,standard,2025-09-30T20:47:00,2025-10-04T06:47:00,delivered,RTE-CMH-20250930-001
SHP-202506-000235,CLI-0201,HUB-DET,standard,2025-06-10T18:19:00,2025-06-13T19:19:00,delivered,RTE-DET-20250610-001
SHP-202504-000226,CLI-0007,HUB-CHI,standard,2025-04-05T15:54:00,2025-04-08T20:54:00,delivered,RTE-CHI-20250407-003
SHP-202503-000277,CLI-0155,HUB-CMH,expedited,2025-03-20T20:46:00,2025-03-21T20:46:00,delivered,RTE-CMH-20250320-001
SHP-202512-000371,CLI-0201,HUB-CIN,standard,2025-12-22T06:57:00,2025-12-24T08:57:00,delivered,RTE-CIN-20251222-001
SHP-202512-000372,CLI-0007,HUB-DET,standard,2025-12-07T12:52:00,2025-12-09T14:52:00,delivered,RTE-DET-20251207-001
SHP-202510-000263,CLI-0042,HUB-CHI,freight,2025-10-10T08:09:00,2025-10-16T08:09:00,delayed,
SHP-202503-000279,CLI-0007,HUB-IND,standard,2025-03-16T20:45:00,2025-03-20T06:45:00,delivered,RTE-IND-20250317-003
SHP-202504-000227,CLI-0201,HUB-IND,expedited,2025-04-04T20:30:00,2025-04-06T08:30:00,delivered,RTE-IND-20250404-001
SHP-202510-000265,CLI-0201,HUB-DET,expedited,2025-10-27T10:13:00,2025-10-28T16:13:00,delivered,RTE-DET-20251027-001
SHP-202506-000236,CLI-0169,HUB-DET,expedited,2025-06-18T09:32:00,2025-06-19T17:32:00,delivered,RTE-DET-20250618-001
SHP-202507-000264,CLI-0155,HUB-DET,expedited,2025-07-15T10:42:00,2025-07-16T11:42:00,delivered,RTE-DET-20250715-001
SHP-202507-000266,CLI-0042,HUB-CIN,freight,2025-07-29T11:46:00,2025-08-04T11:46:00,delayed,
SHP-202512-000375,CLI-0201,HUB-DET,expedited,2025-12-15T16:31:00,2025-12-17T01:31:00,delivered,RTE-DET-20251215-004
SHP-202509-000241,CLI-0007,HUB-CHI,standard,2025-09-01T09:05:00,2025-09-04T14:05:00,delivered,RTE-CHI-20250901-003
SHP-202512-000376,CLI-0169,HUB-CIN,standard,2025-12-17T20:32:00,2025-12-22T00:32:00,delivered,RTE-CIN-20251217-004
SHP-202510-000268,CLI-0155,HUB-CMH,expedited,2025-10-03T07:45:00,2025-10-04T15:45:00,delivered,RTE-CMH-20251003-002
SHP-202511-000332,CLI-0201,HUB-IND,standard,2025-11-12T10:39:00,2025-11-15T11:39:00,delivered,RTE-IND-20251112-003
SHP-202508-000229,CLI-0007,HUB-CIN,standard,2025-08-12T14:38:00,2025-08-14T02:38:00,delivered,RTE-CIN-20250812-003
SHP-202501-000267,CLI-0169,HUB-CIN,standard,2025-01-20T16:09:00,2025-01-23T18:09:00,delivered,RTE-CIN-20250120-001
SHP-202510-000270,CLI-0169,HUB-CHI,standard,2025-10-11T09:23:00,2025-10-15T15:23:00,delivered,RTE-CHI-20251011-001
SHP-202509-000242,CLI-0169,HUB-IND,standard,2025-09-06T12:56:00,2025-09-08T21:56:00,delivered,RTE-IND-20250907-001
SHP-202501-000268,CLI-0201,HUB-DET,expedited,2025-01-21T20:47:00,2025-01-23T02:47:00,delivered,RTE-DET-20250121-001
SHP-202512-000377,CLI-0155,HUB-CIN,standard,2025-12-23T07:38:00,2025-12-26T13:38:00,delivered,RTE-CIN-20251223-003
SHP-202509-000243,CLI-0155,HUB-IND,expedited,2025-09-02T06:28:00,2025-09-03T18:28:00,delivered,RTE-IND-20250903-002
SHP-202503-000281,CLI-0007,HUB-DET,expedited,2025-03-26T15:34:00,2025-03-28T03:34:00,delivered,RTE-DET-20250326-005
SHP-202509-000244,CLI-0169,HUB-IND,expedited,2025-09-04T10:41:00,2025-09-05T13:41:00,delivered,RTE-IND-20250904-003
SHP-202508-000230,CLI-0042,HUB-CMH,freight,2025-08-26T07:07:00,2025-08-29T14:07:00,delivered,
SHP-202505-000225,CLI-0155,HUB-CHI,standard,2025-05-28T19:57:00,2025-06-01T21:57:00,delivered,RTE-CHI-20250529-006
SHP-202503-000282,CLI-0169,HUB-DET,expedited,2025-03-30T11:25:00,2025-03-31T14:25:00,delivered,RTE-DET-20250330-001
SHP-202504-000228,CLI-0169,HUB-CHI,standard,2025-04-20T08:34:00,2025-04-23T13:34:00,delivered,RTE-CHI-20250420-001
SHP-202502-000230,CLI-0201,HUB-CMH,standard,2025-02-20T20:58:00,2025-02-24T06:58:00,delivered,RTE-CMH-20250220-001
SHP-202503-000283,CLI-0169,HUB-CIN,standard,2025-03-05T06:33:00,2025-03-09T10:33:00,delivered,RTE-CIN-20250307-001
SHP-202507-000270,CLI-0201,HUB-CMH,standard,2025-07-10T06:12:00,2025-07-14T07:12:00,delivered,RTE-CMH-20250710-003
SHP-202501-000271,CLI-0169,HUB-CIN,standard,2025-01-10T16:54:00,2025-01-11T23:54:00,delivered,RTE-CIN-20250110-001
SHP-202508-000231,CLI-0155,HUB-CIN,standard,2025-08-24T14:27:00,2025-08-26T22:27:00,delivered,RTE-CIN-20250824-002
SHP-202506-000239,CLI-0007,HUB-DET,expedited,2025-06-10T08:07:00,2025-06-11T13:07:00,delivered,RTE-DET-20250610-001
SHP-202504-000229,CLI-0007,HUB-IND,standard,2025-04-10T15:29:00,2025-04-13T17:29:00,delivered,RTE-IND-20250410-001
SHP-202501-000272,CLI-0042,HUB-CMH,freight,2025-01-12T20:29:00,2025-01-15T08:29:00,delivered,
SHP-202509-000247,CLI-0169,HUB-CHI,expedited,2025-09-20T16:26:00,2025-09-22T03:26:00,delivered,RTE-CHI-20250921-001
SHP-202505-000227,CLI-0007,HUB-CHI,expedited,2025-05-16T19:48:00,2025-05-18T01:48:00,delivered,RTE-CHI-20250516-001
SHP-202511-000337,CLI-0169,HUB-CHI,expedited,2025-11-17T07:59:00,2025-11-18T14:59:00,delivered,RTE-CHI-20251117-003
SHP-202506-000240,CLI-0155,HUB-IND,standard,2025-06-13T11:44:00,2025-06-16T21:44:00,delivered,RTE-IND-20250613-001
SHP-202506-000241,CLI-0007,HUB-CMH,standard,2025-06-12T18:49:00,2025-06-15T19:49:00,delivered,RTE-CMH-20250612-002
SHP-202505-000228,CLI-0042,HUB-CMH,freight,2025-05-05T07:11:00,2025-05-07T13:11:00,delivered,
SHP-202501-000274,CLI-0042,HUB-DET,freight,2025-01-24T16:42:00,2025-01-26T00:42:00,delivered,
SHP-202508-000233,CLI-0007,HUB-DET,standard,2025-08-02T10:34:00,2025-08-06T18:34:00,delivered,RTE-DET-20250803-001
SHP-202501-000275,CLI-0007,HUB-CIN,standard,2025-01-26T15:14:00,2025-01-28T21:14:00,delivered,RTE-CIN-20250126-001
SHP-202506-000242,CLI-0201,HUB-IND,standard,2025-06-02T13:19:00,2025-06-03T19:19:00,delivered,RTE-IND-20250602-001
SHP-202511-000339,CLI-0042,HUB-CMH,freight,2025-11-02T14:04:00,2025-11-08T14:04:00,delayed,
SHP-202510-000275,CLI-0201,HUB-CIN,standard,2025-10-21T12:29:00,2025-10-25T16:29:00,delivered,RTE-CIN-20251021-004
SHP-202503-000284,CLI-0169,HUB-CHI,standard,2025-03-31T09:40:00,2025-04-02T21:40:00,delivered,RTE-CHI-20250331-001
SHP-202503-000285,CLI-0201,HUB-CIN,expedited,2025-03-13T18:01:00,2025-03-15T02:01:00,delivered,RTE-CIN-20250313-001
SHP-202508-000234,CLI-0155,HUB-CIN,standard,2025-08-22T19:53:00,2025-08-24T22:53:00,delivered,RTE-CIN-20250822-001
SHP-202507-000273,CLI-0169,HUB-CMH,standard,2025-07-05T11:58:00,2025-07-07T23:58:00,delivered,RTE-CMH-20250705-002
SHP-202512-000381,CLI-0007,HUB-CMH,expedited,2025-12-20T17:05:00,2025-12-22T05:05:00,delivered,RTE-CMH-20251220-002
SHP-202512-000382,CLI-0042,HUB-IND,freight,2025-12-25T12:32:00,2025-12-26T21:32:00,delivered,
SHP-202506-000243,CLI-0155,HUB-DET,standard,2025-06-05T07:25:00,2025-06-07T19:25:00,delivered,RTE-DET-20250605-001
SHP-202510-000277,CLI-0201,HUB-DET,standard,2025-10-13T16:27:00,2025-10-14T22:27:00,delivered,RTE-DET-20251014-004
SHP-202505-000229,CLI-0169,HUB-CIN,expedited,2025-05-24T13:43:00,2025-05-25T16:43:00,delivered,RTE-CIN-20250526-001
SHP-202510-000279,CLI-0169,HUB-DET,standard,2025-10-05T11:54:00,2025-10-09T11:54:00,delivered,RTE-DET-20251006-001
SHP-202505-000230,CLI-0169,HUB-DET,standard,2025-05-29T08:32:00,2025-06-02T10:32:00,delivered,RTE-DET-20250529-002
SHP-202508-000237,CLI-0201,HUB-DET,expedited,2025-08-02T17:38:00,2025-08-04T03:38:00,delivered,RTE-DET-20250803-001
SHP-202508-000238,CLI-0169,HUB-DET,standard,2025-08-22T16:13:00,2025-08-26T18:13:00,delivered,RTE-DET-20250822-001
SHP-202512-000383,CLI-0042,HUB-DET,freight,2025-12-10T18:15:00,2025-12-14T18:15:00,delivered,
SHP-202503-000287,CLI-0201,HUB-CHI,standard,2025-03-08T18:02:00,2025-03-10T22:02:00,delivered,RTE-CHI-20250308-002
SHP-202505-000231,CLI-0201,HUB-CMH,expedited,2025-05-24T12:36:00,2025-05-30T12:36:00,delayed,RTE-CMH-20250524-002
SHP-202512-000384,CLI-0042,HUB-DET,freight,2025-12-29T15:22:00,2025-12-31T20:22:00,delivered,
SHP-202508-000239,CLI-0201,HUB-IND,expedited,2025-08-13T15:19:00,2025-08-14T23:19:00,delivered,RTE-IND-20250813-001
SHP-202506-000244,CLI-0042,HUB-CMH,freight,2025-06-25T18:24:00,2025-06-28T22:24:00,delivered,
SHP-202501-000277,CLI-0201,HUB-CIN,standard,2025-01-16T13:34:00,2025-01-18T13:34:00,delivered,RTE-CIN-20250117-001
SHP-202506-000246,CLI-0201,HUB-CHI,expedited,2025-06-16T18:36:00,2025-06-18T02:36:00,delivered,RTE-CHI-20250616-001
SHP-202512-000386,CLI-0155,HUB-IND,standard,2025-12-08T06:15:00,2025-12-10T14:15:00,delivered,RTE-IND-20251208-002
SHP-202509-000248,CLI-0169,HUB-CMH,standard,2025-09-27T06:09:00,2025-09-28T07:09:00,delivered,RTE-CMH-20250927-001
SHP-202509-000249,CLI-0169,HUB-IND,standard,2025-09-08T10:33:00,2025-09-10T20:33:00,delivered,RTE-IND-20250908-001
SHP-202512-000387,CLI-0155,HUB-DET,standard,2025-12-23T19:29:00,2025-12-25T07:29:00,delivered,RTE-DET-20251223-002
SHP-202502-000236,CLI-0201,HUB-CIN,standard,2025-02-20T10:10:00,2025-02-22T21:10:00,delivered,RTE-CIN-20250220-001
SHP-202501-000278,CLI-0169,HUB-CIN,expedited,2025-01-07T08:57:00,2025-01-08T16:57:00,delivered,RTE-CIN-20250108-002
SHP-202504-000234,CLI-0042,HUB-DET,freight,2025-04-21T06:50:00,2025-04-24T11:50:00,delivered,
SHP-202503-000289,CLI-0201,HUB-DET,standard,2025-03-20T17:42:00,2025-03-22T02:42:00,delivered,RTE-DET-20250320-002
SHP-202511-000342,CLI-0007,HUB-IND,standard,2025-11-21T07:36:00,2025-11-25T17:36:00,delivered,RTE-IND-20251121-004
SHP-202511-000344,CLI-0169,HUB-CMH,standard,2025-11-20T19:13:00,2025-11-24T20:13:00,delivered,RTE-CMH-20251120-001
SHP-202505-000232,CLI-0042,HUB-DET,freight,2025-05-25T11:53:00,2025-05-28T22:53:00,delivered,
SHP-202508-000241,CLI-0201,HUB-DET,standard,2025-08-19T20:48:00,2025-08-22T06:48:00,delivered,RTE-DET-20250819-002
SHP-202506-000249,CLI-0169,HUB-IND,standard,2025-06-06T13:33:00,2025-06-10T18:33:00,delivered,RTE-IND-20250606-001
SHP-202509-000250,CLI-0201,HUB-IND,standard,2025-09-01T14:55:00,2025-09-02T16:55:00,delivered,RTE-IND-20250901-001
SHP-202511-000346,CLI-0042,HUB-CHI,freight,2025-11-11T10:59:00,2025-11-17T10:59:00,delayed,
SHP-202501-000279,CLI-0042,HUB-CIN,freight,2025-01-26T07:26:00,2025-01-30T10:26:00,delivered,
SHP-202509-000251,CLI-0155,HUB-CHI,standard,2025-09-02T17:49:00,2025-09-04T19:49:00,delivered,RTE-CHI-20250902-002
SHP-202511-000347,CLI-0007,HUB-IND,standard,2025-11-19T09:06:00,2025-11-20T21:06:00,delivered,RTE-IND-20251119-002
SHP-202511-000348,CLI-0155,HUB-CHI,expedited,2025-11-21T18:14:00,2025-11-22T23:14:00,delivered,RTE-CHI-20251121-004
SHP-202511-000349,CLI-0155,HUB-DET,expedited,2025-11-09T08:10:00,2025-11-10T18:10:00,delivered,RTE-DET-20251110-001
SHP-202507-000278,CLI-0155,HUB-IND,standard,2025-07-28T14:31:00,2025-07-31T19:31:00,delivered,RTE-IND-20250728-001
SHP-202505-000233,CLI-0042,HUB-IND,freight,2025-05-14T08:41:00,2025-05-18T17:41:00,delivered,
SHP-202509-000252,CLI-0042,HUB-DET,freight,2025-09-10T13:23:00,2025-09-13T22:23:00,delivered,
SHP-202504-000236,CLI-0155,HUB-CHI,standard,2025-04-26T12:37:00,2025-04-29T15:37:00,delivered,RTE-CHI-20250428-002
SHP-202507-000279,CLI-0007,HUB-CIN,standard,2025-07-21T11:52:00,2025-07-22T13:52:00,delivered,RTE-CIN-20250721-001
SHP-202506-000252,CLI-0042,HUB-DET,freight,2025-06-14T18:33:00,2025-06-15T21:33:00,delivered,
SHP-202506-000253,CLI-0155,HUB-CMH,standard,2025-06-08T19:30:00,2025-06-13T07:30:00,delivered,RTE-CMH-20250608-001
SHP-202506-000254,CLI-0007,HUB-DET,standard,2025-06-10T09:11:00,2025-06-12T13:11:00,delivered,RTE-DET-20250610-001
SHP-202507-000280,CLI-0201,HUB-CMH,expedited,2025-07-29T08:54:00,2025-07-30T18:54:00,delivered,RTE-CMH-20250729-002
SHP-202512-000390,CLI-0169,HUB-DET,standard,2025-12-09T08:00:00,2025-12-10T15:00:00,delivered,RTE-DET-20251209-001
SHP-202511-000352,CLI-0155,HUB-DET,standard,2025-11-01T12:15:00,2025-11-02T18:15:00,delivered,RTE-DET-20251103-001
SHP-202509-000254,CLI-0042,HUB-CMH,freight,2025-09-03T13:09:00,2025-09-05T13:09:00,delivered,
SHP-202511-000354,CLI-0007,HUB-IND,standard,2025-11-23T16:12:00,2025-11-26T22:12:00,delivered,RTE-IND-20251123-002
SHP-202504-000238,CLI-0201,HUB-CIN,standard,2025-04-24T20:33:00,2025-04-27T21:33:00,delivered,RTE-CIN-20250424-004
SHP-202511-000355,CLI-0155,HUB-CIN,standard,2025-11-25T12:29:00,2025-11-28T18:29:00,delivered,RTE-CIN-20251125-002
SHP-202509-000255,CLI-0042,HUB-DET,freight,2025-09-04T12:33:00,2025-09-10T12:33:00,delayed,
SHP-202507-000282,CLI-0169,HUB-CIN,expedited,2025-07-01T19:25:00,2025-07-02T23:25:00,delivered,RTE-CIN-20250701-001
SHP-202506-000256,CLI-0169,HUB-DET,standard,2025-06-28T18:13:00,2025-07-03T05:13:00,delivered,RTE-DET-20250628-001
SHP-202512-000391,CLI-0007,HUB-CHI,standard,2025-12-11T06:08:00,2025-12-14T11:08:00,delivered,RTE-CHI-20251211-001
SHP-202506-000257,CLI-0042,HUB-IND,freight,2025-06-14T10:37:00,2025-06-22T10:37:00,delivered,
SHP-202506-000258,CLI-0155,HUB-CIN,expedited,2025-06-10T06:31:00,2025-06-11T17:31:00,delivered,RTE-CIN-20250610-003
SHP-202502-000238,CLI-0007,HUB-IND,standard,2025-02-22T17:02:00,2025-02-24T01:02:00,delivered,RTE-IND-20250222-001
SHP-202505-000239,CLI-0155,HUB-IND,standard,2025-05-01T07:53:00,2025-05-02T15:53:00,delivered,RTE-IND-20250501-003
SHP-202501-000283,CLI-0201,HUB-DET,standard,2025-01-17T18:07:00,2025-01-19T03:07:00,delivered,RTE-DET-20250117-001
SHP-202505-000240,CLI-0201,HUB-CMH,standard,2025-05-08T06:16:00,2025-05-09T14:16:00,delivered,RTE-CMH-20250508-003
SHP-202511-000358,CLI-0169,HUB-DET,expedited,2025-11-12T16:38:00,2025-11-13T20:38:00,delivered,RTE-DET-20251112-001
SHP-202509-000259,CLI-0042,HUB-CIN,freight,2025-09-15T17:17:00,2025-09-21T17:17:00,delayed,
SHP-202502-000240,CLI-0201,HUB-CMH,standard,2025-02-06T12:48:00,2025-02-09T15:48:00,delivered,RTE-CMH-20250206-001
SHP-202511-000360,CLI-0169,HUB-IND,standard,2025-11-05T07:10:00,2025-11-09T07:10:00,delivered,RTE-IND-20251105-001
SHP-202505-000241,CLI-0007,HUB-CMH,expedited,2025-05-07T20:57:00,2025-05-09T03:57:00,delivered,RTE-CMH-20250507-001
SHP-202501-000286,CLI-0007,HUB-CMH,expedited,2025-01-19T07:28:00,2025-01-20T18:28:00,delivered,RTE-CMH-20250121-001
SHP-202501-000287,CLI-0042,HUB-CHI,freight,2025-01-19T20:05:00,2025-01-22T21:05:00,delivered,
SHP-202512-000392,CLI-0169,HUB-CHI,standard,2025-12-26T07:30:00,2025-12-27T10:30:00,delivered,RTE-CHI-20251226-001
SHP-202504-000240,CLI-0042,HUB-CMH,freight,2025-04-30T10:39:00,2025-05-02T16:39:00,delivered,
SHP-202511-000362,CLI-0169,HUB-CHI,expedited,2025-11-17T17:07:00,2025-11-25T17:07:00,delayed,RTE-CHI-20251117-003
SHP-202509-000261,CLI-0169,HUB-CHI,expedited,2025-09-27T08:55:00,2025-09-28T20:55:00,delivered,RTE-CHI-20250927-002
SHP-202507-000287,CLI-0007,HUB-IND,expedited,2025-07-18T20:15:00,2025-07-19T23:15:00,delivered,RTE-IND-20250718-001
SHP-202507-000288,CLI-0042,HUB-DET,freight,2025-07-19T06:23:00,2025-07-25T06:23:00,delayed,
SHP-202508-000248,CLI-0007,HUB-CMH,standard,2025-08-25T11:01:00,2025-08-27T16:01:00,delivered,RTE-CMH-20250826-001
SHP-202505-000242,CLI-0201,HUB-CHI,expedited,2025-05-15T14:44:00,2025-05-16T14:44:00,delivered,RTE-CHI-20250515-002
SHP-202512-000393,CLI-0169,HUB-IND,standard,2025-12-06T19:55:00,2025-12-08T23:55:00,delivered,RTE-IND-20251207-002
SHP-202512-000394,CLI-0007,HUB-CIN,expedited,2025-12-05T12:47:00,2025-12-06T14:47:00,delivered,RTE-CIN-20251205-002
SHP-202501-000288,CLI-0007,HUB-CMH,standard,2025-01-25T11:27:00,2025-01-26T20:27:00,delivered,RTE-CMH-20250125-001
SHP-202508-000249,CLI-0155,HUB-IND,expedited,2025-08-24T17:39:00,2025-08-25T18:39:00,delivered,RTE-IND-20250824-001
SHP-202502-000242,CLI-0155,HUB-CIN,standard,2025-02-01T16:56:00,2025-02-06T02:56:00,delivered,RTE-CIN-20250201-001
SHP-202505-000243,CLI-0201,HUB-IND,expedited,2025-05-06T17:26:00,2025-05-07T19:26:00,delivered,RTE-IND-20250506-002
SHP-202503-000294,CLI-0007,HUB-CHI,expedited,2025-03-04T08:12:00,2025-03-05T20:12:00,delivered,RTE-CHI-20250304-001
SHP-202503-000295,CLI-0201,HUB-CIN,standard,2025-03-01T14:12:00,2025-03-02T20:12:00,delivered,RTE-CIN-20250303-001
SHP-202508-000250,CLI-0042,HUB-CHI,freight,2025-08-25T08:14:00,2025-08-31T08:14:00,delayed,
SHP-202512-000395,CLI-0169,HUB-CHI,expedited,2025-12-04T14:09:00,2025-12-06T00:09:00,delivered,RTE-CHI-20251204-002
SHP-202504-000243,CLI-0201,HUB-IND,standard,2025-04-24T17:33:00,2025-04-29T00:33:00,delivered,RTE-IND-20250425-004
SHP-202505-000244,CLI-0007,HUB-DET,standard,2025-05-01T17:25:00,2025-05-02T20:25:00,delivered,RTE-DET-20250501-001
SHP-202510-000284,CLI-0169,HUB-CMH,standard,2025-10-24T16:52:00,2025-10-28T20:52:00,delivered,RTE-CMH-20251024-002
SHP-202512-000397,CLI-0007,HUB-DET,standard,2025-12-16T12:59:00,2025-12-18T23:59:00,delivered,RTE-DET-20251216-001
SHP-202509-000264,CLI-0169,HUB-DET,expedited,2025-09-28T13:55:00,2025-09-29T14:55:00,delivered,RTE-DET-20250929-002
SHP-202501-000289,CLI-0169,HUB-DET,expedited,2025-01-08T06:47:00,2025-01-09T17:47:00,delivered,RTE-DET-20250108-001
SHP-202506-000261,CLI-0042,HUB-CMH,freight,2025-06-19T11:56:00,2025-06-25T11:56:00,delayed,
SHP-202506-000262,CLI-0155,HUB-CHI,standard,2025-06-05T20:11:00,2025-06-06T20:11:00,delivered,RTE-CHI-20250605-001
SHP-202512-000399,CLI-0042,HUB-CHI,freight,2025-12-01T16:17:00,2025-12-07T16:17:00,delayed,
SHP-202512-000400,CLI-0007,HUB-DET,expedited,2025-12-30T18:27:00,2026-01-01T02:27:00,delivered,RTE-DET-20251230-004
SHP-202501-000290,CLI-0201,HUB-DET,standard,2025-01-10T13:00:00,2025-01-13T17:00:00,delivered,RTE-DET-20250110-001
SHP-202506-000264,CLI-0007,HUB-IND,expedited,2025-06-19T07:31:00,2025-06-20T09:31:00,delivered,RTE-IND-20250620-004
SHP-202512-000401,CLI-0042,HUB-CIN,freight,2025-12-21T08:18:00,2025-12-27T08:18:00,delayed,
SHP-202512-000402,CLI-0201,HUB-CIN,standard,2025-12-01T17:26:00,2025-12-03T18:26:00,delivered,RTE-CIN-20251201-002
SHP-202511-000366,CLI-0155,HUB-CHI,standard,2025-11-28T10:47:00,2025-12-01T17:47:00,delivered,RTE-CHI-20251128-002
SHP-202507-000290,CLI-0169,HUB-CHI,standard,2025-07-27T06:49:00,2025-07-28T11:49:00,delivered,RTE-CHI-20250727-001
SHP-202506-000265,CLI-0201,HUB-CHI,standard,2025-06-13T17:34:00,2025-06-15T23:34:00,delivered,RTE-CHI-20250613-001
SHP-202512-000404,CLI-0169,HUB-DET,standard,2025-12-29T08:28:00,2026-01-01T20:28:00,delivered,RTE-DET-20251229-002
SHP-202512-000405,CLI-0201,HUB-CMH,standard,2025-12-16T20:54:00,2025-12-20T20:54:00,delivered,RTE-CMH-20251216-001
SHP-202504-000246,CLI-0201,HUB-CMH,standard,2025-04-11T14:40:00,2025-04-13T14:40:00,delivered,RTE-CMH-20250411-001
SHP-202502-000244,CLI-0169,HUB-DET,expedited,2025-02-23T20:50:00,2025-02-24T23:50:00,delivered,RTE-DET-20250223-002
SHP-202509-000266,CLI-0007,HUB-CIN,expedited,2025-09-20T10:49:00,2025-09-21T19:49:00,delivered,RTE-CIN-20250922-002
SHP-202505-000246,CLI-0155,HUB-IND,standard,2025-05-22T19:02:00,2025-05-25T06:02:00,delivered,RTE-IND-20250522-002
SHP-202508-000254,CLI-0169,HUB-IND,standard,2025-08-07T10:49:00,2025-08-10T19:49:00,delivered,RTE-IND-20250807-005
SHP-202502-000245,CLI-0042,HUB-IND,freight,2025-02-25T09:21:00,2025-02-27T18:21:00,delivered,
SHP-202508-000256,CLI-0007,HUB-DET,standard,2025-08-15T12:06:00,2025-08-17T17:06:00,delivered,RTE-DET-20250815-003
SHP-202512-000408,CLI-0042,HUB-DET,freight,2025-12-03T14:34:00,2025-12-09T14:34:00,delayed,
SHP-202510-000287,CLI-0042,HUB-CHI,freight,2025-10-11T09:05:00,2025-10-17T09:05:00,delayed,
SHP-202511-000367,CLI-0155,HUB-CIN,standard,2025-11-16T09:08:00,2025-11-21T09:08:00,delayed,RTE-CIN-20251117-001
SHP-202505-000247,CLI-0007,HUB-IND,standard,2025-05-18T15:21:00,2025-05-21T02:21:00,delivered,RTE-IND-20250520-001
SHP-202507-000293,CLI-0169,HUB-DET,expedited,2025-07-02T06:58:00,2025-07-03T06:58:00,delivered,RTE-DET-20250702-002
SHP-202501-000294,CLI-0201,HUB-CMH,expedited,2025-01-16T08:55:00,2025-01-17T16:55:00,delivered,RTE-CMH-20250116-003
SHP-202511-000369,CLI-0042,HUB-IND,freight,2025-11-29T12:18:00,2025-12-05T12:18:00,delayed,
SHP-202512-000409,CLI-0155,HUB-IND,standard,2025-12-10T18:21:00,2025-12-11T20:21:00,delivered,RTE-IND-20251210-001
SHP-202507-000295,CLI-0169,HUB-DET,standard,2025-07-28T13:31:00,2025-08-01T01:31:00,delivered,RTE-DET-20250728-002
SHP-202512-000410,CLI-0042,HUB-CMH,freight,2025-12-14T14:11:00,2025-12-20T14:11:00,delayed,
SHP-202502-000246,CLI-0042,HUB-CHI,freight,2025-02-25T15:54:00,2025-03-01T00:54:00,delivered,
SHP-202511-000371,CLI-0201,HUB-CIN,standard,2025-11-02T06:54:00,2025-11-03T13:54:00,delivered,RTE-CIN-20251102-001
SHP-202502-000248,CLI-0201,HUB-CMH,expedited,2025-02-13T20:35:00,2025-02-14T22:35:00,delivered,RTE-CMH-20250213-001
SHP-202505-000248,CLI-0169,HUB-DET,expedited,2025-05-27T14:56:00,2025-05-28T16:56:00,delivered,RTE-DET-20250527-002
SHP-202505-000249,CLI-0155,HUB-IND,standard,2025-05-16T13:13:00,2025-05-21T00:13:00,delivered,RTE-IND-20250516-001
SHP-202510-000289,CLI-0201,HUB-CIN,standard,2025-10-07T15:08:00,2025-10-09T21:08:00,delivered,RTE-CIN-20251008-004
SHP-202512-000411,CLI-0201,HUB-IND,standard,2025-12-18T06:00:00,2025-12-22T07:00:00,delivered,RTE-IND-20251218-001
SHP-202511-000372,CLI-0201,HUB-CMH,standard,2025-11-27T17:45:00,2025-11-29T05:45:00,delivered,RTE-CMH-20251127-002
SHP-202504-000251,CLI-0201,HUB-DET,standard,2025-04-14T13:55:00,2025-04-17T23:55:00,delivered,RTE-DET-20250414-001
SHP-202509-000271,CLI-0007,HUB-DET,standard,2025-09-25T14:49:00,2025-09-29T21:49:00,delivered,RTE-DET-20250925-002
SHP-202502-000251,CLI-0042,HUB-DET,freight,2025-02-22T13:41:00,2025-02-23T20:41:00,delivered,
SHP-202501-000297,CLI-0042,HUB-CMH,freight,2025-01-27T13:35:00,2025-01-29T00:35:00,delivered,
SHP-202504-000252,CLI-0042,HUB-CHI,freight,2025-04-01T11:42:00,2025-04-05T13:42:00,delivered,
SHP-202512-000413,CLI-0201,HUB-CIN,standard,2025-12-18T16:57:00,2025-12-20T00:57:00,delivered,RTE-CIN-20251218-002
SHP-202506-000267,CLI-0007,HUB-DET,standard,2025-06-13T16:02:00,2025-06-17T01:02:00,delivered,RTE-DET-20250613-006
SHP-202507-000298,CLI-0007,HUB-IND,standard,2025-07-20T15:02:00,2025-07-23T03:02:00,delivered,RTE-IND-20250720-002
SHP-202510-000291,CLI-0007,HUB-CMH,standard,2025-10-30T06:58:00,2025-11-02T18:58:00,delivered,RTE-CMH-20251030-003
SHP-202512-000415,CLI-0155,HUB-CIN,standard,2025-12-22T18:02:00,2025-12-25T04:02:00,delivered,RTE-CIN-20251222-003
SHP-202508-000259,CLI-0169,HUB-CIN,expedited,2025-08-03T13:42:00,2025-08-04T13:42:00,delivered,RTE-CIN-20250804-001
SHP-202511-000373,CLI-0007,HUB-IND,standard,2025-11-09T16:16:00,2025-11-12T23:16:00,delivered,RTE-IND-20251109-001
SHP-202506-000271,CLI-0155,HUB-CHI,standard,2025-06-06T20:29:00,2025-06-11T07:29:00,delivered,RTE-CHI-20250606-001
SHP-202505-000252,CLI-0007,HUB-CIN,expedited,2025-05-01T08:46:00,2025-05-02T19:46:00,delivered,RTE-CIN-20250501-004
SHP-202504-000254,CLI-0042,HUB-IND,freight,2025-04-20T15:27:00,2025-04-24T20:27:00,delivered,
SHP-202509-000272,CLI-0155,HUB-DET,standard,2025-09-28T12:46:00,2025-10-01T18:46:00,delivered,RTE-DET-20250929-003
SHP-202507-000299,CLI-0201,HUB-CHI,expedited,2025-07-29T17:58:00,2025-07-30T17:58:00,delivered,RTE-CHI-20250729-004
SHP-202508-000260,CLI-0201,HUB-IND,standard,2025-08-27T14:01:00,2025-08-29T15:01:00,delivered,RTE-IND-20250827-001
SHP-202506-000272,CLI-0169,HUB-DET,standard,2025-06-02T07:51:00,2025-06-04T17:51:00,delivered,RTE-DET-20250602-001
SHP-202502-000254,CLI-0042,HUB-DET,freight,2025-02-09T14:54:00,2025-02-13T22:54:00,delivered,
SHP-202508-000261,CLI-0155,HUB-IND,standard,2025-08-02T14:21:00,2025-08-06T17:21:00,delivered,RTE-IND-20250804-002
SHP-202507-000301,CLI-0155,HUB-CMH,standard,2025-07-01T06:10:00,2025-07-03T11:10:00,delivered,RTE-CMH-20250701-003
SHP-202507-000302,CLI-0155,HUB-CHI,expedited,2025-07-15T20:55:00,2025-07-17T04:55:00,delivered,RTE-CHI-20250715-002
SHP-202508-000262,CLI-0042,HUB-CMH,freight,2025-08-20T10:21:00,2025-08-26T10:21:00,delayed,
SHP-202510-000294,CLI-0042,HUB-CHI,freight,2025-10-27T18:29:00,,failed,
SHP-202503-000301,CLI-0169,HUB-IND,expedited,2025-03-20T14:38:00,2025-03-22T01:38:00,delivered,RTE-IND-20250320-002
SHP-202511-000377,CLI-0155,HUB-DET,expedited,2025-11-23T13:14:00,2025-11-25T01:14:00,delivered,RTE-DET-20251123-002
SHP-202506-000274,CLI-0042,HUB-IND,freight,2025-06-25T10:32:00,2025-07-01T10:32:00,delayed,
SHP-202501-000299,CLI-0042,HUB-CHI,freight,2025-01-31T19:15:00,2025-02-02T06:15:00,delivered,
SHP-202510-000296,CLI-0007,HUB-IND,expedited,2025-10-04T09:29:00,2025-10-05T21:29:00,delivered,RTE-IND-20251004-002
SHP-202507-000305,CLI-0201,HUB-CIN,standard,2025-07-15T17:58:00,2025-07-18T22:58:00,delivered,RTE-CIN-20250715-003
SHP-202509-000273,CLI-0169,HUB-CIN,standard,2025-09-11T11:01:00,2025-09-14T21:01:00,delivered,RTE-CIN-20250911-001
SHP-202505-000254,CLI-0201,HUB-CHI,standard,2025-05-03T16:05:00,2025-05-07T00:05:00,delivered,RTE-CHI-20250505-001
SHP-202510-000297,CLI-0169,HUB-CHI,standard,2025-10-14T08:47:00,2025-10-17T10:47:00,delivered,RTE-CHI-20251014-002
SHP-202505-000255,CLI-0042,HUB-CIN,freight,2025-05-15T17:49:00,2025-05-18T17:49:00,delivered,
SHP-202505-000257,CLI-0007,HUB-CIN,expedited,2025-05-09T11:45:00,2025-05-10T13:45:00,delivered,RTE-CIN-20250509-001
SHP-202507-000307,CLI-0169,HUB-CIN,standard,2025-07-01T17:01:00,2025-07-06T02:01:00,delivered,RTE-CIN-20250701-003
SHP-202511-000378,CLI-0007,HUB-CHI,expedited,2025-11-01T17:46:00,2025-11-07T17:46:00,delayed,RTE-CHI-20251104-001
SHP-202508-000264,CLI-0007,HUB-CHI,standard,2025-08-07T10:52:00,2025-08-08T12:52:00,delivered,RTE-CHI-20250807-001
SHP-202507-000308,CLI-0155,HUB-IND,standard,2025-07-14T07:52:00,2025-07-15T15:52:00,delivered,RTE-IND-20250714-001
SHP-202511-000380,CLI-0042,HUB-IND,freight,2025-11-17T20:45:00,2025-11-23T20:45:00,delayed,
SHP-202509-000275,CLI-0169,HUB-CMH,standard,2025-09-03T17:13:00,2025-09-05T05:13:00,delivered,RTE-CMH-20250903-001
SHP-202505-000259,CLI-0155,HUB-CIN,standard,2025-05-08T06:31:00,2025-05-12T18:31:00,delivered,RTE-CIN-20250508-001
SHP-202512-000424,CLI-0042,HUB-IND,freight,2025-12-10T18:56:00,2025-12-16T18:56:00,delayed,
SHP-202506-000276,CLI-0155,HUB-DET,expedited,2025-06-26T19:53:00,2025-06-28T01:53:00,delivered,RTE-DET-20250626-001
SHP-202512-000426,CLI-0042,HUB-CMH,freight,2025-12-15T15:31:00,2025-12-21T15:31:00,delayed,
SHP-202512-000427,CLI-0201,HUB-CHI,standard,2025-12-02T09:19:00,2025-12-03T21:19:00,delivered,RTE-CHI-20251202-001
SHP-202503-000306,CLI-0169,HUB-CIN,expedited,2025-03-14T08:43:00,2025-03-15T13:43:00,delivered,RTE-CIN-20250316-001
SHP-202505-000260,CLI-0007,HUB-CHI,standard,2025-05-21T07:57:00,2025-05-25T19:57:00,delivered,RTE-CHI-20250521-001
SHP-202502-000258,CLI-0169,HUB-CHI,standard,2025-02-24T13:25:00,2025-02-27T18:25:00,delivered,RTE-CHI-20250224-001
SHP-202508-000265,CLI-0007,HUB-IND,expedited,2025-08-13T17:24:00,2025-08-14T18:24:00,delivered,RTE-IND-20250813-001
SHP-202508-000266,CLI-0007,HUB-CMH,standard,2025-08-01T20:01:00,2025-08-05T21:01:00,delivered,RTE-CMH-20250801-001
SHP-202512-000428,CLI-0201,HUB-IND,expedited,2025-12-30T08:47:00,2025-12-31T11:47:00,delivered,RTE-IND-20251230-001
SHP-202507-000312,CLI-0155,HUB-CHI,standard,2025-07-14T07:17:00,2025-07-16T11:17:00,delivered,RTE-CHI-20250714-002
SHP-202512-000429,CLI-0169,HUB-IND,expedited,2025-12-13T19:36:00,2025-12-15T01:36:00,delivered,RTE-IND-20251213-001
SHP-202512-000430,CLI-0007,HUB-DET,expedited,2025-12-18T18:13:00,2025-12-20T02:13:00,delivered,RTE-DET-20251218-004
SHP-202504-000256,CLI-0042,HUB-CIN,freight,2025-04-29T11:53:00,2025-05-03T11:53:00,delivered,
SHP-202510-000299,CLI-0042,HUB-CIN,freight,2025-10-27T15:05:00,2025-11-02T15:05:00,delayed,
SHP-202511-000383,CLI-0155,HUB-CHI,expedited,2025-11-18T13:52:00,2025-11-19T13:52:00,delivered,RTE-CHI-20251118-003
SHP-202508-000268,CLI-0155,HUB-CHI,expedited,2025-08-08T17:48:00,2025-08-10T04:48:00,delivered,RTE-CHI-20250808-001
SHP-202512-000432,CLI-0201,HUB-CHI,standard,2025-12-24T08:32:00,2025-12-25T09:32:00,delivered,RTE-CHI-20251224-002
SHP-202512-000433,CLI-0201,HUB-CMH,expedited,2025-12-02T09:02:00,2025-12-03T21:02:00,delivered,RTE-CMH-20251202-001
SHP-202510-000301,CLI-0155,HUB-CMH,standard,2025-10-17T19:18:00,2025-10-20T00:18:00,delivered,RTE-CMH-20251017-001
SHP-202508-000270,CLI-0155,HUB-DET,standard,2025-08-02T12:45:00,2025-08-03T21:45:00,delivered,RTE-DET-20250803-001
SHP-202512-000437,CLI-0155,HUB-CIN,standard,2025-12-09T17:31:00,2025-12-11T00:31:00,delivered,RTE-CIN-20251209-001
SHP-202510-000303,CLI-0007,HUB-CHI,standard,2025-10-14T08:21:00,2025-10-16T09:21:00,delivered,RTE-CHI-20251014-001
SHP-202510-000304,CLI-0201,HUB-DET,standard,2025-10-27T06:09:00,2025-10-30T17:09:00,delivered,RTE-DET-20251027-001
SHP-202512-000438,CLI-0007,HUB-CMH,expedited,2025-12-09T09:43:00,2025-12-16T09:43:00,delayed,RTE-CMH-20251209-002
SHP-202506-000279,CLI-0201,HUB-CHI,standard,2025-06-05T11:03:00,2025-06-08T21:03:00,delivered,RTE-CHI-20250605-001
SHP-202504-000258,CLI-0201,HUB-IND,standard,2025-04-21T20:23:00,2025-04-23T23:23:00,delivered,RTE-IND-20250421-001
SHP-202501-000301,CLI-0042,HUB-DET,freight,2025-01-06T18:49:00,2025-01-12T18:49:00,delayed,
SHP-202507-000314,CLI-0007,HUB-DET,standard,2025-07-15T08:41:00,2025-07-19T14:41:00,delivered,RTE-DET-20250715-001
SHP-202502-000263,CLI-0169,HUB-CHI,standard,2025-02-01T20:49:00,2025-02-03T23:49:00,delivered,RTE-CHI-20250201-001
SHP-202512-000440,CLI-0169,HUB-CIN,standard,2025-12-12T06:14:00,2025-12-16T18:14:00,delivered,RTE-CIN-20251212-001
SHP-202512-000441,CLI-0042,HUB-CMH,freight,2025-12-24T14:44:00,2025-12-30T14:44:00,delayed,
SHP-202504-000259,CLI-0042,HUB-CHI,freight,2025-04-17T17:28:00,2025-04-23T17:28:00,delayed,
SHP-202511-000385,CLI-0169,HUB-IND,standard,2025-11-18T17:53:00,2025-11-19T22:53:00,delivered,RTE-IND-20251118-001
SHP-202504-000264,CLI-0169,HUB-CMH,standard,2025-04-19T07:38:00,2025-04-23T12:38:00,delivered,RTE-CMH-20250420-001
SHP-202512-000443,CLI-0042,HUB-CHI,freight,2025-12-15T11:00:00,2025-12-21T11:00:00,delayed,
SHP-202511-000386,CLI-0042,HUB-DET,freight,2025-11-29T16:29:00,2025-12-05T16:29:00,delayed,
SHP-202508-000271,CLI-0155,HUB-CIN,standard,2025-08-02T14:27:00,2025-08-06T01:27:00,delivered,RTE-CIN-20250804-001
SHP-202511-000387,CLI-0042,HUB-CHI,freight,2025-11-12T14:21:00,,failed,
SHP-202507-000317,CLI-0007,HUB-IND,standard,2025-07-15T18:25:00,2025-07-19T22:25:00,delivered,RTE-IND-20250715-003
SHP-202504-000265,CLI-0201,HUB-CHI,standard,2025-04-16T10:39:00,2025-04-19T10:39:00,delivered,RTE-CHI-20250416-001
SHP-202504-000266,CLI-0169,HUB-IND,expedited,2025-04-13T10:26:00,2025-04-14T22:26:00,delivered,RTE-IND-20250413-001
SHP-202501-000302,CLI-0007,HUB-CMH,standard,2025-01-28T17:51:00,2025-01-30T23:51:00,delivered,RTE-CMH-20250128-002
SHP-202502-000264,CLI-0201,HUB-CMH,expedited,2025-02-03T15:07:00,2025-02-04T15:07:00,delivered,RTE-CMH-20250203-002
SHP-202506-000281,CLI-0201,HUB-DET,expedited,2025-06-04T17:01:00,2025-06-05T20:01:00,delivered,RTE-DET-20250605-001
SHP-202503-000310,CLI-0155,HUB-DET,expedited,2025-03-20T14:56:00,2025-03-22T01:56:00,delivered,RTE-DET-20250320-001
SHP-202510-000305,CLI-0155,HUB-IND,expedited,2025-10-14T19:15:00,2025-10-16T01:15:00,delivered,RTE-IND-20251014-005
SHP-202504-000268,CLI-0155,HUB-DET,standard,2025-04-08T15:33:00,2025-04-10T22:33:00,delivered,RTE-DET-20250408-001
SHP-202505-000264,CLI-0155,HUB-IND,standard,2025-05-21T19:25:00,2025-05-24T03:25:00,delivered,RTE-IND-20250521-001
SHP-202501-000303,CLI-0169,HUB-CMH,standard,2025-01-21T06:32:00,2025-01-25T10:32:00,delivered,RTE-CMH-20250121-002
SHP-202509-000281,CLI-0042,HUB-CIN,freight,2025-09-16T14:02:00,2025-09-22T14:02:00,delayed,
SHP-202511-000390,CLI-0201,HUB-CMH,expedited,2025-11-15T15:51:00,2025-11-16T22:51:00,delivered,RTE-CMH-20251115-001
SHP-202507-000319,CLI-0155,HUB-DET,standard,2025-07-26T20:37:00,2025-07-28T02:37:00,delivered,RTE-DET-20250728-001
SHP-202502-000265,CLI-0007,HUB-IND,standard,2025-02-11T18:15:00,2025-02-16T05:15:00,delivered,RTE-IND-20250211-004
SHP-202512-000448,CLI-0007,HUB-CIN,expedited,2025-12-30T06:02:00,2025-12-31T10:02:00,delivered,RTE-CIN-20251230-001
SHP-202512-000449,CLI-0007,HUB-CHI,standard,2025-12-05T11:47:00,2025-12-06T13:47:00,delivered,RTE-CHI-20251205-001
SHP-202510-000307,CLI-0007,HUB-CIN,standard,2025-10-14T15:49:00,2025-10-16T21:49:00,delivered,RTE-CIN-20251014-002
SHP-202511-000391,CLI-0169,HUB-CMH,expedited,2025-11-17T11:07:00,2025-11-18T21:07:00,delivered,RTE-CMH-20251117-004
SHP-202509-000282,CLI-0042,HUB-IND,freight,2025-09-05T15:09:00,2025-09-11T15:09:00,delayed,
SHP-202507-000320,CLI-0007,HUB-CIN,standard,2025-07-07T08:37:00,2025-07-09T09:37:00,delivered,RTE-CIN-20250707-001
SHP-202504-000269,CLI-0169,HUB-CHI,expedited,2025-04-10T06:36:00,2025-04-11T18:36:00,delivered,RTE-CHI-20250410-001
SHP-202505-000265,CLI-0042,HUB-CHI,freight,2025-05-16T13:55:00,2025-05-20T20:55:00,delivered,
SHP-202507-000321,CLI-0169,HUB-DET,standard,2025-07-05T13:16:00,2025-07-09T19:16:00,delivered,RTE-DET-20250706-001
SHP-202507-000322,CLI-0169,HUB-CMH,standard,2025-07-18T13:43:00,2025-07-19T14:43:00,delivered,RTE-CMH-20250718-002
SHP-202510-000309,CLI-0007,HUB-CIN,standard,2025-10-11T07:42:00,2025-10-13T17:42:00,delivered,RTE-CIN-20251013-001
SHP-202502-000267,CLI-0201,HUB-CIN,standard,2025-02-25T10:22:00,2025-02-27T11:22:00,delivered,RTE-CIN-20250225-005
SHP-202502-000268,CLI-0042,HUB-CHI,freight,2025-02-03T18:27:00,2025-02-05T00:27:00,delivered,
SHP-202512-000451,CLI-0042,HUB-IND,freight,2025-12-19T10:47:00,2025-12-25T10:47:00,delayed,
SHP-202510-000311,CLI-0169,HUB-CIN,standard,2025-10-30T19:08:00,2025-11-03T23:08:00,delivered,RTE-CIN-20251030-001
SHP-202512-000452,CLI-0155,HUB-CHI,standard,2025-12-01T10:05:00,2025-12-02T14:05:00,delivered,RTE-CHI-20251201-002
SHP-202509-000283,CLI-0201,HUB-CMH,standard,2025-09-11T10:43:00,2025-09-14T19:43:00,delivered,RTE-CMH-20250911-003
SHP-202501-000304,CLI-0201,HUB-CHI,standard,2025-01-08T13:24:00,2025-01-12T19:24:00,delivered,RTE-CHI-20250108-001
SHP-202510-000312,CLI-0042,HUB-CHI,freight,2025-10-04T10:38:00,,failed,
SHP-202511-000395,CLI-0201,HUB-DET,standard,2025-11-01T07:25:00,2025-11-03T14:25:00,delivered,RTE-DET-20251103-002
SHP-202506-000284,CLI-0007,HUB-IND,expedited,2025-06-01T13:08:00,2025-06-03T00:08:00,delivered,RTE-IND-20250601-001
SHP-202503-000313,CLI-0155,HUB-CHI,expedited,2025-03-17T11:09:00,2025-03-18T22:09:00,delivered,RTE-CHI-20250317-001
SHP-202502-000269,CLI-0007,HUB-CIN,standard,2025-02-14T20:26:00,2025-02-17T00:26:00,delivered,RTE-CIN-20250214-001
SHP-202510-000313,CLI-0155,HUB-CHI,expedited,2025-10-24T18:52:00,2025-10-26T05:52:00,delivered,RTE-CHI-20251024-009
SHP-202511-000396,CLI-0155,HUB-CMH,expedited,2025-11-25T14:59:00,2025-11-26T22:59:00,delivered,RTE-CMH-20251125-005
SHP-202502-000271,CLI-0042,HUB-CIN,freight,2025-02-25T12:09:00,2025-02-27T18:09:00,delivered,
SHP-202503-000314,CLI-0155,HUB-CIN,standard,2025-03-07T14:09:00,2025-03-12T00:09:00,delivered,RTE-CIN-20250307-001
SHP-202503-000315,CLI-0155,HUB-CHI,standard,2025-03-18T11:12:00,2025-03-19T18:12:00,delivered,RTE-CHI-20250318-001
SHP-202502-000272,CLI-0042,HUB-DET,freight,2025-02-18T19:18:00,2025-02-19T23:18:00,delivered,
SHP-202505-000267,CLI-0007,HUB-CMH,expedited,2025-05-15T07:17:00,2025-05-16T12:17:00,delivered,RTE-CMH-20250515-001
SHP-202508-000272,CLI-0042,HUB-CMH,freight,2025-08-28T17:13:00,2025-09-03T17:13:00,delayed,
SHP-202509-000285,CLI-0155,HUB-CIN,expedited,2025-09-21T20:13:00,2025-09-22T22:13:00,delivered,RTE-CIN-20250922-003
SHP-202508-000273,CLI-0007,HUB-IND,expedited,2025-08-19T20:47:00,2025-08-21T04:47:00,delivered,RTE-IND-20250819-001
SHP-202501-000307,CLI-0201,HUB-DET,expedited,2025-01-10T18:22:00,2025-01-11T18:22:00,delivered,RTE-DET-20250110-001
SHP-202512-000457,CLI-0201,HUB-CHI,standard,2025-12-11T14:54:00,2025-12-14T02:54:00,delivered,RTE-CHI-20251211-001
SHP-202503-000319,CLI-0155,HUB-DET,standard,2025-03-26T10:45:00,2025-03-28T13:45:00,delivered,RTE-DET-20250326-003
SHP-202507-000324,CLI-0201,HUB-CIN,standard,2025-07-04T18:02:00,2025-07-09T04:02:00,delivered,RTE-CIN-20250704-002
SHP-202507-000325,CLI-0155,HUB-CIN,standard,2025-07-23T09:06:00,2025-07-26T19:06:00,delivered,RTE-CIN-20250723-001
SHP-202505-000269,CLI-0169,HUB-CIN,expedited,2025-05-16T10:37:00,2025-05-17T18:37:00,delivered,RTE-CIN-20250516-001
SHP-202505-000270,CLI-0042,HUB-DET,freight,2025-05-14T17:15:00,2025-05-16T00:15:00,delivered,
SHP-202502-000275,CLI-0169,HUB-CIN,standard,2025-02-12T11:47:00,2025-02-20T11:47:00,delayed,RTE-CIN-20250212-001
SHP-202507-000326,CLI-0201,HUB-IND,standard,2025-07-29T08:31:00,2025-08-02T16:31:00,delivered,RTE-IND-20250729-001
SHP-202509-000286,CLI-0169,HUB-CIN,standard,2025-09-10T18:35:00,2025-09-13T06:35:00,delivered,RTE-CIN-20250910-002
SHP-202506-000286,CLI-0155,HUB-CIN,standard,2025-06-08T11:14:00,2025-06-09T19:14:00,delivered,RTE-CIN-20250609-001
SHP-202512-000460,CLI-0155,HUB-CHI,standard,2025-12-01T13:54:00,2025-12-03T22:54:00,delivered,RTE-CHI-20251201-002
SHP-202504-000274,CLI-0155,HUB-DET,standard,2025-04-12T18:04:00,2025-04-13T19:04:00,delivered,RTE-DET-20250412-001
SHP-202512-000461,CLI-0155,HUB-CIN,standard,2025-12-27T07:21:00,2026-01-03T07:21:00,delayed,RTE-CIN-20251227-001
SHP-202504-000275,CLI-0042,HUB-DET,freight,2025-04-25T13:39:00,2025-05-01T13:39:00,delayed,
SHP-202508-000274,CLI-0155,HUB-CHI,standard,2025-08-23T06:23:00,2025-08-27T15:23:00,delivered,RTE-CHI-20250823-001
SHP-202501-000308,CLI-0169,HUB-IND,standard,2025-01-04T07:53:00,2025-01-13T07:53:00,delayed,RTE-IND-20250104-001
SHP-202509-000288,CLI-0201,HUB-DET,standard,2025-09-23T19:37:00,2025-09-28T06:37:00,delivered,RTE-DET-20250923-002
SHP-202511-000400,CLI-0155,HUB-CIN,standard,2025-11-28T11:56:00,2025-12-01T16:56:00,delivered,RTE-CIN-20251128-001
SHP-202501-000310,CLI-0169,HUB-IND,standard,2025-01-14T06:49:00,2025-01-22T06:49:00,delayed,RTE-IND-20250115-001
SHP-202511-000401,CLI-0201,HUB-CIN,standard,2025-11-07T17:33:00,2025-11-11T05:33:00,delivered,RTE-CIN-20251107-003
SHP-202501-000313,CLI-0201,HUB-CHI,standard,2025-01-01T17:16:00,2025-01-04T18:16:00,delivered,RTE-CHI-20250101-001
SHP-202507-000327,CLI-0201,HUB-IND,standard,2025-07-22T18:57:00,2025-07-27T05:57:00,delivered,RTE-IND-20250722-002
SHP-202506-000287,CLI-0042,HUB-CIN,freight,2025-06-21T10:52:00,2025-06-27T10:52:00,delayed,
SHP-202511-000402,CLI-0201,HUB-IND,expedited,2025-11-02T10:37:00,2025-11-03T17:37:00,delivered,RTE-IND-20251102-001
SHP-202501-000318,CLI-0007,HUB-CMH,standard,2025-01-06T18:25:00,2025-01-09T19:25:00,delivered,RTE-CMH-20250106-002
SHP-202505-000271,CLI-0042,HUB-DET,freight,2025-05-17T14:13:00,2025-05-23T14:13:00,delayed,
SHP-202512-000464,CLI-0155,HUB-IND,standard,2025-12-14T13:11:00,2025-12-15T16:11:00,delivered,RTE-IND-20251215-001
SHP-202509-000289,CLI-0201,HUB-IND,standard,2025-09-17T07:27:00,2025-09-20T18:27:00,delivered,RTE-IND-20250917-001
SHP-202511-000403,CLI-0155,HUB-IND,expedited,2025-11-16T20:02:00,2025-11-18T06:02:00,delivered,RTE-IND-20251116-001
SHP-202502-000280,CLI-0169,HUB-CMH,standard,2025-02-17T08:12:00,2025-02-19T19:12:00,delivered,RTE-CMH-20250217-001
SHP-202503-000322,CLI-0169,HUB-IND,standard,2025-03-18T19:06:00,2025-03-20T03:06:00,delivered,RTE-IND-20250318-001
SHP-202510-000320,CLI-0007,HUB-CIN,standard,2025-10-28T19:23:00,2025-11-02T05:23:00,delivered,RTE-CIN-20251029-001
SHP-202509-000290,CLI-0007,HUB-IND,expedited,2025-09-27T15:02:00,2025-09-28T23:02:00,delivered,RTE-IND-20250929-001
SHP-202502-000281,CLI-0169,HUB-CMH,expedited,2025-02-22T18:18:00,2025-02-23T22:18:00,delivered,RTE-CMH-20250224-001
SHP-202509-000291,CLI-0155,HUB-IND,standard,2025-09-19T10:02:00,2025-09-22T10:02:00,delivered,RTE-IND-20250919-001
SHP-202507-000328,CLI-0169,HUB-IND,expedited,2025-07-31T15:44:00,2025-08-01T18:44:00,delivered,RTE-IND-20250801-002
SHP-202509-000292,CLI-0042,HUB-CIN,freight,2025-09-18T18:45:00,2025-09-24T18:45:00,delayed,
SHP-202511-000405,CLI-0042,HUB-CMH,freight,2025-11-02T13:03:00,,failed,
SHP-202508-000277,CLI-0042,HUB-DET,freight,2025-08-17T10:07:00,2025-08-23T10:07:00,delayed,
SHP-202503-000327,CLI-0201,HUB-IND,standard,2025-03-17T07:18:00,2025-03-18T18:18:00,delivered,RTE-IND-20250317-002
SHP-202511-000407,CLI-0007,HUB-DET,expedited,2025-11-18T16:52:00,2025-11-19T21:52:00,delivered,RTE-DET-20251118-001
SHP-202506-000290,CLI-0155,HUB-IND,standard,2025-06-22T11:56:00,2025-06-26T23:56:00,delivered,RTE-IND-20250622-001
SHP-202512-000467,CLI-0169,HUB-DET,standard,2025-12-06T19:48:00,2025-12-08T03:48:00,delivered,RTE-DET-20251207-001
SHP-202511-000408,CLI-0042,HUB-IND,freight,2025-11-10T18:47:00,2025-11-16T18:47:00,delayed,
SHP-202501-000320,CLI-0007,HUB-DET,standard,2025-01-27T20:21:00,2025-01-31T08:21:00,delivered,RTE-DET-20250127-001
SHP-202512-000468,CLI-0007,HUB-CMH,standard,2025-12-14T18:48:00,2025-12-15T19:48:00,delivered,RTE-CMH-20251215-001
SHP-202504-000279,CLI-0007,HUB-CHI,standard,2025-04-30T17:49:00,2025-05-04T00:49:00,delivered,RTE-CHI-20250430-001
SHP-202505-000273,CLI-0201,HUB-IND,standard,2025-05-23T06:16:00,2025-05-25T18:16:00,delivered,RTE-IND-20250523-003
SHP-202511-000411,CLI-0007,HUB-CIN,standard,2025-11-30T19:54:00,2025-12-02T23:54:00,delivered,RTE-CIN-20251201-004
SHP-202507-000329,CLI-0007,HUB-IND,expedited,2025-07-18T10:24:00,2025-07-19T13:24:00,delivered,RTE-IND-20250718-001
SHP-202510-000321,CLI-0169,HUB-CHI,standard,2025-10-19T11:21:00,2025-10-23T15:21:00,delivered,RTE-CHI-20251019-001
SHP-202510-000322,CLI-0201,HUB-CIN,standard,2025-10-29T20:07:00,2025-10-31T22:07:00,delivered,RTE-CIN-20251029-001
SHP-202509-000293,CLI-0155,HUB-IND,standard,2025-09-14T12:43:00,2025-09-17T22:43:00,delivered,RTE-IND-20250914-001
SHP-202508-000280,CLI-0169,HUB-DET,standard,2025-08-19T14:43:00,2025-08-22T19:43:00,delivered,RTE-DET-20250819-001
SHP-202511-000412,CLI-0201,HUB-IND,standard,2025-11-23T15:16:00,2025-11-27T18:16:00,delivered,RTE-IND-20251123-001
SHP-202503-000330,CLI-0169,HUB-DET,standard,2025-03-26T12:22:00,2025-03-30T00:22:00,delivered,RTE-DET-20250326-003
SHP-202505-000274,CLI-0042,HUB-IND,freight,2025-05-10T08:05:00,2025-05-16T08:05:00,delayed,
SHP-202505-000275,CLI-0007,HUB-IND,standard,2025-05-09T09:20:00,2025-05-10T18:20:00,delivered,RTE-IND-20250509-001
SHP-202509-000294,CLI-0042,HUB-IND,freight,2025-09-28T12:23:00,,failed,
SHP-202512-000472,CLI-0042,HUB-IND,freight,2025-12-10T08:13:00,2025-12-16T08:13:00,delayed,
SHP-202511-000413,CLI-0007,HUB-CMH,expedited,2025-11-12T09:20:00,2025-11-13T17:20:00,delivered,RTE-CMH-20251112-001
SHP-202504-000280,CLI-0042,HUB-DET,freight,2025-04-10T13:46:00,2025-04-16T13:46:00,delayed,
SHP-202504-000281,CLI-0007,HUB-CMH,standard,2025-04-24T08:57:00,2025-04-26T09:57:00,delivered,RTE-CMH-20250424-001
SHP-202502-000285,CLI-0201,HUB-DET,standard,2025-02-14T19:02:00,2025-02-17T01:02:00,delivered,RTE-DET-20250214-001
SHP-202507-000334,CLI-0042,HUB-DET,freight,2025-07-02T18:09:00,2025-07-08T18:09:00,delayed,
SHP-202503-000332,CLI-0169,HUB-CMH,standard,2025-03-15T20:22:00,2025-03-20T04:22:00,delivered,RTE-CMH-20250315-001
SHP-202512-000473,CLI-0201,HUB-DET,expedited,2025-12-24T15:12:00,2025-12-25T18:12:00,delivered,RTE-DET-20251224-001
SHP-202512-000474,CLI-0007,HUB-DET,standard,2025-12-25T19:03:00,2025-12-28T22:03:00,delivered,RTE-DET-20251225-001
SHP-202512-000475,CLI-0042,HUB-CHI,freight,2025-12-28T10:11:00,2026-01-03T10:11:00,delayed,
SHP-202511-000414,CLI-0169,HUB-CMH,standard,2025-11-18T08:46:00,2025-11-19T20:46:00,delivered,RTE-CMH-20251118-001
SHP-202512-000476,CLI-0169,HUB-IND,standard,2025-12-01T06:49:00,2025-12-02T15:49:00,delivered,RTE-IND-20251201-002
SHP-202504-000283,CLI-0201,HUB-IND,expedited,2025-04-24T09:26:00,2025-04-25T12:26:00,delivered,RTE-IND-20250425-002
SHP-202501-000322,CLI-0169,HUB-IND,standard,2025-01-04T17:55:00,2025-01-07T18:55:00,delivered,RTE-IND-20250104-001
SHP-202505-000277,CLI-0007,HUB-CHI,standard,2025-05-19T17:55:00,2025-05-21T20:55:00,delivered,RTE-CHI-20250519-001
SHP-202509-000296,CLI-0201,HUB-CIN,standard,2025-09-28T06:22:00,2025-10-02T17:22:00,delivered,RTE-CIN-20250929-004
SHP-202510-000325,CLI-0007,HUB-CMH,standard,2025-10-16T17:23:00,2025-10-18T05:23:00,delivered,RTE-CMH-20251016-001
SHP-202505-000278,CLI-0042,HUB-CIN,freight,2025-05-28T15:45:00,2025-06-03T15:45:00,delayed,
SHP-202507-000336,CLI-0155,HUB-IND,expedited,2025-07-17T17:21:00,2025-07-18T22:21:00,delivered,RTE-IND-20250717-002
SHP-202508-000282,CLI-0169,HUB-DET,standard,2025-08-29T17:11:00,2025-08-31T23:11:00,delivered,RTE-DET-20250831-001
SHP-202511-000416,CLI-0007,HUB-CMH,standard,2025-11-20T14:55:00,2025-11-21T14:55:00,delivered,RTE-CMH-20251120-001
SHP-202502-000286,CLI-0042,HUB-CMH,freight,2025-02-04T19:12:00,2025-02-10T19:12:00,delayed,
SHP-202503-000333,CLI-0042,HUB-DET,freight,2025-03-31T11:06:00,,failed,
SHP-202506-000292,CLI-0042,HUB-CMH,freight,2025-06-29T15:12:00,,failed,
SHP-202508-000283,CLI-0007,HUB-CHI,standard,2025-08-07T13:07:00,2025-08-11T22:07:00,delivered,RTE-CHI-20250807-001
SHP-202510-000328,CLI-0169,HUB-CHI,standard,2025-10-22T09:40:00,2025-10-26T17:40:00,delivered,RTE-CHI-20251022-003
SHP-202504-000284,CLI-0201,HUB-CIN,standard,2025-04-21T18:47:00,2025-04-25T23:47:00,delivered,RTE-CIN-20250421-003
SHP-202504-000285,CLI-0169,HUB-CHI,standard,2025-04-29T08:03:00,2025-05-02T20:03:00,delivered,RTE-CHI-20250429-002
SHP-202505-000279,CLI-0007,HUB-CMH,standard,2025-05-10T08:25:00,2025-05-12T12:25:00,delivered,RTE-CMH-20250511-001
SHP-202508-000285,CLI-0042,HUB-IND,freight,2025-08-13T11:30:00,2025-08-19T11:30:00,delayed,
SHP-202510-000329,CLI-0155,HUB-CHI,standard,2025-10-16T08:42:00,2025-10-19T18:42:00,delivered,RTE-CHI-20251016-001
SHP-202509-000301,CLI-0169,HUB-CMH,standard,2025-09-24T18:17:00,2025-09-27T22:17:00,delivered,RTE-CMH-20250924-001
SHP-202502-000288,CLI-0007,HUB-CMH,standard,2025-02-24T19:31:00,2025-02-28T23:31:00,delivered,RTE-CMH-20250224-001
SHP-202511-000418,CLI-0155,HUB-CIN,standard,2025-11-15T20:00:00,2025-11-17T04:00:00,delivered,RTE-CIN-20251117-001
SHP-202506-000295,CLI-0155,HUB-CIN,expedited,2025-06-14T07:06:00,2025-06-15T18:06:00,delivered,RTE-CIN-20250614-003
SHP-202508-000286,CLI-0155,HUB-CHI,standard,2025-08-16T12:58:00,2025-08-19T16:58:00,delivered,RTE-CHI-20250818-001
SHP-202508-000287,CLI-0042,HUB-DET,freight,2025-08-30T06:50:00,2025-09-05T06:50:00,delayed,
SHP-202508-000288,CLI-0169,HUB-CMH,standard,2025-08-15T11:08:00,2025-08-16T22:08:00,delivered,RTE-CMH-20250815-001
SHP-202506-000296,CLI-0155,HUB-CIN,standard,2025-06-18T07:52:00,2025-06-19T17:52:00,delivered,RTE-CIN-20250618-002
SHP-202512-000478,CLI-0155,HUB-CHI,standard,2025-12-18T20:38:00,2025-12-20T00:38:00,delivered,RTE-CHI-20251218-001
SHP-202502-000289,CLI-0007,HUB-CHI,expedited,2025-02-26T11:44:00,2025-02-27T20:44:00,delivered,RTE-CHI-20250226-002
SHP-202510-000330,CLI-0007,HUB-IND,expedited,2025-10-25T12:20:00,2025-10-26T13:20:00,delivered,RTE-IND-20251027-003
SHP-202501-000324,CLI-0155,HUB-CMH,standard,2025-01-16T15:57:00,2025-01-20T02:57:00,delivered,RTE-CMH-20250116-004
SHP-202505-000281,CLI-0155,HUB-CMH,expedited,2025-05-29T08:56:00,2025-05-30T19:56:00,delivered,RTE-CMH-20250529-002
SHP-202505-000282,CLI-0201,HUB-DET,expedited,2025-05-09T16:15:00,,returned,RTE-DET-20250509-002
SHP-202510-000332,CLI-0042,HUB-DET,freight,2025-10-02T13:24:00,2025-10-08T13:24:00,delayed,
SHP-202504-000288,CLI-0201,HUB-CHI,standard,2025-04-02T11:44:00,2025-04-03T23:44:00,delivered,RTE-CHI-20250402-002
SHP-202508-000289,CLI-0201,HUB-CIN,standard,2025-08-24T20:47:00,2025-08-27T22:47:00,delivered,RTE-CIN-20250824-001
SHP-202511-000421,CLI-0169,HUB-DET,expedited,2025-11-30T09:05:00,2025-12-01T18:05:00,delivered,RTE-DET-20251130-001
SHP-202507-000340,CLI-0007,HUB-CMH,expedited,2025-07-08T16:37:00,2025-07-10T02:37:00,delivered,RTE-CMH-20250708-001
SHP-202502-000290,CLI-0169,HUB-CHI,standard,2025-02-11T13:46:00,2025-02-12T20:46:00,delivered,RTE-CHI-20250212-001
SHP-202507-000341,CLI-0201,HUB-CHI,expedited,2025-07-13T09:34:00,2025-07-14T21:34:00,delivered,RTE-CHI-20250714-004
SHP-202507-000342,CLI-0155,HUB-CIN,standard,2025-07-03T11:17:00,2025-07-05T16:17:00,delivered,RTE-CIN-20250703-004
SHP-202510-000334,CLI-0007,HUB-CHI,expedited,2025-10-26T19:12:00,2025-10-28T06:12:00,delivered,RTE-CHI-20251027-001
SHP-202506-000300,CLI-0169,HUB-IND,standard,2025-06-17T12:13:00,2025-06-20T13:13:00,delivered,RTE-IND-20250617-001
SHP-202512-000482,CLI-0007,HUB-CMH,standard,2025-12-27T13:19:00,2025-12-30T01:19:00,delivered,RTE-CMH-20251227-001
SHP-202508-000290,CLI-0169,HUB-CIN,standard,2025-08-08T19:21:00,2025-08-11T20:21:00,delivered,RTE-CIN-20250808-001
SHP-202501-900001,CLI-0042,HUB-CHI,freight,2025-01-14T09:41:00,2025-01-20T09:41:00,delayed,
SHP-202501-900002,CLI-0042,HUB-CHI,freight,2025-01-15T09:05:00,2025-01-21T09:05:00,delayed,
SHP-202501-900003,CLI-0042,HUB-CHI,freight,2025-01-16T10:49:00,2025-01-21T10:49:00,delayed,
SHP-202502-900004,CLI-0042,HUB-CHI,freight,2025-02-03T08:47:00,2025-02-11T08:47:00,delayed,
SHP-202501-900005,CLI-0042,HUB-CHI,freight,2025-01-14T10:52:00,2025-01-20T10:52:00,delayed,
SHP-202501-900006,CLI-0042,HUB-CHI,freight,2025-01-15T07:02:00,2025-01-20T07:02:00,delayed,
SHP-202501-900007,CLI-0042,HUB-CHI,freight,2025-01-16T10:31:00,2025-01-20T10:31:00,delayed,
SHP-202502-900008,CLI-0042,HUB-CHI,freight,2025-02-03T10:17:00,2025-02-10T10:17:00,delayed,
SHP-202501-900009,CLI-0042,HUB-CHI,freight,2025-01-14T11:08:00,2025-01-21T11:08:00,delayed,
SHP-202501-900010,CLI-0042,HUB-CHI,freight,2025-01-15T08:08:00,2025-01-20T08:08:00,delayed,
SHP-202501-900011,CLI-0201,HUB-CHI,standard,2025-01-16T10:07:00,2025-01-22T10:07:00,delayed,RTE-CHI-20250116-206
SHP-202502-900016,CLI-0007,HUB-CHI,standard,2025-02-03T08:19:00,2025-02-07T08:19:00,delayed,RTE-CHI-20250203-201
SHP-202501-900018,CLI-0007,HUB-CHI,standard,2025-01-15T06:07:00,2025-01-19T06:07:00,delayed,RTE-CHI-20250115-207
SHP-202501-900022,CLI-0169,HUB-CHI,standard,2025-01-15T06:02:00,2025-01-20T06:02:00,delayed,RTE-CHI-20250115-202
SHP-202501-900023,CLI-0155,HUB-CHI,standard,2025-01-16T06:10:00,2025-01-20T06:10:00,delayed,RTE-CHI-20250116-203
SHP-202501-900025,CLI-0169,HUB-CHI,standard,2025-01-14T09:52:00,2025-01-20T09:52:00,delayed,RTE-CHI-20250114-204
SHP-202501-900026,CLI-0169,HUB-CHI,standard,2025-01-15T07:19:00,2025-01-21T07:19:00,delayed,RTE-CHI-20250115-207
SHP-202501-900031,CLI-0169,HUB-CHI,standard,2025-01-16T10:12:00,2025-01-22T10:12:00,delayed,RTE-CHI-20250116-204
SHP-202501-900033,CLI-0007,HUB-CHI,standard,2025-01-14T08:14:00,2025-01-21T08:14:00,delayed,RTE-CHI-20250114-207
SHP-202501-900034,CLI-0169,HUB-CHI,standard,2025-01-15T06:17:00,2025-01-23T06:17:00,delayed,RTE-CHI-20250115-207
SHP-202502-900036,CLI-0007,HUB-CHI,standard,2025-02-03T07:49:00,2025-02-08T07:49:00,delayed,RTE-CHI-20250203-202
SHP-202501-900037,CLI-0201,HUB-CHI,standard,2025-01-14T09:31:00,2025-01-18T09:31:00,delayed,RTE-CHI-20250114-201
SHP-202501-900038,CLI-0169,HUB-CHI,standard,2025-01-15T07:41:00,2025-01-20T07:41:00,delayed,RTE-CHI-20250115-206
SHP-202501-900039,CLI-0007,HUB-CHI,standard,2025-01-16T08:10:00,2025-01-20T08:10:00,delayed,RTE-CHI-20250116-208
SHP-202502-900040,CLI-0007,HUB-CHI,standard,2025-02-03T11:04:00,2025-02-09T11:04:00,delayed,RTE-CHI-20250203-202
SHP-202501-900042,CLI-0155,HUB-CHI,standard,2025-01-15T10:01:00,2025-01-21T10:01:00,delayed,RTE-CHI-20250115-202
SHP-202501-900043,CLI-0007,HUB-CHI,standard,2025-01-16T06:01:00,2025-01-24T06:01:00,delayed,RTE-CHI-20250116-206
SHP-202501-900045,CLI-0155,HUB-CHI,standard,2025-01-14T12:56:00,2025-01-22T12:56:00,delayed,RTE-CHI-20250114-208
SHP-202505-950001,CLI-0007,HUB-IND,standard,2025-05-12T10:00:00,,failed,
SHP-202505-950004,CLI-0155,HUB-IND,standard,2025-05-15T12:00:00,,failed,
SHP-202505-950005,CLI-0169,HUB-IND,standard,2025-05-16T11:00:00,,returned,
SHP-202505-950006,CLI-0201,HUB-IND,standard,2025-05-12T10:00:00,,failed,
