ticket_id,client_id,shipment_id,opened_at,channel,status,csat,body
TKT-200249,CLI-0233,SHP-202512-000338,2025-12-25T14:34:00,chat,resolved,4,"[customer] Can you confirm SHP-202512-000338 is still on track to arrive this week?
[agent.tpatel] Attached the POD for SHP-202512-000338. Let me know if there's anything else!
[customer] Perfect, thank you!"
TKT-200052,CLI-0233,SHP-202509-000149,2025-09-27T21:37:00,portal,resolved,3,"[customer] Hi, I'm checking on shipment SHP-202509-000149. The status shows delayed — can you tell me the latest ETA?
[agent.mruiz] Thank you for your patience. I've located SHP-202509-000149 in our system (origin HUB-CIN). Checking with dispatch now.
[agent.mruiz] Good news — SHP-202509-000149 is back in motion. I'll monitor it through delivery and confirm the POD with you.
[customer] Appreciate the quick turnaround."
TKT-200047,CLI-0113,SHP-202512-000299,2025-12-09T17:39:00,chat,resolved,4,"[customer] Good morning! Quick question on SHP-202512-000299, currently delayed. No rush, just planning around it.
[agent.tpatel] Thank you for your patience. I've located SHP-202512-000299 in our system (origin HUB-IND). Checking with dispatch now.
[agent.tpatel] Update: SHP-202512-000299 is re-routed and expected to deliver within 48 hours. I've added a note to prioritize it. Anything else I can do?"
TKT-200216,CLI-0212,SHP-202512-000373,2025-12-20T23:40:00,phone,resolved,5,"[customer] Hello, I need to update the delivery contact for SHP-202512-000373 if it hasn't gone out yet.
[agent.jbrooks] Attached the POD for SHP-202512-000373. Let me know if there's anything else!
[customer] Great, appreciate it."
TKT-200014,CLI-0201,SHP-202508-000160,2025-08-14T14:14:00,email,resolved,1,"[customer] Where is SHP-202508-000160?? Your tracking hasn't updated and my customer is furious. I need answers today.
[agent.dfoster] Thank you for your patience. I've located SHP-202508-000160 in our system (origin HUB-DET). Checking with dispatch now.
[agent.dfoster] Dispatch confirms SHP-202508-000160 will be reattempted next business day. I've flagged your account for a proactive follow-up.
[customer] Okay, thank you. Please keep me posted."
TKT-200222,CLI-0201,SHP-202504-000088,2025-04-06T15:44:00,phone,resolved,5,"[customer] Following up on SHP-202504-000088 — could you send the POD once it's delivered? Accounting needs it.
[agent.mruiz] Attached the POD for SHP-202504-000088. Let me know if there's anything else!
[customer] Perfect, thank you!"
TKT-200290,CLI-0113,SHP-202503-000312,2025-03-12T12:52:00,phone,resolved,4,"[customer] Hello, I need to update the delivery contact for SHP-202503-000312 if it hasn't gone out yet.
[agent.mruiz] Attached the POD for SHP-202503-000312. Let me know if there's anything else!
[customer] Thanks for the quick help."
TKT-200132,CLI-0212,SHP-202510-000024,2025-10-17T19:01:00,chat,resolved,5,"[customer] Hi — quick question on SHP-202510-000024. Can you confirm the delivery window?
[agent.jbrooks] Happy to help — SHP-202510-000024 is on schedule out of our Indianapolis hub; delivery is within the next 1–2 business days.
[customer] Great, appreciate it."
TKT-200078,CLI-0233,SHP-202503-000147,2025-03-18T22:08:00,phone,resolved,3,"[customer] Following up on SHP-202503-000147. Could you confirm whether this will still be delivered this week?
[agent.dfoster] Thanks for reaching out — I'm sorry for the trouble with SHP-202503-000147. I see it was affected by an exception at our Chicago hub. Let me pull the latest.
[agent.dfoster] Update: SHP-202503-000147 is re-routed and expected to deliver within 48 hours. I've added a note to prioritize it. Anything else I can do?
[customer] Appreciate the quick turnaround."
TKT-200017,CLI-0007,SHP-202508-000005,2025-08-06T17:03:00,chat,resolved,1,"[customer] Where is SHP-202508-000005?? Your tracking hasn't updated and my customer is furious. I need answers today.
[agent.tpatel] Thanks for reaching out — I'm sorry for the trouble with SHP-202508-000005. I see it was affected by an exception at our Detroit hub. Let me pull the latest.
[agent.tpatel] Good news — SHP-202508-000005 is back in motion. I'll monitor it through delivery and confirm the POD with you."
TKT-200086,CLI-0169,SHP-202511-000153,2025-11-14T15:57:00,email,resolved,3,"[customer] Hi, I'm checking on shipment SHP-202511-000153. The status shows delayed — can you tell me the latest ETA?
[agent.jbrooks] Thanks for reaching out — I'm sorry for the trouble with SHP-202511-000153. I see it was affected by an exception at our Indianapolis hub. Let me pull the latest.
[agent.jbrooks] Update: SHP-202511-000153 is re-routed and expected to deliver within 48 hours. I've added a note to prioritize it. Anything else I can do?
[customer] Appreciate the quick turnaround."
TKT-200276,CLI-0155,SHP-202504-000006,2025-04-18T09:35:00,phone,resolved,4,"[customer] Hi — quick question on SHP-202504-000006. Can you confirm the delivery window?
[agent.lchen] Attached the POD for SHP-202504-000006. Let me know if there's anything else!
[customer] Perfect, thank you!"
TKT-200207,CLI-0007,SHP-202510-000172,2025-10-30T00:02:00,phone,resolved,5,"[customer] Hi — quick question on SHP-202510-000172. Can you confirm the delivery window?
[agent.lchen] Attached the POD for SHP-202510-000172. Let me know if there's anything else!
[customer] Perfect, thank you!"
TKT-200033,CLI-0212,SHP-202511-000131,2025-11-21T21:02:00,email,resolved,2,"[customer] Following up on SHP-202511-000131. Could you confirm whether this will still be delivered this week?
[agent.jbrooks] Thank you for your patience. I've located SHP-202511-000131 in our system (origin HUB-CHI). Checking with dispatch now.
[agent.jbrooks] Update: SHP-202511-000131 is re-routed and expected to deliver within 48 hours. I've added a note to prioritize it. Anything else I can do?
[customer] That still isn't good enough but I'll wait for the update."
TKT-200112,CLI-0212,SHP-202503-000213,2025-03-08T18:37:00,portal,resolved,4,"[customer] Hello, I need to update the delivery contact for SHP-202503-000213 if it hasn't gone out yet.
[agent.tpatel] Happy to help — SHP-202503-000213 is on schedule out of our Columbus hub; delivery is within the next 1–2 business days.
[customer] Great, appreciate it."
TKT-200176,CLI-0128,SHP-202505-000153,2025-05-31T13:22:00,portal,resolved,4,"[customer] Hello, I need to update the delivery contact for SHP-202505-000153 if it hasn't gone out yet.
[agent.jbrooks] Attached the POD for SHP-202505-000153. Let me know if there's anything else!
[customer] Perfect, thank you!"
TKT-200103,CLI-0244,SHP-202505-000226,2025-05-02T17:15:00,portal,resolved,4,"[customer] Can you confirm SHP-202505-000226 is still on track to arrive this week?
[agent.dfoster] Happy to help — SHP-202505-000226 is on schedule out of our Detroit hub; delivery is within the next 1–2 business days.
[customer] Perfect, thank you!"
TKT-200106,CLI-0169,SHP-202511-000414,2025-11-18T14:46:00,email,resolved,4,"[customer] Hi — quick question on SHP-202511-000414. Can you confirm the delivery window?
[agent.kobrien] Happy to help — SHP-202511-000414 is on schedule out of our Columbus hub; delivery is within the next 1–2 business days.
[customer] Great, appreciate it."
TKT-200234,CLI-0128,SHP-202502-000278,2025-02-16T13:55:00,portal,resolved,5,"[customer] Following up on SHP-202502-000278 — could you send the POD once it's delivered? Accounting needs it.
[agent.tpatel] Sure thing. I've noted the update on SHP-202502-000278 and confirmed it with the Indianapolis team.
[customer] Perfect, thank you!"
TKT-200224,CLI-0201,SHP-202511-000117,2025-11-04T18:05:00,portal,resolved,5,"[customer] Can you confirm SHP-202511-000117 is still on track to arrive this week?
[agent.tpatel] Sure thing. I've noted the update on SHP-202511-000117 and confirmed it with the Detroit team.
[customer] Great, appreciate it."
TKT-200174,CLI-0244,SHP-202508-000257,2025-08-30T00:29:00,chat,resolved,5,"[customer] Can you confirm SHP-202508-000257 is still on track to arrive this week?
[agent.mruiz] Happy to help — SHP-202508-000257 is on schedule out of our Cincinnati hub; delivery is within the next 1–2 business days.
[customer] Thanks for the quick help."
TKT-200275,CLI-0155,SHP-202508-000139,2025-08-26T02:00:00,email,resolved,4,"[customer] Hello, I need to update the delivery contact for SHP-202508-000139 if it hasn't gone out yet.
[agent.mruiz] Sure thing. I've noted the update on SHP-202508-000139 and confirmed it with the Indianapolis team.
[customer] Thanks for the quick help."
TKT-200251,CLI-0113,SHP-202509-000037,2025-09-16T20:57:00,portal,resolved,5,"[customer] Hi — quick question on SHP-202509-000037. Can you confirm the delivery window?
[agent.jbrooks] Attached the POD for SHP-202509-000037. Let me know if there's anything else!
[customer] Thanks for the quick help."
TKT-200046,CLI-0169,SHP-202511-000362,2025-11-18T21:07:00,email,resolved,4,"[customer] Following up on SHP-202511-000362. Could you confirm whether this will still be delivered this week?
[agent.dfoster] Thank you for your patience. I've located SHP-202511-000362 in our system (origin HUB-CHI). Checking with dispatch now.
[agent.dfoster] Good news — SHP-202511-000362 is back in motion. I'll monitor it through delivery and confirm the POD with you.
[customer] That still isn't good enough but I'll wait for the update."
TKT-200053,CLI-0244,SHP-202507-000164,2025-07-12T21:56:00,email,pending,,"[customer] This is the second time I'm reaching out about SHP-202507-000164. It was due days ago and I still have nothing. This is unacceptable for the rates we pay.
[agent.kobrien] Thank you for your patience. I've located SHP-202507-000164 in our system (origin HUB-CIN). Checking with dispatch now.
[agent.kobrien] Dispatch confirms SHP-202507-000164 will be reattempted next business day. I've flagged your account for a proactive follow-up.
[customer] Okay, thank you. Please keep me posted."
TKT-200005,CLI-0201,SHP-202510-000078,2025-10-16T00:27:00,phone,resolved,5,"[customer] Good morning! Quick question on SHP-202510-000078, currently failed. No rush, just planning around it.
[agent.jbrooks] Apologies for the delay on SHP-202510-000078. I've opened an investigation and looped in the Indianapolis operations team."
TKT-200100,CLI-0201,SHP-202508-000084,2025-08-29T22:23:00,phone,resolved,5,"[customer] Hello, I need to update the delivery contact for SHP-202508-000084 if it hasn't gone out yet.
[agent.lchen] Attached the POD for SHP-202508-000084. Let me know if there's anything else!
[customer] Great, appreciate it."
TKT-200281,CLI-0007,SHP-202503-000041,2025-04-02T23:00:00,portal,resolved,5,"[customer] Can you confirm SHP-202503-000041 is still on track to arrive this week?
[agent.lchen] Happy to help — SHP-202503-000041 is on schedule out of our Cincinnati hub; delivery is within the next 1–2 business days.
[customer] Great, appreciate it."
TKT-200257,CLI-0007,SHP-202507-000089,2025-07-16T18:07:00,phone,resolved,5,"[customer] Hi — quick question on SHP-202507-000089. Can you confirm the delivery window?
[agent.dfoster] Attached the POD for SHP-202507-000089. Let me know if there's anything else!
[customer] Thanks for the quick help."
TKT-200284,CLI-0169,SHP-202509-000183,2025-09-15T21:34:00,chat,resolved,5,"[customer] Hi — quick question on SHP-202509-000183. Can you confirm the delivery window?
[agent.lchen] Happy to help — SHP-202509-000183 is on schedule out of our Cincinnati hub; delivery is within the next 1–2 business days.
[customer] Thanks for the quick help."
TKT-200131,CLI-0042,SHP-202512-000311,2025-12-22T21:47:00,chat,resolved,5,"[customer] Can you confirm SHP-202512-000311 is still on track to arrive this week?
[agent.tpatel] Sure thing. I've noted the update on SHP-202512-000311 and confirmed it with the Cincinnati team.
[customer] Thanks for the quick help."
TKT-200217,CLI-0244,SHP-202510-000188,2025-10-12T00:57:00,email,resolved,5,"[customer] Can you confirm SHP-202510-000188 is still on track to arrive this week?
[agent.lchen] Happy to help — SHP-202510-000188 is on schedule out of our Columbus hub; delivery is within the next 1–2 business days.
[customer] Thanks for the quick help."
TKT-200145,CLI-0128,SHP-202510-000224,2025-10-20T09:57:00,phone,resolved,5,"[customer] Can you confirm SHP-202510-000224 is still on track to arrive this week?
[agent.jbrooks] Happy to help — SHP-202510-000224 is on schedule out of our Chicago hub; delivery is within the next 1–2 business days.
[customer] Great, appreciate it."
TKT-200178,CLI-0233,SHP-202504-000197,2025-04-23T19:19:00,email,resolved,5,"[customer] Hi — quick question on SHP-202504-000197. Can you confirm the delivery window?
[agent.kobrien] Attached the POD for SHP-202504-000197. Let me know if there's anything else!
[customer] Great, appreciate it."
TKT-200210,CLI-0201,SHP-202504-000029,2025-04-24T19:09:00,phone,resolved,4,"[customer] Following up on SHP-202504-000029 — could you send the POD once it's delivered? Accounting needs it.
[agent.dfoster] Happy to help — SHP-202504-000029 is on schedule out of our Cincinnati hub; delivery is within the next 1–2 business days.
[customer] Perfect, thank you!"
TKT-200084,CLI-0244,SHP-202501-000157,2025-01-10T19:08:00,chat,resolved,3,"[customer] This is the second time I'm reaching out about SHP-202501-000157. It was due days ago and I still have nothing. This is unacceptable for the rates we pay.
[agent.tpatel] Thank you for your patience. I've located SHP-202501-000157 in our system (origin HUB-CMH). Checking with dispatch now.
[agent.tpatel] Update: SHP-202501-000157 is re-routed and expected to deliver within 48 hours. I've added a note to prioritize it. Anything else I can do?"
TKT-200142,CLI-0042,SHP-202509-000070,2025-09-03T12:35:00,phone,resolved,5,"[customer] Following up on SHP-202509-000070 — could you send the POD once it's delivered? Accounting needs it.
[agent.tpatel] Happy to help — SHP-202509-000070 is on schedule out of our Chicago hub; delivery is within the next 1–2 business days.
[customer] Thanks for the quick help."
TKT-200190,CLI-0212,SHP-202510-000054,2025-10-24T15:30:00,email,resolved,5,"[customer] Hello, I need to update the delivery contact for SHP-202510-000054 if it hasn't gone out yet.
[agent.dfoster] Attached the POD for SHP-202510-000054. Let me know if there's anything else!
[customer] Great, appreciate it."
TKT-200141,CLI-0233,SHP-202504-000033,2025-04-17T19:35:00,portal,resolved,5,"[customer] Hi — quick question on SHP-202504-000033. Can you confirm the delivery window?
[agent.jbrooks] Attached the POD for SHP-202504-000033. Let me know if there's anything else!
[customer] Perfect, thank you!"
TKT-200214,CLI-0007,SHP-202512-000297,2025-12-24T09:26:00,email,resolved,4,"[customer] Can you confirm SHP-202512-000297 is still on track to arrive this week?
[agent.kobrien] Attached the POD for SHP-202512-000297. Let me know if there's anything else!
[customer] Perfect, thank you!"
TKT-200157,CLI-0212,SHP-202507-000005,2025-07-31T12:46:00,email,resolved,5,"[customer] Following up on SHP-202507-000005 — could you send the POD once it's delivered? Accounting needs it.
[agent.kobrien] Attached the POD for SHP-202507-000005. Let me know if there's anything else!
[customer] Thanks for the quick help."
TKT-200262,CLI-0244,SHP-202504-000131,2025-04-12T09:16:00,phone,resolved,5,"[customer] Following up on SHP-202504-000131 — could you send the POD once it's delivered? Accounting needs it.
[agent.mruiz] Attached the POD for SHP-202504-000131. Let me know if there's anything else!
[customer] Thanks for the quick help."
TKT-200069,CLI-0233,SHP-202502-000210,2025-02-20T21:33:00,portal,resolved,4,"[customer] Requesting an update on SHP-202502-000210. It appears to be delayed.
[agent.mruiz] Thank you for your patience. I've located SHP-202502-000210 in our system (origin HUB-DET). Checking with dispatch now.
[agent.mruiz] Good news — SHP-202502-000210 is back in motion. I'll monitor it through delivery and confirm the POD with you.
[customer] That still isn't good enough but I'll wait for the update."
TKT-200237,CLI-0233,SHP-202503-000050,2025-03-22T22:26:00,portal,resolved,5,"[customer] Hi — quick question on SHP-202503-000050. Can you confirm the delivery window?
[agent.tpatel] Sure thing. I've noted the update on SHP-202503-000050 and confirmed it with the Indianapolis team.
[customer] Thanks for the quick help."
TKT-200030,CLI-0201,SHP-202504-000023,2025-04-10T20:12:00,email,pending,,"[customer] This is the second time I'm reaching out about SHP-202504-000023. It was due days ago and I still have nothing. This is unacceptable for the rates we pay.
[agent.lchen] Apologies for the delay on SHP-202504-000023. I've opened an investigation and looped in the Columbus operations team.
[agent.lchen] Good news — SHP-202504-000023 is back in motion. I'll monitor it through delivery and confirm the POD with you."
TKT-200072,CLI-0233,SHP-202510-000278,2025-10-08T21:55:00,chat,pending,,"[customer] Hello, hoping you can help with SHP-202510-000278. I understand there may be delays — just need an updated delivery window when you have a moment. Thanks!
[agent.kobrien] Thank you for your patience. I've located SHP-202510-000278 in our system (origin HUB-CMH). Checking with dispatch now.
[agent.kobrien] Good news — SHP-202510-000278 is back in motion. I'll monitor it through delivery and confirm the POD with you."
TKT-200158,CLI-0113,SHP-202512-000118,2025-12-14T18:14:00,phone,resolved,5,"[customer] Hi — quick question on SHP-202512-000118. Can you confirm the delivery window?
[agent.kobrien] Attached the POD for SHP-202512-000118. Let me know if there's anything else!
[customer] Thanks for the quick help."
TKT-200247,CLI-0201,SHP-202506-000193,2025-06-08T22:33:00,email,resolved,5,"[customer] Can you confirm SHP-202506-000193 is still on track to arrive this week?
[agent.tpatel] Attached the POD for SHP-202506-000193. Let me know if there's anything else!
[customer] Perfect, thank you!"
TKT-200218,CLI-0155,SHP-202512-000293,2025-12-23T16:02:00,chat,resolved,5,"[customer] Can you confirm SHP-202512-000293 is still on track to arrive this week?
[agent.lchen] Attached the POD for SHP-202512-000293. Let me know if there's anything else!
[customer] Thanks for the quick help."
TKT-200010,CLI-0244,SHP-202512-000077,2025-12-13T16:44:00,portal,pending,,"[customer] Extremely disappointed. SHP-202512-000077 was marked failed with zero communication. Please escalate.
[agent.lchen] Apologies for the delay on SHP-202512-000077. I've opened an investigation and looped in the Chicago operations team.
[agent.lchen] Good news — SHP-202512-000077 is back in motion. I'll monitor it through delivery and confirm the POD with you.
[customer] That still isn't good enough but I'll wait for the update."
TKT-200185,CLI-0212,SHP-202502-000189,2025-02-06T12:38:00,chat,resolved,4,"[customer] Following up on SHP-202502-000189 — could you send the POD once it's delivered? Accounting needs it.
[agent.lchen] Attached the POD for SHP-202502-000189. Let me know if there's anything else!
[customer] Perfect, thank you!"
TKT-200165,CLI-0113,SHP-202501-000309,2025-01-20T16:15:00,phone,resolved,4,"[customer] Can you confirm SHP-202501-000309 is still on track to arrive this week?
[agent.mruiz] Happy to help — SHP-202501-000309 is on schedule out of our Indianapolis hub; delivery is within the next 1–2 business days.
[customer] Perfect, thank you!"
TKT-200118,CLI-0169,SHP-202506-000095,2025-06-09T18:29:00,portal,resolved,5,"[customer] Can you confirm SHP-202506-000095 is still on track to arrive this week?
[agent.kobrien] Happy to help — SHP-202506-000095 is on schedule out of our Indianapolis hub; delivery is within the next 1–2 business days.
[customer] Great, appreciate it."
TKT-200045,CLI-0169,SHP-202512-000341,2025-12-13T17:12:00,portal,resolved,2,"[customer] Requesting an update on SHP-202512-000341. It appears to be delayed.
[agent.tpatel] Apologies for the delay on SHP-202512-000341. I've opened an investigation and looped in the Chicago operations team.
[agent.tpatel] Dispatch confirms SHP-202512-000341 will be reattempted next business day. I've flagged your account for a proactive follow-up."
TKT-200164,CLI-0128,SHP-202504-000164,2025-04-23T16:21:00,email,resolved,5,"[customer] Hi — quick question on SHP-202504-000164. Can you confirm the delivery window?
[agent.jbrooks] Sure thing. I've noted the update on SHP-202504-000164 and confirmed it with the Cincinnati team.
[customer] Great, appreciate it."
TKT-200286,CLI-0128,SHP-202508-000009,2025-08-23T19:50:00,phone,resolved,4,"[customer] Hi — quick question on SHP-202508-000009. Can you confirm the delivery window?
[agent.tpatel] Happy to help — SHP-202508-000009 is on schedule out of our Indianapolis hub; delivery is within the next 1–2 business days.
[customer] Great, appreciate it."
TKT-200287,CLI-0212,SHP-202503-000114,2025-03-09T20:04:00,portal,resolved,5,"[customer] Following up on SHP-202503-000114 — could you send the POD once it's delivered? Accounting needs it.
[agent.dfoster] Attached the POD for SHP-202503-000114. Let me know if there's anything else!
[customer] Thanks for the quick help."
TKT-200055,CLI-0201,SHP-202508-000134,2025-08-06T18:16:00,email,resolved,3,"[customer] Good morning! Quick question on SHP-202508-000134, currently delayed. No rush, just planning around it.
[agent.mruiz] Thanks for reaching out — I'm sorry for the trouble with SHP-202508-000134. I see it was affected by an exception at our Chicago hub. Let me pull the latest.
[agent.mruiz] Good news — SHP-202508-000134 is back in motion. I'll monitor it through delivery and confirm the POD with you."
TKT-200297,CLI-0128,SHP-202503-000064,2025-03-21T23:44:00,phone,resolved,4,"[customer] Can you confirm SHP-202503-000064 is still on track to arrive this week?
[agent.jbrooks] Attached the POD for SHP-202503-000064. Let me know if there's anything else!
[customer] Perfect, thank you!"
TKT-200227,CLI-0042,SHP-202502-000168,2025-02-04T20:40:00,phone,resolved,5,"[customer] Hi — quick question on SHP-202502-000168. Can you confirm the delivery window?
[agent.jbrooks] Sure thing. I've noted the update on SHP-202502-000168 and confirmed it with the Cincinnati team.
[customer] Perfect, thank you!"
TKT-200091,CLI-0128,SHP-202504-000001,2025-04-29T18:17:00,email,resolved,5,"[customer] Following up on SHP-202504-000001 — could you send the POD once it's delivered? Accounting needs it.
[agent.tpatel] Attached the POD for SHP-202504-000001. Let me know if there's anything else!
[customer] Thanks for the quick help."
TKT-200202,CLI-0244,SHP-202510-000128,2025-10-05T01:04:00,phone,resolved,4,"[customer] Following up on SHP-202510-000128 — could you send the POD once it's delivered? Accounting needs it.
[agent.dfoster] Sure thing. I've noted the update on SHP-202510-000128 and confirmed it with the Indianapolis team.
[customer] Thanks for the quick help."
TKT-200209,CLI-0212,SHP-202501-000158,2025-01-11T17:48:00,email,resolved,4,"[customer] Hi — quick question on SHP-202501-000158. Can you confirm the delivery window?
[agent.jbrooks] Sure thing. I've noted the update on SHP-202501-000158 and confirmed it with the Detroit team.
[customer] Perfect, thank you!"
TKT-200012,CLI-0169,SHP-202511-000108,2025-11-12T20:30:00,phone,resolved,3,"[customer] Following up on SHP-202511-000108. Could you confirm whether this will still be delivered this week?
[agent.lchen] Thank you for your patience. I've located SHP-202511-000108 in our system (origin HUB-DET). Checking with dispatch now.
[agent.lchen] Update: SHP-202511-000108 is re-routed and expected to deliver within 48 hours. I've added a note to prioritize it. Anything else I can do?"
TKT-200272,CLI-0169,SHP-202508-000254,2025-08-09T17:49:00,chat,resolved,5,"[customer] Following up on SHP-202508-000254 — could you send the POD once it's delivered? Accounting needs it.
[agent.dfoster] Happy to help — SHP-202508-000254 is on schedule out of our Indianapolis hub; delivery is within the next 1–2 business days.
[customer] Great, appreciate it."
TKT-200024,CLI-0007,SHP-202503-000194,2025-03-17T16:54:00,phone,resolved,1,"[customer] Where is SHP-202503-000194?? Your tracking hasn't updated and my customer is furious. I need answers today.
[agent.mruiz] Apologies for the delay on SHP-202503-000194. I've opened an investigation and looped in the Detroit operations team.
[customer] That still isn't good enough but I'll wait for the update."
TKT-200068,CLI-0212,SHP-202512-000346,2025-12-28T12:25:00,email,pending,,"[customer] This is the second time I'm reaching out about SHP-202512-000346. It was due days ago and I still have nothing. This is unacceptable for the rates we pay.
[agent.mruiz] Apologies for the delay on SHP-202512-000346. I've opened an investigation and looped in the Detroit operations team."
TKT-200199,CLI-0201,SHP-202501-000108,2025-01-27T15:37:00,email,resolved,5,"[customer] Hi — quick question on SHP-202501-000108. Can you confirm the delivery window?
[agent.jbrooks] Happy to help — SHP-202501-000108 is on schedule out of our Chicago hub; delivery is within the next 1–2 business days.
[customer] Thanks for the quick help."
TKT-200067,CLI-0233,SHP-202510-000052,2025-10-29T16:17:00,phone,pending,,"[customer] Requesting an update on SHP-202510-000052. It appears to be delayed.
[agent.mruiz] Thank you for your patience. I've located SHP-202510-000052 in our system (origin HUB-DET). Checking with dispatch now.
[agent.mruiz] Update: SHP-202510-000052 is re-routed and expected to deliver within 48 hours. I've added a note to prioritize it. Anything else I can do?"
TKT-200009,CLI-0233,SHP-202512-000124,2025-12-04T06:05:00,email,resolved,4,"[customer] Good morning! Quick question on SHP-202512-000124, currently delayed. No rush, just planning around it.
[agent.mruiz] Apologies for the delay on SHP-202512-000124. I've opened an investigation and looped in the Indianapolis operations team.
[agent.mruiz] Update: SHP-202512-000124 is re-routed and expected to deliver within 48 hours. I've added a note to prioritize it. Anything else I can do?"
TKT-200180,CLI-0042,SHP-202506-000287,2025-06-21T17:52:00,chat,resolved,5,"[customer] Hello, I need to update the delivery contact for SHP-202506-000287 if it hasn't gone out yet.
[agent.jbrooks] Attached the POD for SHP-202506-000287. Let me know if there's anything else!
[customer] Perfect, thank you!"
TKT-200110,CLI-0244,SHP-202503-000108,2025-03-17T23:38:00,portal,resolved,4,"[customer] Hello, I need to update the delivery contact for SHP-202503-000108 if it hasn't gone out yet.
[agent.tpatel] Happy to help — SHP-202503-000108 is on schedule out of our Columbus hub; delivery is within the next 1–2 business days.
[customer] Great, appreciate it."
TKT-200044,CLI-0113,SHP-202511-000165,2025-11-15T21:33:00,email,resolved,2,"[customer] Where is SHP-202511-000165?? Your tracking hasn't updated and my customer is furious. I need answers today.
[agent.jbrooks] Thank you for your patience. I've located SHP-202511-000165 in our system (origin HUB-DET). Checking with dispatch now.
[agent.jbrooks] Good news — SHP-202511-000165 is back in motion. I'll monitor it through delivery and confirm the POD with you."
TKT-200060,CLI-0212,SHP-202502-000287,2025-03-01T19:28:00,phone,resolved,4,"[customer] Hello, hoping you can help with SHP-202502-000287. I understand there may be delays — just need an updated delivery window when you have a moment. Thanks!
[agent.jbrooks] Thank you for your patience. I've located SHP-202502-000287 in our system (origin HUB-IND). Checking with dispatch now.
[agent.jbrooks] Dispatch confirms SHP-202502-000287 will be reattempted next business day. I've flagged your account for a proactive follow-up."
TKT-200285,CLI-0042,SHP-202503-000257,2025-03-12T15:55:00,chat,resolved,5,"[customer] Following up on SHP-202503-000257 — could you send the POD once it's delivered? Accounting needs it.
[agent.dfoster] Sure thing. I've noted the update on SHP-202503-000257 and confirmed it with the Indianapolis team.
[customer] Great, appreciate it."
TKT-200191,CLI-0212,SHP-202502-000211,2025-02-13T15:22:00,email,resolved,4,"[customer] Following up on SHP-202502-000211 — could you send the POD once it's delivered? Accounting needs it.
[agent.mruiz] Happy to help — SHP-202502-000211 is on schedule out of our Detroit hub; delivery is within the next 1–2 business days.
[customer] Thanks for the quick help."
TKT-200134,CLI-0201,SHP-202507-000047,2025-07-10T23:34:00,chat,resolved,5,"[customer] Can you confirm SHP-202507-000047 is still on track to arrive this week?
[agent.mruiz] Sure thing. I've noted the update on SHP-202507-000047 and confirmed it with the Indianapolis team.
[customer] Thanks for the quick help."
TKT-200070,CLI-0169,SHP-202509-000058,2025-09-18T22:02:00,portal,resolved,2,"[customer] This is the second time I'm reaching out about SHP-202509-000058. It was due days ago and I still have nothing. This is unacceptable for the rates we pay.
[agent.mruiz] Thanks for reaching out — I'm sorry for the trouble with SHP-202509-000058. I see it was affected by an exception at our Cincinnati hub. Let me pull the latest.
[agent.mruiz] Update: SHP-202509-000058 is re-routed and expected to deliver within 48 hours. I've added a note to prioritize it. Anything else I can do?"
TKT-200128,CLI-0128,SHP-202507-000127,2025-07-26T17:20:00,portal,resolved,5,"[customer] Hi — quick question on SHP-202507-000127. Can you confirm the delivery window?
[agent.lchen] Happy to help — SHP-202507-000127 is on schedule out of our Chicago hub; delivery is within the next 1–2 business days.
[customer] Great, appreciate it."
TKT-200229,CLI-0244,SHP-202510-000101,2025-10-30T08:07:00,chat,resolved,5,"[customer] Following up on SHP-202510-000101 — could you send the POD once it's delivered? Accounting needs it.
[agent.dfoster] Happy to help — SHP-202510-000101 is on schedule out of our Cincinnati hub; delivery is within the next 1–2 business days.
[customer] Great, appreciate it."
TKT-200038,CLI-0201,SHP-202512-000008,2025-12-27T12:19:00,phone,resolved,3,"[customer] Hello, hoping you can help with SHP-202512-000008. I understand there may be delays — just need an updated delivery window when you have a moment. Thanks!
[agent.lchen] Thank you for your patience. I've located SHP-202512-000008 in our system (origin HUB-CMH). Checking with dispatch now.
[agent.lchen] Dispatch confirms SHP-202512-000008 will be reattempted next business day. I've flagged your account for a proactive follow-up."
TKT-200050,CLI-0155,SHP-202501-000062,2025-01-11T17:56:00,email,resolved,3,"[customer] Hi, I'm checking on shipment SHP-202501-000062. The status shows delayed — can you tell me the latest ETA?
[agent.mruiz] Thanks for reaching out — I'm sorry for the trouble with SHP-202501-000062. I see it was affected by an exception at our Indianapolis hub. Let me pull the latest.
[agent.mruiz] Update: SHP-202501-000062 is re-routed and expected to deliver within 48 hours. I've added a note to prioritize it. Anything else I can do?"
TKT-200271,CLI-0169,SHP-202508-000282,2025-08-29T19:11:00,phone,resolved,5,"[customer] Hello, I need to update the delivery contact for SHP-202508-000282 if it hasn't gone out yet.
[agent.tpatel] Attached the POD for SHP-202508-000282. Let me know if there's anything else!
[customer] Perfect, thank you!"
TKT-200150,CLI-0201,SHP-202512-000176,2025-12-18T23:24:00,chat,resolved,5,"[customer] Hello, I need to update the delivery contact for SHP-202512-000176 if it hasn't gone out yet.
[agent.jbrooks] Happy to help — SHP-202512-000176 is on schedule out of our Columbus hub; delivery is within the next 1–2 business days.
[customer] Great, appreciate it."
TKT-200006,CLI-0113,SHP-202511-000126,2025-11-05T14:35:00,email,resolved,3,"[customer] Following up on SHP-202511-000126. Could you confirm whether this will still be delivered this week?
[agent.mruiz] Apologies for the delay on SHP-202511-000126. I've opened an investigation and looped in the Cincinnati operations team.
[agent.mruiz] Dispatch confirms SHP-202511-000126 will be reattempted next business day. I've flagged your account for a proactive follow-up.
[customer] Appreciate the quick turnaround."
TKT-200197,CLI-0244,SHP-202501-000184,2025-01-18T13:19:00,email,resolved,5,"[customer] Can you confirm SHP-202501-000184 is still on track to arrive this week?
[agent.kobrien] Happy to help — SHP-202501-000184 is on schedule out of our Cincinnati hub; delivery is within the next 1–2 business days.
[customer] Thanks for the quick help."
TKT-200026,CLI-0128,SHP-202512-000134,2025-12-18T16:04:00,phone,resolved,3,"[customer] Requesting an update on SHP-202512-000134. It appears to be delayed.
[agent.mruiz] Apologies for the delay on SHP-202512-000134. I've opened an investigation and looped in the Cincinnati operations team.
[agent.mruiz] Dispatch confirms SHP-202512-000134 will be reattempted next business day. I've flagged your account for a proactive follow-up.
[customer] Okay, thank you. Please keep me posted."
TKT-200019,CLI-0233,SHP-202511-000363,2025-11-18T15:43:00,portal,resolved,4,"[customer] Good morning! Quick question on SHP-202511-000363, currently delayed. No rush, just planning around it.
[agent.lchen] Thank you for your patience. I've located SHP-202511-000363 in our system (origin HUB-DET). Checking with dispatch now.
[agent.lchen] Update: SHP-202511-000363 is re-routed and expected to deliver within 48 hours. I've added a note to prioritize it. Anything else I can do?"
TKT-200042,CLI-0212,SHP-202502-000128,2025-02-14T15:29:00,chat,pending,,"[customer] Hi, I'm checking on shipment SHP-202502-000128. The status shows delayed — can you tell me the latest ETA?
[agent.mruiz] Thank you for your patience. I've located SHP-202502-000128 in our system (origin HUB-CIN). Checking with dispatch now.
[agent.mruiz] Dispatch confirms SHP-202502-000128 will be reattempted next business day. I've flagged your account for a proactive follow-up.
[customer] Appreciate the quick turnaround."
TKT-200273,CLI-0128,SHP-202505-000196,2025-05-28T02:19:00,chat,resolved,5,"[customer] Following up on SHP-202505-000196 — could you send the POD once it's delivered? Accounting needs it.
[agent.tpatel] Happy to help — SHP-202505-000196 is on schedule out of our Cincinnati hub; delivery is within the next 1–2 business days.
[customer] Perfect, thank you!"
TKT-200195,CLI-0113,SHP-202509-000011,2025-09-25T18:14:00,chat,resolved,5,"[customer] Hi — quick question on SHP-202509-000011. Can you confirm the delivery window?
[agent.lchen] Sure thing. I've noted the update on SHP-202509-000011 and confirmed it with the Chicago team.
[customer] Perfect, thank you!"
TKT-200181,CLI-0113,SHP-202507-000246,2025-07-27T17:28:00,chat,resolved,5,"[customer] Hi — quick question on SHP-202507-000246. Can you confirm the delivery window?
[agent.lchen] Attached the POD for SHP-202507-000246. Let me know if there's anything else!
[customer] Thanks for the quick help."
TKT-200274,CLI-0155,SHP-202504-000137,2025-04-29T23:03:00,phone,resolved,5,"[customer] Hello, I need to update the delivery contact for SHP-202504-000137 if it hasn't gone out yet.
[agent.jbrooks] Attached the POD for SHP-202504-000137. Let me know if there's anything else!
[customer] Thanks for the quick help."
TKT-200201,CLI-0113,SHP-202501-000074,2025-01-11T19:25:00,phone,resolved,5,"[customer] Hello, I need to update the delivery contact for SHP-202501-000074 if it hasn't gone out yet.
[agent.lchen] Happy to help — SHP-202501-000074 is on schedule out of our Indianapolis hub; delivery is within the next 1–2 business days.
[customer] Perfect, thank you!"
TKT-200130,CLI-0201,SHP-202507-000234,2025-07-15T15:35:00,portal,resolved,5,"[customer] Hello, I need to update the delivery contact for SHP-202507-000234 if it hasn't gone out yet.
[agent.mruiz] Happy to help — SHP-202507-000234 is on schedule out of our Chicago hub; delivery is within the next 1–2 business days.
[customer] Thanks for the quick help."
TKT-200159,CLI-0042,SHP-202506-000261,2025-06-21T11:56:00,phone,resolved,4,"[customer] Hello, I need to update the delivery contact for SHP-202506-000261 if it hasn't gone out yet.
[agent.jbrooks] Happy to help — SHP-202506-000261 is on schedule out of our Columbus hub; delivery is within the next 1–2 business days.
[customer] Great, appreciate it."
TKT-200194,CLI-0042,SHP-202503-000119,2025-03-05T14:54:00,email,resolved,5,"[customer] Hi — quick question on SHP-202503-000119. Can you confirm the delivery window?
[agent.kobrien] Happy to help — SHP-202503-000119 is on schedule out of our Indianapolis hub; delivery is within the next 1–2 business days.
[customer] Perfect, thank you!"
TKT-200073,CLI-0233,SHP-202511-000001,2025-11-26T07:56:00,email,resolved,3,"[customer] Requesting an update on SHP-202511-000001. It appears to be delayed.
[agent.dfoster] Thanks for reaching out — I'm sorry for the trouble with SHP-202511-000001. I see it was affected by an exception at our Indianapolis hub. Let me pull the latest.
[agent.dfoster] Good news — SHP-202511-000001 is back in motion. I'll monitor it through delivery and confirm the POD with you.
[customer] Appreciate the quick turnaround."
TKT-200090,CLI-0007,SHP-202512-000381,2025-12-21T22:05:00,email,resolved,4,"[customer] Hi — quick question on SHP-202512-000381. Can you confirm the delivery window?
[agent.kobrien] Sure thing. I've noted the update on SHP-202512-000381 and confirmed it with the Columbus team.
[customer] Perfect, thank you!"
TKT-200035,CLI-0212,SHP-202506-000067,2025-06-26T10:42:00,phone,pending,,"[customer] Requesting an update on SHP-202506-000067. It appears to be delayed.
[agent.lchen] Thank you for your patience. I've located SHP-202506-000067 in our system (origin HUB-IND). Checking with dispatch now.
[customer] Okay, thank you. Please keep me posted."
TKT-200139,CLI-0128,SHP-202505-000258,2025-05-12T13:19:00,chat,resolved,4,"[customer] Hi — quick question on SHP-202505-000258. Can you confirm the delivery window?
[agent.jbrooks] Attached the POD for SHP-202505-000258. Let me know if there's anything else!
[customer] Thanks for the quick help."
TKT-200088,CLI-0113,SHP-202505-000127,2025-05-31T22:32:00,email,resolved,2,"[customer] This is the second time I'm reaching out about SHP-202505-000127. It was due days ago and I still have nothing. This is unacceptable for the rates we pay.
[agent.mruiz] Thanks for reaching out — I'm sorry for the trouble with SHP-202505-000127. I see it was affected by an exception at our Columbus hub. Let me pull the latest.
[agent.mruiz] Dispatch confirms SHP-202505-000127 will be reattempted next business day. I've flagged your account for a proactive follow-up.
[customer] That still isn't good enough but I'll wait for the update."
TKT-200064,CLI-0042,SHP-202502-000091,2025-02-08T21:33:00,chat,open,,"[customer] This is the second time I'm reaching out about SHP-202502-000091. It was due days ago and I still have nothing. This is unacceptable for the rates we pay.
[agent.lchen] Apologies for the delay on SHP-202502-000091. I've opened an investigation and looped in the Detroit operations team.
[agent.lchen] Update: SHP-202502-000091 is re-routed and expected to deliver within 48 hours. I've added a note to prioritize it. Anything else I can do?
[customer] That still isn't good enough but I'll wait for the update."
TKT-200039,CLI-0113,SHP-202506-000212,2025-06-19T15:15:00,portal,resolved,3,"[customer] Requesting an update on SHP-202506-000212. It appears to be delayed.
[agent.kobrien] Thanks for reaching out — I'm sorry for the trouble with SHP-202506-000212. I see it was affected by an exception at our Cincinnati hub. Let me pull the latest.
[agent.kobrien] Dispatch confirms SHP-202506-000212 will be reattempted next business day. I've flagged your account for a proactive follow-up.
[customer] Appreciate the quick turnaround."
TKT-200126,CLI-0007,SHP-202512-000394,2025-12-05T20:47:00,phone,resolved,5,"[customer] Hello, I need to update the delivery contact for SHP-202512-000394 if it hasn't gone out yet.
[agent.jbrooks] Attached the POD for SHP-202512-000394. Let me know if there's anything else!
[customer] Perfect, thank you!"
TKT-200115,CLI-0128,SHP-202512-000444,2025-12-07T18:03:00,portal,resolved,5,"[customer] Hi — quick question on SHP-202512-000444. Can you confirm the delivery window?
[agent.kobrien] Sure thing. I've noted the update on SHP-202512-000444 and confirmed it with the Columbus team.
[customer] Thanks for the quick help."
TKT-200246,CLI-0128,SHP-202510-000125,2025-10-24T18:15:00,phone,resolved,5,"[customer] Following up on SHP-202510-000125 — could you send the POD once it's delivered? Accounting needs it.
[agent.dfoster] Sure thing. I've noted the update on SHP-202510-000125 and confirmed it with the Cincinnati team.
[customer] Thanks for the quick help."
TKT-200228,CLI-0169,SHP-202501-000177,2025-01-03T17:06:00,chat,resolved,4,"[customer] Following up on SHP-202501-000177 — could you send the POD once it's delivered? Accounting needs it.
[agent.mruiz] Attached the POD for SHP-202501-000177. Let me know if there's anything else!
[customer] Thanks for the quick help."
TKT-200105,CLI-0233,SHP-202503-000182,2025-03-14T19:35:00,chat,resolved,5,"[customer] Hi — quick question on SHP-202503-000182. Can you confirm the delivery window?
[agent.lchen] Attached the POD for SHP-202503-000182. Let me know if there's anything else!
[customer] Thanks for the quick help."
TKT-200265,CLI-0212,SHP-202501-000223,2025-01-22T13:26:00,phone,resolved,5,"[customer] Following up on SHP-202501-000223 — could you send the POD once it's delivered? Accounting needs it.
[agent.dfoster] Happy to help — SHP-202501-000223 is on schedule out of our Columbus hub; delivery is within the next 1–2 business days.
[customer] Perfect, thank you!"
TKT-200135,CLI-0042,SHP-202506-000152,2025-06-09T20:26:00,phone,resolved,5,"[customer] Following up on SHP-202506-000152 — could you send the POD once it's delivered? Accounting needs it.
[agent.jbrooks] Attached the POD for SHP-202506-000152. Let me know if there's anything else!
[customer] Thanks for the quick help."
TKT-200167,CLI-0233,SHP-202501-000093,2025-01-29T16:12:00,phone,resolved,5,"[customer] Can you confirm SHP-202501-000093 is still on track to arrive this week?
[agent.jbrooks] Happy to help — SHP-202501-000093 is on schedule out of our Cincinnati hub; delivery is within the next 1–2 business days.
[customer] Great, appreciate it."
TKT-200095,CLI-0042,SHP-202502-000246,2025-02-27T17:54:00,chat,resolved,5,"[customer] Following up on SHP-202502-000246 — could you send the POD once it's delivered? Accounting needs it.
[agent.jbrooks] Sure thing. I've noted the update on SHP-202502-000246 and confirmed it with the Chicago team.
[customer] Great, appreciate it."
TKT-200116,CLI-0113,SHP-202507-000084,2025-07-20T18:27:00,portal,resolved,4,"[customer] Following up on SHP-202507-000084 — could you send the POD once it's delivered? Accounting needs it.
[agent.kobrien] Sure thing. I've noted the update on SHP-202507-000084 and confirmed it with the Columbus team.
[customer] Thanks for the quick help."
TKT-200215,CLI-0212,SHP-202512-000271,2025-12-05T22:58:00,chat,resolved,5,"[customer] Can you confirm SHP-202512-000271 is still on track to arrive this week?
[agent.lchen] Attached the POD for SHP-202512-000271. Let me know if there's anything else!
[customer] Great, appreciate it."
TKT-200076,CLI-0212,SHP-202502-000080,2025-02-26T21:14:00,phone,open,,"[customer] This is the second time I'm reaching out about SHP-202502-000080. It was due days ago and I still have nothing. This is unacceptable for the rates we pay.
[agent.jbrooks] Apologies for the delay on SHP-202502-000080. I've opened an investigation and looped in the Indianapolis operations team.
[agent.jbrooks] Good news — SHP-202502-000080 is back in motion. I'll monitor it through delivery and confirm the POD with you.
[customer] Okay, thank you. Please keep me posted."
TKT-200196,CLI-0128,SHP-202511-000189,2025-11-08T14:39:00,chat,resolved,5,"[customer] Hi — quick question on SHP-202511-000189. Can you confirm the delivery window?
[agent.jbrooks] Attached the POD for SHP-202511-000189. Let me know if there's anything else!
[customer] Perfect, thank you!"
TKT-200058,CLI-0212,SHP-202512-000242,2025-12-22T15:08:00,chat,open,,"[customer] Good morning! Quick question on SHP-202512-000242, currently failed. No rush, just planning around it.
[agent.lchen] Thanks for reaching out — I'm sorry for the trouble with SHP-202512-000242. I see it was affected by an exception at our Chicago hub. Let me pull the latest.
[agent.lchen] Good news — SHP-202512-000242 is back in motion. I'll monitor it through delivery and confirm the POD with you."
TKT-200149,CLI-0007,SHP-202504-000017,2025-04-04T11:39:00,portal,resolved,4,"[customer] Following up on SHP-202504-000017 — could you send the POD once it's delivered? Accounting needs it.
[agent.kobrien] Happy to help — SHP-202504-000017 is on schedule out of our Cincinnati hub; delivery is within the next 1–2 business days.
[customer] Thanks for the quick help."
TKT-200063,CLI-0169,SHP-202501-000310,2025-01-15T07:49:00,email,resolved,3,"[customer] Requesting an update on SHP-202501-000310. It appears to be delayed.
[agent.mruiz] Thank you for your patience. I've located SHP-202501-000310 in our system (origin HUB-IND). Checking with dispatch now."
TKT-200151,CLI-0233,SHP-202504-000141,2025-04-29T14:39:00,portal,resolved,4,"[customer] Hi — quick question on SHP-202504-000141. Can you confirm the delivery window?
[agent.tpatel] Happy to help — SHP-202504-000141 is on schedule out of our Cincinnati hub; delivery is within the next 1–2 business days.
[customer] Perfect, thank you!"
TKT-200107,CLI-0212,SHP-202504-000079,2025-04-04T20:16:00,portal,resolved,5,"[customer] Can you confirm SHP-202504-000079 is still on track to arrive this week?
[agent.tpatel] Attached the POD for SHP-202504-000079. Let me know if there's anything else!
[customer] Thanks for the quick help."
TKT-200037,CLI-0113,SHP-202512-000092,2025-12-14T09:18:00,phone,resolved,5,"[customer] Good morning! Quick question on SHP-202512-000092, currently delayed. No rush, just planning around it.
[agent.kobrien] Thank you for your patience. I've located SHP-202512-000092 in our system (origin HUB-DET). Checking with dispatch now.
[agent.kobrien] Update: SHP-202512-000092 is re-routed and expected to deliver within 48 hours. I've added a note to prioritize it. Anything else I can do?"
TKT-200298,CLI-0201,SHP-202507-000101,2025-07-03T22:35:00,email,resolved,5,"[customer] Following up on SHP-202507-000101 — could you send the POD once it's delivered? Accounting needs it.
[agent.lchen] Sure thing. I've noted the update on SHP-202507-000101 and confirmed it with the Detroit team.
[customer] Great, appreciate it."
TKT-200104,CLI-0007,SHP-202511-000052,2025-11-03T11:43:00,chat,resolved,5,"[customer] Can you confirm SHP-202511-000052 is still on track to arrive this week?
[agent.mruiz] Attached the POD for SHP-202511-000052. Let me know if there's anything else!
[customer] Great, appreciate it."
TKT-200018,CLI-0169,SHP-202501-000308,2025-01-05T15:53:00,email,resolved,1,"[customer] Extremely disappointed. SHP-202501-000308 was marked delayed with zero communication. Please escalate.
[agent.tpatel] Apologies for the delay on SHP-202501-000308. I've opened an investigation and looped in the Indianapolis operations team."
TKT-200040,CLI-0201,SHP-202508-000026,2025-09-01T22:41:00,chat,open,,"[customer] This is the second time I'm reaching out about SHP-202508-000026. It was due days ago and I still have nothing. This is unacceptable for the rates we pay.
[agent.tpatel] Thanks for reaching out — I'm sorry for the trouble with SHP-202508-000026. I see it was affected by an exception at our Chicago hub. Let me pull the latest."
TKT-200117,CLI-0042,SHP-202505-000270,2025-05-15T20:15:00,phone,resolved,5,"[customer] Following up on SHP-202505-000270 — could you send the POD once it's delivered? Accounting needs it.
[agent.tpatel] Sure thing. I've noted the update on SHP-202505-000270 and confirmed it with the Detroit team.
[customer] Perfect, thank you!"
TKT-200002,CLI-0128,SHP-202512-000120,2025-12-29T16:45:00,phone,pending,,"[customer] Good morning! Quick question on SHP-202512-000120, currently delayed. No rush, just planning around it.
[agent.dfoster] Apologies for the delay on SHP-202512-000120. I've opened an investigation and looped in the Detroit operations team.
[agent.dfoster] Dispatch confirms SHP-202512-000120 will be reattempted next business day. I've flagged your account for a proactive follow-up."
TKT-200101,CLI-0244,SHP-202504-000095,2025-04-26T15:36:00,email,resolved,5,"[customer] Hi — quick question on SHP-202504-000095. Can you confirm the delivery window?
[agent.kobrien] Happy to help — SHP-202504-000095 is on schedule out of our Cincinnati hub; delivery is within the next 1–2 business days.
[customer] Thanks for the quick help."
TKT-200221,CLI-0113,SHP-202503-000021,2025-03-27T20:39:00,portal,resolved,5,"[customer] Can you confirm SHP-202503-000021 is still on track to arrive this week?
[agent.lchen] Happy to help — SHP-202503-000021 is on schedule out of our Chicago hub; delivery is within the next 1–2 business days.
[customer] Great, appreciate it."
TKT-200232,CLI-0113,SHP-202507-000077,2025-07-09T17:25:00,portal,resolved,4,"[customer] Following up on SHP-202507-000077 — could you send the POD once it's delivered? Accounting needs it.
[agent.jbrooks] Happy to help — SHP-202507-000077 is on schedule out of our Indianapolis hub; delivery is within the next 1–2 business days.
[customer] Great, appreciate it."
TKT-200144,CLI-0169,SHP-202503-000032,2025-03-23T23:40:00,portal,resolved,5,"[customer] Can you confirm SHP-202503-000032 is still on track to arrive this week?
[agent.mruiz] Happy to help — SHP-202503-000032 is on schedule out of our Cincinnati hub; delivery is within the next 1–2 business days.
[customer] Perfect, thank you!"
TKT-200093,CLI-0155,SHP-202512-000187,2025-12-03T10:51:00,chat,resolved,4,"[customer] Can you confirm SHP-202512-000187 is still on track to arrive this week?
[agent.kobrien] Happy to help — SHP-202512-000187 is on schedule out of our Indianapolis hub; delivery is within the next 1–2 business days.
[customer] Great, appreciate it."
TKT-200081,CLI-0169,SHP-202501-000070,2025-01-16T19:15:00,portal,resolved,4,"[customer] Following up on SHP-202501-000070. Could you confirm whether this will still be delivered this week?
[agent.dfoster] Apologies for the delay on SHP-202501-000070. I've opened an investigation and looped in the Indianapolis operations team.
[agent.dfoster] Update: SHP-202501-000070 is re-routed and expected to deliver within 48 hours. I've added a note to prioritize it. Anything else I can do?
[customer] Okay, thank you. Please keep me posted."
TKT-200288,CLI-0244,SHP-202509-000173,2025-09-04T12:38:00,phone,resolved,4,"[customer] Can you confirm SHP-202509-000173 is still on track to arrive this week?
[agent.dfoster] Sure thing. I've noted the update on SHP-202509-000173 and confirmed it with the Chicago team.
[customer] Thanks for the quick help."
TKT-200099,CLI-0155,SHP-202509-000184,2025-09-04T19:30:00,portal,resolved,4,"[customer] Hi — quick question on SHP-202509-000184. Can you confirm the delivery window?
[agent.tpatel] Sure thing. I've noted the update on SHP-202509-000184 and confirmed it with the Detroit team.
[customer] Great, appreciate it."
TKT-200148,CLI-0212,SHP-202501-000134,2025-01-13T12:26:00,portal,resolved,5,"[customer] Hi — quick question on SHP-202501-000134. Can you confirm the delivery window?
[agent.dfoster] Attached the POD for SHP-202501-000134. Let me know if there's anything else!
[customer] Perfect, thank you!"
TKT-200137,CLI-0042,SHP-202510-000152,2025-10-27T07:52:00,phone,resolved,5,"[customer] Following up on SHP-202510-000152 — could you send the POD once it's delivered? Accounting needs it.
[agent.jbrooks] Sure thing. I've noted the update on SHP-202510-000152 and confirmed it with the Cincinnati team.
[customer] Thanks for the quick help."
TKT-200299,CLI-0201,SHP-202503-000289,2025-03-20T18:42:00,chat,resolved,4,"[customer] Hi — quick question on SHP-202503-000289. Can you confirm the delivery window?
[agent.mruiz] Sure thing. I've noted the update on SHP-202503-000289 and confirmed it with the Detroit team.
[customer] Perfect, thank you!"
TKT-200079,CLI-0201,SHP-202505-000205,2025-05-05T16:54:00,phone,resolved,4,"[customer] Requesting an update on SHP-202505-000205. It appears to be delayed.
[agent.mruiz] Apologies for the delay on SHP-202505-000205. I've opened an investigation and looped in the Detroit operations team.
[agent.mruiz] Update: SHP-202505-000205 is re-routed and expected to deliver within 48 hours. I've added a note to prioritize it. Anything else I can do?
[customer] Okay, thank you. Please keep me posted."
TKT-200252,CLI-0042,SHP-202507-000231,2025-07-28T17:04:00,chat,resolved,4,"[customer] Can you confirm SHP-202507-000231 is still on track to arrive this week?
[agent.lchen] Happy to help — SHP-202507-000231 is on schedule out of our Columbus hub; delivery is within the next 1–2 business days.
[customer] Perfect, thank you!"
TKT-200160,CLI-0201,SHP-202512-000352,2025-12-05T02:31:00,email,resolved,5,"[customer] Following up on SHP-202512-000352 — could you send the POD once it's delivered? Accounting needs it.
[agent.jbrooks] Sure thing. I've noted the update on SHP-202512-000352 and confirmed it with the Chicago team.
[customer] Thanks for the quick help."
TKT-200080,CLI-0113,SHP-202512-000370,2025-12-27T12:19:00,portal,open,,"[customer] Requesting an update on SHP-202512-000370. It appears to be delayed.
[agent.kobrien] Apologies for the delay on SHP-202512-000370. I've opened an investigation and looped in the Indianapolis operations team.
[agent.kobrien] Update: SHP-202512-000370 is re-routed and expected to deliver within 48 hours. I've added a note to prioritize it. Anything else I can do?
[customer] Appreciate the quick turnaround."
TKT-200282,CLI-0042,SHP-202504-000002,2025-04-13T21:39:00,portal,resolved,5,"[customer] Hello, I need to update the delivery contact for SHP-202504-000002 if it hasn't gone out yet.
[agent.lchen] Sure thing. I've noted the update on SHP-202504-000002 and confirmed it with the Chicago team.
[customer] Great, appreciate it."
TKT-200094,CLI-0169,SHP-202501-000135,2025-01-17T09:53:00,portal,resolved,4,"[customer] Hello, I need to update the delivery contact for SHP-202501-000135 if it hasn't gone out yet.
[agent.jbrooks] Happy to help — SHP-202501-000135 is on schedule out of our Detroit hub; delivery is within the next 1–2 business days.
[customer] Great, appreciate it."
TKT-200213,CLI-0169,SHP-202503-000244,2025-03-22T17:18:00,chat,resolved,5,"[customer] Following up on SHP-202503-000244 — could you send the POD once it's delivered? Accounting needs it.
[agent.lchen] Sure thing. I've noted the update on SHP-202503-000244 and confirmed it with the Columbus team.
[customer] Perfect, thank you!"
TKT-200154,CLI-0113,SHP-202508-000089,2025-08-25T01:32:00,portal,resolved,5,"[customer] Hello, I need to update the delivery contact for SHP-202508-000089 if it hasn't gone out yet.
[agent.tpatel] Happy to help — SHP-202508-000089 is on schedule out of our Indianapolis hub; delivery is within the next 1–2 business days.
[customer] Thanks for the quick help."
TKT-200253,CLI-0244,SHP-202510-000209,2025-10-29T18:46:00,email,resolved,4,"[customer] Can you confirm SHP-202510-000209 is still on track to arrive this week?
[agent.dfoster] Sure thing. I've noted the update on SHP-202510-000209 and confirmed it with the Cincinnati team.
[customer] Great, appreciate it."
TKT-200238,CLI-0244,SHP-202503-000046,2025-03-31T11:02:00,phone,resolved,4,"[customer] Hi — quick question on SHP-202503-000046. Can you confirm the delivery window?
[agent.lchen] Attached the POD for SHP-202503-000046. Let me know if there's anything else!
[customer] Thanks for the quick help."
TKT-200152,CLI-0042,SHP-202502-000245,2025-02-26T13:21:00,email,resolved,4,"[customer] Hello, I need to update the delivery contact for SHP-202502-000245 if it hasn't gone out yet.
[agent.lchen] Attached the POD for SHP-202502-000245. Let me know if there's anything else!
[customer] Great, appreciate it."
TKT-200028,CLI-0201,SHP-202501-000260,2025-01-12T17:50:00,chat,resolved,3,"[customer] Requesting an update on SHP-202501-000260. It appears to be delayed.
[agent.jbrooks] Thanks for reaching out — I'm sorry for the trouble with SHP-202501-000260. I see it was affected by an exception at our Detroit hub. Let me pull the latest.
[agent.jbrooks] Dispatch confirms SHP-202501-000260 will be reattempted next business day. I've flagged your account for a proactive follow-up."
TKT-200240,CLI-0233,SHP-202511-000208,2025-11-04T18:58:00,chat,resolved,5,"[customer] Hi — quick question on SHP-202511-000208. Can you confirm the delivery window?
[agent.dfoster] Sure thing. I've noted the update on SHP-202511-000208 and confirmed it with the Detroit team.
[customer] Perfect, thank you!"
TKT-200074,CLI-0169,SHP-202502-000184,2025-02-06T21:01:00,chat,pending,,"[customer] Extremely disappointed. SHP-202502-000184 was marked returned with zero communication. Please escalate.
[agent.dfoster] Thanks for reaching out — I'm sorry for the trouble with SHP-202502-000184. I see it was affected by an exception at our Columbus hub. Let me pull the latest."
TKT-200198,CLI-0128,SHP-202506-000122,2025-06-09T19:09:00,email,resolved,5,"[customer] Hi — quick question on SHP-202506-000122. Can you confirm the delivery window?
[agent.kobrien] Sure thing. I've noted the update on SHP-202506-000122 and confirmed it with the Chicago team.
[customer] Thanks for the quick help."
TKT-200066,CLI-0244,SHP-202509-000161,2025-09-22T22:07:00,email,resolved,4,"[customer] Hello, hoping you can help with SHP-202509-000161. I understand there may be delays — just need an updated delivery window when you have a moment. Thanks!
[agent.jbrooks] Thanks for reaching out — I'm sorry for the trouble with SHP-202509-000161. I see it was affected by an exception at our Indianapolis hub. Let me pull the latest."
TKT-200166,CLI-0113,SHP-202507-000229,2025-07-26T12:36:00,email,resolved,5,"[customer] Can you confirm SHP-202507-000229 is still on track to arrive this week?
[agent.tpatel] Happy to help — SHP-202507-000229 is on schedule out of our Cincinnati hub; delivery is within the next 1–2 business days.
[customer] Great, appreciate it."
TKT-200236,CLI-0233,SHP-202507-000274,2025-07-28T23:35:00,portal,resolved,4,"[customer] Can you confirm SHP-202507-000274 is still on track to arrive this week?
[agent.kobrien] Sure thing. I've noted the update on SHP-202507-000274 and confirmed it with the Chicago team.
[customer] Perfect, thank you!"
TKT-200186,CLI-0233,SHP-202512-000084,2026-01-01T11:51:00,portal,resolved,4,"[customer] Following up on SHP-202512-000084 — could you send the POD once it's delivered? Accounting needs it.
[agent.dfoster] Attached the POD for SHP-202512-000084. Let me know if there's anything else!
[customer] Thanks for the quick help."
TKT-200260,CLI-0233,SHP-202506-000121,2025-06-19T08:09:00,chat,resolved,5,"[customer] Can you confirm SHP-202506-000121 is still on track to arrive this week?
[agent.jbrooks] Happy to help — SHP-202506-000121 is on schedule out of our Chicago hub; delivery is within the next 1–2 business days.
[customer] Perfect, thank you!"
TKT-200097,CLI-0212,SHP-202508-000152,2025-08-30T02:10:00,chat,resolved,5,"[customer] Can you confirm SHP-202508-000152 is still on track to arrive this week?
[agent.mruiz] Happy to help — SHP-202508-000152 is on schedule out of our Cincinnati hub; delivery is within the next 1–2 business days.
[customer] Great, appreciate it."
TKT-200096,CLI-0244,SHP-202507-000286,2025-07-04T11:14:00,phone,resolved,5,"[customer] Hi — quick question on SHP-202507-000286. Can you confirm the delivery window?
[agent.mruiz] Sure thing. I've noted the update on SHP-202507-000286 and confirmed it with the Detroit team.
[customer] Thanks for the quick help."
TKT-200087,CLI-0233,SHP-202502-000195,2025-02-20T10:57:00,phone,resolved,5,"[customer] Good morning! Quick question on SHP-202502-000195, currently returned. No rush, just planning around it.
[agent.tpatel] Apologies for the delay on SHP-202502-000195. I've opened an investigation and looped in the Columbus operations team.
[agent.tpatel] Dispatch confirms SHP-202502-000195 will be reattempted next business day. I've flagged your account for a proactive follow-up."
TKT-200016,CLI-0128,SHP-202502-000141,2025-02-12T22:45:00,email,resolved,3,"[customer] Good morning! Quick question on SHP-202502-000141, currently delayed. No rush, just planning around it.
[agent.kobrien] Thank you for your patience. I've located SHP-202502-000141 in our system (origin HUB-CHI). Checking with dispatch now.
[agent.kobrien] Good news — SHP-202502-000141 is back in motion. I'll monitor it through delivery and confirm the POD with you."
TKT-200153,CLI-0169,SHP-202505-000076,2025-05-10T09:18:00,chat,resolved,5,"[customer] Can you confirm SHP-202505-000076 is still on track to arrive this week?
[agent.jbrooks] Sure thing. I've noted the update on SHP-202505-000076 and confirmed it with the Columbus team.
[customer] Thanks for the quick help."
TKT-200147,CLI-0155,SHP-202508-000078,2025-08-25T20:09:00,phone,resolved,5,"[customer] Can you confirm SHP-202508-000078 is still on track to arrive this week?
[agent.dfoster] Happy to help — SHP-202508-000078 is on schedule out of our Chicago hub; delivery is within the next 1–2 business days.
[customer] Perfect, thank you!"
TKT-200057,CLI-0244,SHP-202512-000208,2025-12-25T22:53:00,phone,resolved,4,"[customer] Requesting an update on SHP-202512-000208. It appears to be delayed.
[agent.dfoster] Thank you for your patience. I've located SHP-202512-000208 in our system (origin HUB-CHI). Checking with dispatch now.
[agent.dfoster] Dispatch confirms SHP-202512-000208 will be reattempted next business day. I've flagged your account for a proactive follow-up.
[customer] That still isn't good enough but I'll wait for the update."
TKT-200085,CLI-0042,SHP-202502-000286,2025-02-06T23:12:00,phone,resolved,4,"[customer] Requesting an update on SHP-202502-000286. It appears to be failed.
[agent.mruiz] Thank you for your patience. I've located SHP-202502-000286 in our system (origin HUB-CMH). Checking with dispatch now.
[agent.mruiz] Dispatch confirms SHP-202502-000286 will be reattempted next business day. I've flagged your account for a proactive follow-up."
TKT-200023,CLI-0201,SHP-202512-000223,2025-12-14T15:34:00,portal,resolved,2,"[customer] Where is SHP-202512-000223?? Your tracking hasn't updated and my customer is furious. I need answers today.
[agent.kobrien] Thanks for reaching out — I'm sorry for the trouble with SHP-202512-000223. I see it was affected by an exception at our Indianapolis hub. Let me pull the latest.
[customer] That still isn't good enough but I'll wait for the update."
TKT-200125,CLI-0169,SHP-202508-000080,2025-08-07T23:58:00,email,resolved,5,"[customer] Hi — quick question on SHP-202508-000080. Can you confirm the delivery window?
[agent.jbrooks] Attached the POD for SHP-202508-000080. Let me know if there's anything else!
[customer] Thanks for the quick help."
TKT-200250,CLI-0212,SHP-202510-000121,2025-10-01T14:14:00,chat,resolved,4,"[customer] Can you confirm SHP-202510-000121 is still on track to arrive this week?
[agent.mruiz] Sure thing. I've noted the update on SHP-202510-000121 and confirmed it with the Cincinnati team.
[customer] Perfect, thank you!"
TKT-200283,CLI-0212,SHP-202503-000113,2025-03-18T21:24:00,phone,resolved,5,"[customer] Can you confirm SHP-202503-000113 is still on track to arrive this week?
[agent.kobrien] Happy to help — SHP-202503-000113 is on schedule out of our Columbus hub; delivery is within the next 1–2 business days.
[customer] Great, appreciate it."
TKT-200034,CLI-0212,SHP-202512-000220,2025-12-10T15:36:00,phone,resolved,5,"[customer] Hello, hoping you can help with SHP-202512-000220. I understand there may be delays — just need an updated delivery window when you have a moment. Thanks!
[agent.mruiz] Thanks for reaching out — I'm sorry for the trouble with SHP-202512-000220. I see it was affected by an exception at our Detroit hub. Let me pull the latest.
[agent.mruiz] Good news — SHP-202512-000220 is back in motion. I'll monitor it through delivery and confirm the POD with you."
TKT-200177,CLI-0042,SHP-202506-000052,2025-06-27T11:04:00,email,resolved,5,"[customer] Can you confirm SHP-202506-000052 is still on track to arrive this week?
[agent.tpatel] Sure thing. I've noted the update on SHP-202506-000052 and confirmed it with the Indianapolis team.
[customer] Thanks for the quick help."
TKT-200293,CLI-0007,SHP-202504-000279,2025-05-02T23:49:00,chat,resolved,5,"[customer] Hi — quick question on SHP-202504-000279. Can you confirm the delivery window?
[agent.dfoster] Happy to help — SHP-202504-000279 is on schedule out of our Chicago hub; delivery is within the next 1–2 business days.
[customer] Thanks for the quick help."
TKT-200171,CLI-0244,SHP-202512-000162,2025-12-09T21:55:00,portal,resolved,4,"[customer] Hello, I need to update the delivery contact for SHP-202512-000162 if it hasn't gone out yet.
[agent.dfoster] Happy to help — SHP-202512-000162 is on schedule out of our Indianapolis hub; delivery is within the next 1–2 business days.
[customer] Perfect, thank you!"
TKT-200226,CLI-0128,SHP-202504-000233,2025-04-16T07:50:00,email,resolved,5,"[customer] Hi — quick question on SHP-202504-000233. Can you confirm the delivery window?
[agent.mruiz] Sure thing. I've noted the update on SHP-202504-000233 and confirmed it with the Chicago team.
[customer] Thanks for the quick help."
TKT-200170,CLI-0244,SHP-202512-000022,2025-12-17T19:20:00,portal,resolved,5,"[customer] Can you confirm SHP-202512-000022 is still on track to arrive this week?
[agent.kobrien] Happy to help — SHP-202512-000022 is on schedule out of our Columbus hub; delivery is within the next 1–2 business days.
[customer] Perfect, thank you!"
TKT-200065,CLI-0007,SHP-202511-000378,2025-11-02T20:46:00,phone,pending,,"[customer] Hi, I'm checking on shipment SHP-202511-000378. The status shows delayed — can you tell me the latest ETA?
[agent.kobrien] Thank you for your patience. I've located SHP-202511-000378 in our system (origin HUB-CHI). Checking with dispatch now.
[agent.kobrien] Good news — SHP-202511-000378 is back in motion. I'll monitor it through delivery and confirm the POD with you."
TKT-200056,CLI-0007,SHP-202503-000013,2025-03-07T18:28:00,chat,resolved,2,"[customer] Following up on SHP-202503-000013. Could you confirm whether this will still be delivered this week?
[agent.kobrien] Thank you for your patience. I've located SHP-202503-000013 in our system (origin HUB-DET). Checking with dispatch now.
[agent.kobrien] Good news — SHP-202503-000013 is back in motion. I'll monitor it through delivery and confirm the POD with you.
[customer] Okay, thank you. Please keep me posted."
TKT-200263,CLI-0042,SHP-202502-000115,2025-02-14T20:27:00,email,resolved,5,"[customer] Hi — quick question on SHP-202502-000115. Can you confirm the delivery window?
[agent.tpatel] Happy to help — SHP-202502-000115 is on schedule out of our Chicago hub; delivery is within the next 1–2 business days.
[customer] Perfect, thank you!"
TKT-200220,CLI-0155,SHP-202512-000478,2025-12-20T03:38:00,email,resolved,4,"[customer] Can you confirm SHP-202512-000478 is still on track to arrive this week?
[agent.mruiz] Attached the POD for SHP-202512-000478. Let me know if there's anything else!
[customer] Thanks for the quick help."
TKT-200239,CLI-0155,SHP-202512-000203,2025-12-05T19:13:00,portal,resolved,4,"[customer] Hello, I need to update the delivery contact for SHP-202512-000203 if it hasn't gone out yet.
[agent.jbrooks] Happy to help — SHP-202512-000203 is on schedule out of our Detroit hub; delivery is within the next 1–2 business days.
[customer] Perfect, thank you!"
TKT-200041,CLI-0233,SHP-202511-000341,2025-11-23T18:22:00,email,resolved,1,"[customer] This is the second time I'm reaching out about SHP-202511-000341. It was due days ago and I still have nothing. This is unacceptable for the rates we pay.
[agent.dfoster] Thank you for your patience. I've located SHP-202511-000341 in our system (origin HUB-CMH). Checking with dispatch now.
[agent.dfoster] Good news — SHP-202511-000341 is back in motion. I'll monitor it through delivery and confirm the POD with you."
TKT-200007,CLI-0244,SHP-202512-000366,2025-12-31T16:30:00,email,pending,,"[customer] Following up on SHP-202512-000366. Could you confirm whether this will still be delivered this week?
[agent.mruiz] Apologies for the delay on SHP-202512-000366. I've opened an investigation and looped in the Columbus operations team.
[agent.mruiz] Good news — SHP-202512-000366 is back in motion. I'll monitor it through delivery and confirm the POD with you."
TKT-200255,CLI-0169,SHP-202512-000476,2025-12-01T06:49:00,email,resolved,5,"[customer] Hi — quick question on SHP-202512-000476. Can you confirm the delivery window?
[agent.kobrien] Happy to help — SHP-202512-000476 is on schedule out of our Indianapolis hub; delivery is within the next 1–2 business days.
[customer] Great, appreciate it."
TKT-200111,CLI-0212,SHP-202510-000295,2025-10-10T10:45:00,portal,resolved,5,"[customer] Hello, I need to update the delivery contact for SHP-202510-000295 if it hasn't gone out yet.
[agent.jbrooks] Happy to help — SHP-202510-000295 is on schedule out of our Columbus hub; delivery is within the next 1–2 business days.
[customer] Thanks for the quick help."
TKT-200027,CLI-0155,SHP-202502-000224,2025-02-22T14:48:00,email,resolved,2,"[customer] Where is SHP-202502-000224?? Your tracking hasn't updated and my customer is furious. I need answers today.
[agent.mruiz] Apologies for the delay on SHP-202502-000224. I've opened an investigation and looped in the Indianapolis operations team.
[customer] Appreciate the quick turnaround."
TKT-200264,CLI-0169,SHP-202501-000009,2025-01-27T17:54:00,phone,resolved,5,"[customer] Following up on SHP-202501-000009 — could you send the POD once it's delivered? Accounting needs it.
[agent.tpatel] Happy to help — SHP-202501-000009 is on schedule out of our Cincinnati hub; delivery is within the next 1–2 business days.
[customer] Great, appreciate it."
TKT-200256,CLI-0201,SHP-202510-000277,2025-10-14T18:27:00,phone,resolved,5,"[customer] Hi — quick question on SHP-202510-000277. Can you confirm the delivery window?
[agent.jbrooks] Attached the POD for SHP-202510-000277. Let me know if there's anything else!
[customer] Great, appreciate it."
TKT-200225,CLI-0042,SHP-202503-000163,2025-03-24T19:18:00,portal,resolved,4,"[customer] Can you confirm SHP-202503-000163 is still on track to arrive this week?
[agent.mruiz] Happy to help — SHP-202503-000163 is on schedule out of our Detroit hub; delivery is within the next 1–2 business days.
[customer] Perfect, thank you!"
TKT-200212,CLI-0155,SHP-202509-000285,2025-09-21T22:13:00,phone,resolved,5,"[customer] Hi — quick question on SHP-202509-000285. Can you confirm the delivery window?
[agent.mruiz] Happy to help — SHP-202509-000285 is on schedule out of our Cincinnati hub; delivery is within the next 1–2 business days.
[customer] Thanks for the quick help."
TKT-200054,CLI-0113,SHP-202512-000308,2025-12-26T00:37:00,email,resolved,3,"[customer] Requesting an update on SHP-202512-000308. It appears to be delayed.
[agent.tpatel] Apologies for the delay on SHP-202512-000308. I've opened an investigation and looped in the Chicago operations team.
[agent.tpatel] Good news — SHP-202512-000308 is back in motion. I'll monitor it through delivery and confirm the POD with you.
[customer] Appreciate the quick turnaround."
TKT-200261,CLI-0233,SHP-202506-000093,2025-06-26T10:36:00,phone,resolved,4,"[customer] Hi — quick question on SHP-202506-000093. Can you confirm the delivery window?
[agent.lchen] Attached the POD for SHP-202506-000093. Let me know if there's anything else!
[customer] Perfect, thank you!"
TKT-200061,CLI-0155,SHP-202502-000161,2025-02-27T14:19:00,portal,open,,"[customer] Hi, I'm checking on shipment SHP-202502-000161. The status shows failed — can you tell me the latest ETA?
[agent.lchen] Thanks for reaching out — I'm sorry for the trouble with SHP-202502-000161. I see it was affected by an exception at our Cincinnati hub. Let me pull the latest.
[agent.lchen] Dispatch confirms SHP-202502-000161 will be reattempted next business day. I've flagged your account for a proactive follow-up.
[customer] That still isn't good enough but I'll wait for the update."
TKT-200138,CLI-0155,SHP-202512-000335,2025-12-15T19:08:00,chat,resolved,5,"[customer] Hi — quick question on SHP-202512-000335. Can you confirm the delivery window?
[agent.lchen] Attached the POD for SHP-202512-000335. Let me know if there's anything else!
[customer] Thanks for the quick help."
TKT-200254,CLI-0128,SHP-202504-000206,2025-04-08T23:31:00,chat,resolved,5,"[customer] Can you confirm SHP-202504-000206 is still on track to arrive this week?
[agent.dfoster] Happy to help — SHP-202504-000206 is on schedule out of our Indianapolis hub; delivery is within the next 1–2 business days.
[customer] Great, appreciate it."
TKT-200123,CLI-0169,SHP-202510-000113,2025-10-27T14:56:00,phone,resolved,5,"[customer] Hello, I need to update the delivery contact for SHP-202510-000113 if it hasn't gone out yet.
[agent.jbrooks] Happy to help — SHP-202510-000113 is on schedule out of our Detroit hub; delivery is within the next 1–2 business days.
[customer] Thanks for the quick help."
TKT-200270,CLI-0155,SHP-202511-000235,2025-11-11T19:33:00,chat,resolved,5,"[customer] Hi — quick question on SHP-202511-000235. Can you confirm the delivery window?
[agent.lchen] Happy to help — SHP-202511-000235 is on schedule out of our Columbus hub; delivery is within the next 1–2 business days.
[customer] Perfect, thank you!"
TKT-200114,CLI-0212,SHP-202505-000115,2025-05-05T03:12:00,email,resolved,5,"[customer] Can you confirm SHP-202505-000115 is still on track to arrive this week?
[agent.kobrien] Happy to help — SHP-202505-000115 is on schedule out of our Indianapolis hub; delivery is within the next 1–2 business days.
[customer] Thanks for the quick help."
TKT-200043,CLI-0155,SHP-202511-000367,2025-11-19T13:08:00,chat,open,,"[customer] Following up on SHP-202511-000367. Could you confirm whether this will still be delivered this week?
[agent.dfoster] Thank you for your patience. I've located SHP-202511-000367 in our system (origin HUB-CIN). Checking with dispatch now.
[agent.dfoster] Good news — SHP-202511-000367 is back in motion. I'll monitor it through delivery and confirm the POD with you."
TKT-200119,CLI-0007,SHP-202502-000173,2025-02-26T19:37:00,chat,resolved,5,"[customer] Hello, I need to update the delivery contact for SHP-202502-000173 if it hasn't gone out yet.
[agent.tpatel] Attached the POD for SHP-202502-000173. Let me know if there's anything else!
[customer] Perfect, thank you!"
TKT-200140,CLI-0128,SHP-202511-000094,2025-11-30T13:02:00,chat,resolved,4,"[customer] Hi — quick question on SHP-202511-000094. Can you confirm the delivery window?
[agent.kobrien] Attached the POD for SHP-202511-000094. Let me know if there's anything else!
[customer] Perfect, thank you!"
TKT-200278,CLI-0042,SHP-202511-000329,2025-11-05T18:39:00,phone,resolved,5,"[customer] Hello, I need to update the delivery contact for SHP-202511-000329 if it hasn't gone out yet.
[agent.dfoster] Happy to help — SHP-202511-000329 is on schedule out of our Cincinnati hub; delivery is within the next 1–2 business days.
[customer] Great, appreciate it."
TKT-200077,CLI-0113,SHP-202506-000099,2025-06-16T17:56:00,email,resolved,2,"[customer] Extremely disappointed. SHP-202506-000099 was marked delayed with zero communication. Please escalate.
[agent.tpatel] Thank you for your patience. I've located SHP-202506-000099 in our system (origin HUB-CHI). Checking with dispatch now.
[agent.tpatel] Update: SHP-202506-000099 is re-routed and expected to deliver within 48 hours. I've added a note to prioritize it. Anything else I can do?
[customer] Appreciate the quick turnaround."
TKT-200022,CLI-0212,SHP-202512-000248,2025-12-18T00:56:00,phone,resolved,2,"[customer] This is the second time I'm reaching out about SHP-202512-000248. It was due days ago and I still have nothing. This is unacceptable for the rates we pay.
[agent.jbrooks] Thank you for your patience. I've located SHP-202512-000248 in our system (origin HUB-IND). Checking with dispatch now.
[agent.jbrooks] Dispatch confirms SHP-202512-000248 will be reattempted next business day. I've flagged your account for a proactive follow-up.
[customer] That still isn't good enough but I'll wait for the update."
TKT-200230,CLI-0042,SHP-202507-000266,2025-07-30T17:46:00,phone,resolved,5,"[customer] Hi — quick question on SHP-202507-000266. Can you confirm the delivery window?
[agent.kobrien] Sure thing. I've noted the update on SHP-202507-000266 and confirmed it with the Cincinnati team.
[customer] Thanks for the quick help."
TKT-200259,CLI-0169,SHP-202512-000390,2025-12-11T08:00:00,chat,resolved,5,"[customer] Can you confirm SHP-202512-000390 is still on track to arrive this week?
[agent.jbrooks] Happy to help — SHP-202512-000390 is on schedule out of our Detroit hub; delivery is within the next 1–2 business days.
[customer] Perfect, thank you!"
TKT-200032,CLI-0212,SHP-202502-000063,2025-02-21T06:07:00,email,resolved,1,"[customer] This is the second time I'm reaching out about SHP-202502-000063. It was due days ago and I still have nothing. This is unacceptable for the rates we pay.
[agent.dfoster] Thanks for reaching out — I'm sorry for the trouble with SHP-202502-000063. I see it was affected by an exception at our Chicago hub. Let me pull the latest.
[agent.dfoster] Good news — SHP-202502-000063 is back in motion. I'll monitor it through delivery and confirm the POD with you.
[customer] Okay, thank you. Please keep me posted."
TKT-200008,CLI-0201,SHP-202505-000231,2025-05-26T13:36:00,phone,resolved,1,"[customer] Where is SHP-202505-000231?? Your tracking hasn't updated and my customer is furious. I need answers today.
[agent.jbrooks] Thanks for reaching out — I'm sorry for the trouble with SHP-202505-000231. I see it was affected by an exception at our Columbus hub. Let me pull the latest.
[agent.jbrooks] Update: SHP-202505-000231 is re-routed and expected to deliver within 48 hours. I've added a note to prioritize it. Anything else I can do?
[customer] Appreciate the quick turnaround."
TKT-200129,CLI-0113,SHP-202508-000144,2025-08-29T16:42:00,phone,resolved,4,"[customer] Following up on SHP-202508-000144 — could you send the POD once it's delivered? Accounting needs it.
[agent.tpatel] Sure thing. I've noted the update on SHP-202508-000144 and confirmed it with the Detroit team.
[customer] Thanks for the quick help."
TKT-200183,CLI-0244,SHP-202512-000060,2025-12-25T14:46:00,email,resolved,5,"[customer] Hello, I need to update the delivery contact for SHP-202512-000060 if it hasn't gone out yet.
[agent.jbrooks] Attached the POD for SHP-202512-000060. Let me know if there's anything else!
[customer] Great, appreciate it."
TKT-200200,CLI-0169,SHP-202503-000175,2025-03-08T09:47:00,portal,resolved,5,"[customer] Following up on SHP-202503-000175 — could you send the POD once it's delivered? Accounting needs it.
[agent.dfoster] Sure thing. I've noted the update on SHP-202503-000175 and confirmed it with the Columbus team.
[customer] Great, appreciate it."
TKT-200146,CLI-0212,SHP-202505-000045,2025-05-18T16:27:00,portal,resolved,5,"[customer] Can you confirm SHP-202505-000045 is still on track to arrive this week?
[agent.tpatel] Sure thing. I've noted the update on SHP-202505-000045 and confirmed it with the Detroit team.
[customer] Thanks for the quick help."
TKT-200133,CLI-0233,SHP-202509-000101,2025-09-24T22:00:00,phone,resolved,5,"[customer] Can you confirm SHP-202509-000101 is still on track to arrive this week?
[agent.jbrooks] Happy to help — SHP-202509-000101 is on schedule out of our Columbus hub; delivery is within the next 1–2 business days.
[customer] Thanks for the quick help."
TKT-200036,CLI-0244,SHP-202502-000109,2025-02-21T17:31:00,email,resolved,4,"[customer] Hi, I'm checking on shipment SHP-202502-000109. The status shows failed — can you tell me the latest ETA?
[agent.kobrien] Apologies for the delay on SHP-202502-000109. I've opened an investigation and looped in the Cincinnati operations team.
[agent.kobrien] Update: SHP-202502-000109 is re-routed and expected to deliver within 48 hours. I've added a note to prioritize it. Anything else I can do?"
TKT-200269,CLI-0201,SHP-202505-000215,2025-05-07T11:38:00,email,resolved,5,"[customer] Hi — quick question on SHP-202505-000215. Can you confirm the delivery window?
[agent.kobrien] Happy to help — SHP-202505-000215 is on schedule out of our Chicago hub; delivery is within the next 1–2 business days.
[customer] Perfect, thank you!"
TKT-200289,CLI-0155,SHP-202507-000212,2025-07-17T16:56:00,phone,resolved,4,"[customer] Hi — quick question on SHP-202507-000212. Can you confirm the delivery window?
[agent.dfoster] Attached the POD for SHP-202507-000212. Let me know if there's anything else!
[customer] Thanks for the quick help."
TKT-200235,CLI-0244,SHP-202505-000272,2025-05-07T19:17:00,email,resolved,5,"[customer] Following up on SHP-202505-000272 — could you send the POD once it's delivered? Accounting needs it.
[agent.mruiz] Attached the POD for SHP-202505-000272. Let me know if there's anything else!
[customer] Perfect, thank you!"
TKT-200075,CLI-0244,SHP-202511-000053,2025-11-17T09:42:00,phone,resolved,3,"[customer] Hi, I'm checking on shipment SHP-202511-000053. The status shows delayed — can you tell me the latest ETA?
[agent.mruiz] Apologies for the delay on SHP-202511-000053. I've opened an investigation and looped in the Chicago operations team.
[agent.mruiz] Dispatch confirms SHP-202511-000053 will be reattempted next business day. I've flagged your account for a proactive follow-up."
TKT-200098,CLI-0042,SHP-202511-000328,2025-11-21T16:29:00,portal,resolved,5,"[customer] Hi — quick question on SHP-202511-000328. Can you confirm the delivery window?
[agent.jbrooks] Attached the POD for SHP-202511-000328. Let me know if there's anything else!
[customer] Great, appreciate it."
TKT-200187,CLI-0233,SHP-202506-000063,2025-06-27T16:21:00,email,resolved,5,"[customer] Can you confirm SHP-202506-000063 is still on track to arrive this week?
[agent.mruiz] Sure thing. I've noted the update on SHP-202506-000063 and confirmed it with the Chicago team.
[customer] Great, appreciate it."
TKT-200025,CLI-0113,SHP-202504-000123,2025-04-08T16:56:00,chat,resolved,3,"[customer] Hi, I'm checking on shipment SHP-202504-000123. The status shows delayed — can you tell me the latest ETA?
[agent.jbrooks] Thank you for your patience. I've located SHP-202504-000123 in our system (origin HUB-IND). Checking with dispatch now.
[agent.jbrooks] Update: SHP-202504-000123 is re-routed and expected to deliver within 48 hours. I've added a note to prioritize it. Anything else I can do?
[customer] Appreciate the quick turnaround."
TKT-200179,CLI-0201,SHP-202501-000304,2025-01-09T18:24:00,email,resolved,5,"[customer] Hello, I need to update the delivery contact for SHP-202501-000304 if it hasn't gone out yet.
[agent.tpatel] Attached the POD for SHP-202501-000304. Let me know if there's anything else!
[customer] Perfect, thank you!"
TKT-200279,CLI-0212,SHP-202505-000276,2025-05-16T20:41:00,chat,resolved,5,"[customer] Can you confirm SHP-202505-000276 is still on track to arrive this week?
[agent.kobrien] Attached the POD for SHP-202505-000276. Let me know if there's anything else!
[customer] Perfect, thank you!"
TKT-200168,CLI-0113,SHP-202501-000190,2025-01-23T20:47:00,phone,resolved,5,"[customer] Hi — quick question on SHP-202501-000190. Can you confirm the delivery window?
[agent.kobrien] Happy to help — SHP-202501-000190 is on schedule out of our Indianapolis hub; delivery is within the next 1–2 business days.
[customer] Thanks for the quick help."
TKT-200121,CLI-0155,SHP-202503-000314,2025-03-08T21:09:00,email,resolved,5,"[customer] Hello, I need to update the delivery contact for SHP-202503-000314 if it hasn't gone out yet.
[agent.mruiz] Happy to help — SHP-202503-000314 is on schedule out of our Cincinnati hub; delivery is within the next 1–2 business days.
[customer] Thanks for the quick help."
TKT-200109,CLI-0042,SHP-202508-000222,2025-08-01T13:20:00,portal,resolved,5,"[customer] Hello, I need to update the delivery contact for SHP-202508-000222 if it hasn't gone out yet.
[agent.jbrooks] Happy to help — SHP-202508-000222 is on schedule out of our Indianapolis hub; delivery is within the next 1–2 business days.
[customer] Perfect, thank you!"
TKT-200089,CLI-0169,SHP-202501-000216,2025-01-10T12:01:00,email,resolved,3,"[customer] Hi, I'm checking on shipment SHP-202501-000216. The status shows failed — can you tell me the latest ETA?
[agent.tpatel] Thanks for reaching out — I'm sorry for the trouble with SHP-202501-000216. I see it was affected by an exception at our Indianapolis hub. Let me pull the latest.
[agent.tpatel] Good news — SHP-202501-000216 is back in motion. I'll monitor it through delivery and confirm the POD with you.
[customer] Appreciate the quick turnaround."
TKT-200020,CLI-0042,SHP-202502-000120,2025-02-20T15:07:00,chat,pending,,"[customer] Good morning! Quick question on SHP-202502-000120, currently delayed. No rush, just planning around it.
[agent.dfoster] Apologies for the delay on SHP-202502-000120. I've opened an investigation and looped in the Cincinnati operations team."
TKT-200203,CLI-0007,SHP-202511-000038,2025-11-11T00:50:00,phone,resolved,4,"[customer] Following up on SHP-202511-000038 — could you send the POD once it's delivered? Accounting needs it.
[agent.mruiz] Happy to help — SHP-202511-000038 is on schedule out of our Detroit hub; delivery is within the next 1–2 business days.
[customer] Thanks for the quick help."
TKT-200156,CLI-0201,SHP-202505-000136,2025-05-19T16:18:00,chat,resolved,5,"[customer] Hi — quick question on SHP-202505-000136. Can you confirm the delivery window?
[agent.kobrien] Attached the POD for SHP-202505-000136. Let me know if there's anything else!
[customer] Great, appreciate it."
TKT-200277,CLI-0128,SHP-202508-000015,2025-08-15T15:22:00,portal,resolved,5,"[customer] Hello, I need to update the delivery contact for SHP-202508-000015 if it hasn't gone out yet.
[agent.lchen] Attached the POD for SHP-202508-000015. Let me know if there's anything else!
[customer] Perfect, thank you!"
TKT-200102,CLI-0042,SHP-202510-000114,2025-10-12T10:23:00,email,resolved,5,"[customer] Following up on SHP-202510-000114 — could you send the POD once it's delivered? Accounting needs it.
[agent.tpatel] Sure thing. I've noted the update on SHP-202510-000114 and confirmed it with the Cincinnati team.
[customer] Great, appreciate it."
TKT-200124,CLI-0007,SHP-202511-000142,2025-11-04T13:17:00,email,resolved,5,"[customer] Following up on SHP-202511-000142 — could you send the POD once it's delivered? Accounting needs it.
[agent.jbrooks] Happy to help — SHP-202511-000142 is on schedule out of our Cincinnati hub; delivery is within the next 1–2 business days.
[customer] Thanks for the quick help."
TKT-200155,CLI-0201,SHP-202510-000131,2025-10-16T16:05:00,portal,resolved,5,"[customer] Following up on SHP-202510-000131 — could you send the POD once it's delivered? Accounting needs it.
[agent.lchen] Happy to help — SHP-202510-000131 is on schedule out of our Cincinnati hub; delivery is within the next 1–2 business days.
[customer] Thanks for the quick help."
TKT-200059,CLI-0201,SHP-202506-000026,2025-06-28T20:57:00,chat,resolved,3,"[customer] Hello, hoping you can help with SHP-202506-000026. I understand there may be delays — just need an updated delivery window when you have a moment. Thanks!
[agent.kobrien] Apologies for the delay on SHP-202506-000026. I've opened an investigation and looped in the Chicago operations team.
[agent.kobrien] Dispatch confirms SHP-202506-000026 will be reattempted next business day. I've flagged your account for a proactive follow-up."
TKT-200113,CLI-0233,SHP-202508-000065,2025-08-31T12:45:00,chat,resolved,4,"[customer] Can you confirm SHP-202508-000065 is still on track to arrive this week?
[agent.dfoster] Sure thing. I've noted the update on SHP-202508-000065 and confirmed it with the Chicago team.
[customer] Great, appreciate it."
TKT-200173,CLI-0169,SHP-202505-000052,2025-05-11T00:06:00,portal,resolved,5,"[customer] Hi — quick question on SHP-202505-000052. Can you confirm the delivery window?
[agent.kobrien] Sure thing. I've noted the update on SHP-202505-000052 and confirmed it with the Indianapolis team.
[customer] Perfect, thank you!"
TKT-200083,CLI-0244,SHP-202512-000290,2025-12-27T17:10:00,phone,pending,,"[customer] This is the second time I'm reaching out about SHP-202512-000290. It was due days ago and I still have nothing. This is unacceptable for the rates we pay.
[agent.kobrien] Thank you for your patience. I've located SHP-202512-000290 in our system (origin HUB-CHI). Checking with dispatch now.
[agent.kobrien] Dispatch confirms SHP-202512-000290 will be reattempted next business day. I've flagged your account for a proactive follow-up."
TKT-200258,CLI-0233,SHP-202501-000068,2025-01-10T18:50:00,chat,resolved,5,"[customer] Hi — quick question on SHP-202501-000068. Can you confirm the delivery window?
[agent.dfoster] Sure thing. I've noted the update on SHP-202501-000068 and confirmed it with the Chicago team.
[customer] Thanks for the quick help."
TKT-200206,CLI-0128,SHP-202501-000037,2025-01-05T17:23:00,phone,resolved,4,"[customer] Following up on SHP-202501-000037 — could you send the POD once it's delivered? Accounting needs it.
[agent.kobrien] Sure thing. I've noted the update on SHP-202501-000037 and confirmed it with the Indianapolis team.
[customer] Great, appreciate it."
TKT-200011,CLI-0244,SHP-202511-000138,2025-12-01T04:22:00,phone,resolved,4,"[customer] Following up on SHP-202511-000138. Could you confirm whether this will still be delivered this week?
[agent.kobrien] Thank you for your patience. I've located SHP-202511-000138 in our system (origin HUB-DET). Checking with dispatch now.
[agent.kobrien] Update: SHP-202511-000138 is re-routed and expected to deliver within 48 hours. I've added a note to prioritize it. Anything else I can do?"
TKT-200223,CLI-0212,SHP-202512-000407,2025-12-19T19:57:00,email,resolved,5,"[customer] Following up on SHP-202512-000407 — could you send the POD once it's delivered? Accounting needs it.
[agent.kobrien] Happy to help — SHP-202512-000407 is on schedule out of our Indianapolis hub; delivery is within the next 1–2 business days.
[customer] Thanks for the quick help."
TKT-200092,CLI-0169,SHP-202509-000244,2025-09-04T17:41:00,chat,resolved,5,"[customer] Hello, I need to update the delivery contact for SHP-202509-000244 if it hasn't gone out yet.
[agent.mruiz] Happy to help — SHP-202509-000244 is on schedule out of our Indianapolis hub; delivery is within the next 1–2 business days.
[customer] Perfect, thank you!"
TKT-200162,CLI-0042,SHP-202511-000148,2025-11-06T08:49:00,phone,resolved,4,"[customer] Hello, I need to update the delivery contact for SHP-202511-000148 if it hasn't gone out yet.
[agent.jbrooks] Sure thing. I've noted the update on SHP-202511-000148 and confirmed it with the Detroit team.
[customer] Perfect, thank you!"
TKT-200294,CLI-0007,SHP-202502-000158,2025-02-22T16:32:00,email,resolved,5,"[customer] Can you confirm SHP-202502-000158 is still on track to arrive this week?
[agent.dfoster] Attached the POD for SHP-202502-000158. Let me know if there's anything else!
[customer] Great, appreciate it."
TKT-200082,CLI-0155,SHP-202501-000114,2025-01-18T11:22:00,chat,open,,"[customer] Good morning! Quick question on SHP-202501-000114, currently delayed. No rush, just planning around it.
[agent.jbrooks] Apologies for the delay on SHP-202501-000114. I've opened an investigation and looped in the Indianapolis operations team.
[agent.jbrooks] Dispatch confirms SHP-202501-000114 will be reattempted next business day. I've flagged your account for a proactive follow-up."
TKT-200208,CLI-0128,SHP-202501-000088,2025-01-29T18:55:00,phone,resolved,5,"[customer] Following up on SHP-202501-000088 — could you send the POD once it's delivered? Accounting needs it.
[agent.tpatel] Attached the POD for SHP-202501-000088. Let me know if there's anything else!
[customer] Great, appreciate it."
TKT-200241,CLI-0113,SHP-202506-000088,2025-06-09T13:14:00,phone,resolved,5,"[customer] Can you confirm SHP-202506-000088 is still on track to arrive this week?
[agent.tpatel] Happy to help — SHP-202506-000088 is on schedule out of our Cincinnati hub; delivery is within the next 1–2 business days.
[customer] Perfect, thank you!"
TKT-200245,CLI-0233,SHP-202501-000121,2025-01-05T23:45:00,email,resolved,5,"[customer] Can you confirm SHP-202501-000121 is still on track to arrive this week?
[agent.tpatel] Attached the POD for SHP-202501-000121. Let me know if there's anything else!
[customer] Perfect, thank you!"
TKT-200163,CLI-0169,SHP-202501-000078,2025-01-11T18:15:00,email,resolved,5,"[customer] Can you confirm SHP-202501-000078 is still on track to arrive this week?
[agent.mruiz] Attached the POD for SHP-202501-000078. Let me know if there's anything else!
[customer] Perfect, thank you!"
TKT-200000,CLI-0042,SHP-202512-000104,2025-12-12T13:54:00,email,pending,,"[customer] Where is SHP-202512-000104?? Your tracking hasn't updated and my customer is furious. I need answers today.
[agent.jbrooks] Apologies for the delay on SHP-202512-000104. I've opened an investigation and looped in the Indianapolis operations team.
[agent.jbrooks] Good news — SHP-202512-000104 is back in motion. I'll monitor it through delivery and confirm the POD with you.
[customer] That still isn't good enough but I'll wait for the update."
TKT-200048,CLI-0233,SHP-202512-000253,2025-12-09T17:12:00,portal,pending,,"[customer] Hello, hoping you can help with SHP-202512-000253. I understand there may be delays — just need an updated delivery window when you have a moment. Thanks!
[agent.tpatel] Thank you for your patience. I've located SHP-202512-000253 in our system (origin HUB-CHI). Checking with dispatch now.
[agent.tpatel] Dispatch confirms SHP-202512-000253 will be reattempted next business day. I've flagged your account for a proactive follow-up."
TKT-200268,CLI-0007,SHP-202511-000347,2025-11-21T16:06:00,portal,resolved,5,"[customer] Following up on SHP-202511-000347 — could you send the POD once it's delivered? Accounting needs it.
[agent.jbrooks] Happy to help — SHP-202511-000347 is on schedule out of our Indianapolis hub; delivery is within the next 1–2 business days.
[customer] Thanks for the quick help."
TKT-200211,CLI-0113,SHP-202506-000010,2025-06-20T19:44:00,phone,resolved,4,"[customer] Hello, I need to update the delivery contact for SHP-202506-000010 if it hasn't gone out yet.
[agent.mruiz] Sure thing. I've noted the update on SHP-202506-000010 and confirmed it with the Indianapolis team.
[customer] Thanks for the quick help."
TKT-200243,CLI-0201,SHP-202501-000109,2025-01-06T14:22:00,portal,resolved,4,"[customer] Following up on SHP-202501-000109 — could you send the POD once it's delivered? Accounting needs it.
[agent.lchen] Attached the POD for SHP-202501-000109. Let me know if there's anything else!
[customer] Perfect, thank you!"
TKT-200231,CLI-0169,SHP-202508-000217,2025-08-10T19:25:00,portal,resolved,5,"[customer] Hello, I need to update the delivery contact for SHP-202508-000217 if it hasn't gone out yet.
[agent.dfoster] Sure thing. I've noted the update on SHP-202508-000217 and confirmed it with the Columbus team.
[customer] Perfect, thank you!"
TKT-200188,CLI-0113,SHP-202504-000044,2025-04-11T15:42:00,email,resolved,4,"[customer] Hi — quick question on SHP-202504-000044. Can you confirm the delivery window?
[agent.mruiz] Attached the POD for SHP-202504-000044. Let me know if there's anything else!
[customer] Perfect, thank you!"
TKT-200127,CLI-0007,SHP-202508-000283,2025-08-07T17:07:00,email,resolved,4,"[customer] Can you confirm SHP-202508-000283 is still on track to arrive this week?
[agent.dfoster] Attached the POD for SHP-202508-000283. Let me know if there's anything else!
[customer] Great, appreciate it."
TKT-200143,CLI-0169,SHP-202506-000086,2025-06-05T20:20:00,phone,resolved,4,"[customer] Can you confirm SHP-202506-000086 is still on track to arrive this week?
[agent.dfoster] Attached the POD for SHP-202506-000086. Let me know if there's anything else!
[customer] Thanks for the quick help."
TKT-200062,CLI-0233,SHP-202507-000046,2025-07-03T12:20:00,portal,resolved,4,"[customer] Following up on SHP-202507-000046. Could you confirm whether this will still be delivered this week?
[agent.lchen] Thanks for reaching out — I'm sorry for the trouble with SHP-202507-000046. I see it was affected by an exception at our Columbus hub. Let me pull the latest.
[agent.lchen] Dispatch confirms SHP-202507-000046 will be reattempted next business day. I've flagged your account for a proactive follow-up."
TKT-200013,CLI-0212,SHP-202503-000272,2025-03-14T22:17:00,chat,resolved,4,"[customer] Hello, hoping you can help with SHP-202503-000272. I understand there may be delays — just need an updated delivery window when you have a moment. Thanks!
[agent.lchen] Thanks for reaching out — I'm sorry for the trouble with SHP-202503-000272. I see it was affected by an exception at our Chicago hub. Let me pull the latest.
[agent.lchen] Dispatch confirms SHP-202503-000272 will be reattempted next business day. I've flagged your account for a proactive follow-up."
TKT-200071,CLI-0233,SHP-202501-000006,2025-01-25T07:03:00,email,pending,,"[customer] Following up on SHP-202501-000006. Could you confirm whether this will still be delivered this week?
[agent.tpatel] Apologies for the delay on SHP-202501-000006. I've opened an investigation and looped in the Indianapolis operations team.
[agent.tpatel] Dispatch confirms SHP-202501-000006 will be reattempted next business day. I've flagged your account for a proactive follow-up."
TKT-200205,CLI-0128,SHP-202506-000051,2025-06-17T09:58:00,portal,resolved,5,"[customer] Hello, I need to update the delivery contact for SHP-202506-000051 if it hasn't gone out yet.
[agent.mruiz] Attached the POD for SHP-202506-000051. Let me know if there's anything else!
[customer] Great, appreciate it."
TKT-200233,CLI-0212,SHP-202502-000015,2025-02-19T03:04:00,phone,resolved,5,"[customer] Following up on SHP-202502-000015 — could you send the POD once it's delivered? Accounting needs it.
[agent.jbrooks] Happy to help — SHP-202502-000015 is on schedule out of our Indianapolis hub; delivery is within the next 1–2 business days.
[customer] Thanks for the quick help."
TKT-200001,CLI-0201,SHP-202512-000200,2025-12-03T11:50:00,email,resolved,5,"[customer] Good morning! Quick question on SHP-202512-000200, currently failed. No rush, just planning around it.
[agent.dfoster] Thanks for reaching out — I'm sorry for the trouble with SHP-202512-000200. I see it was affected by an exception at our Detroit hub. Let me pull the latest.
[agent.dfoster] Dispatch confirms SHP-202512-000200 will be reattempted next business day. I've flagged your account for a proactive follow-up."
TKT-200295,CLI-0042,SHP-202512-000355,2025-12-09T11:31:00,portal,resolved,5,"[customer] Hi — quick question on SHP-202512-000355. Can you confirm the delivery window?
[agent.jbrooks] Attached the POD for SHP-202512-000355. Let me know if there's anything else!
[customer] Great, appreciate it."
TKT-200169,CLI-0113,SHP-202507-000112,2025-07-07T19:55:00,phone,resolved,5,"[customer] Hello, I need to update the delivery contact for SHP-202507-000112 if it hasn't gone out yet.
[agent.jbrooks] Happy to help — SHP-202507-000112 is on schedule out of our Detroit hub; delivery is within the next 1–2 business days.
[customer] Great, appreciate it."
TKT-200182,CLI-0128,SHP-202506-000146,2025-06-13T23:56:00,portal,resolved,5,"[customer] Following up on SHP-202506-000146 — could you send the POD once it's delivered? Accounting needs it.
[agent.tpatel] Happy to help — SHP-202506-000146 is on schedule out of our Chicago hub; delivery is within the next 1–2 business days.
[customer] Great, appreciate it."
TKT-200029,CLI-0201,SHP-202512-000358,2025-12-16T23:06:00,phone,resolved,3,"[customer] This is the second time I'm reaching out about SHP-202512-000358. It was due days ago and I still have nothing. This is unacceptable for the rates we pay.
[agent.lchen] Thanks for reaching out — I'm sorry for the trouble with SHP-202512-000358. I see it was affected by an exception at our Detroit hub. Let me pull the latest.
[agent.lchen] Dispatch confirms SHP-202512-000358 will be reattempted next business day. I've flagged your account for a proactive follow-up."
TKT-200193,CLI-0155,SHP-202503-000012,2025-03-03T15:18:00,portal,resolved,5,"[customer] Hello, I need to update the delivery contact for SHP-202503-000012 if it hasn't gone out yet.
[agent.mruiz] Happy to help — SHP-202503-000012 is on schedule out of our Detroit hub; delivery is within the next 1–2 business days.
[customer] Thanks for the quick help."
TKT-200204,CLI-0128,SHP-202503-000178,2025-04-01T21:46:00,phone,resolved,5,"[customer] Can you confirm SHP-202503-000178 is still on track to arrive this week?
[agent.jbrooks] Sure thing. I've noted the update on SHP-202503-000178 and confirmed it with the Detroit team.
[customer] Perfect, thank you!"
TKT-200184,CLI-0233,SHP-202507-000039,2025-07-27T23:03:00,phone,resolved,4,"[customer] Hello, I need to update the delivery contact for SHP-202507-000039 if it hasn't gone out yet.
[agent.tpatel] Attached the POD for SHP-202507-000039. Let me know if there's anything else!
[customer] Perfect, thank you!"
TKT-200122,CLI-0155,SHP-202512-000182,2025-12-29T10:28:00,email,resolved,5,"[customer] Hello, I need to update the delivery contact for SHP-202512-000182 if it hasn't gone out yet.
[agent.mruiz] Happy to help — SHP-202512-000182 is on schedule out of our Cincinnati hub; delivery is within the next 1–2 business days.
[customer] Thanks for the quick help."
TKT-200161,CLI-0233,SHP-202506-000154,2025-06-11T21:35:00,chat,resolved,5,"[customer] Hello, I need to update the delivery contact for SHP-202506-000154 if it hasn't gone out yet.
[agent.tpatel] Sure thing. I've noted the update on SHP-202506-000154 and confirmed it with the Indianapolis team.
[customer] Perfect, thank you!"
TKT-200175,CLI-0007,SHP-202502-000104,2025-02-17T20:14:00,chat,resolved,5,"[customer] Can you confirm SHP-202502-000104 is still on track to arrive this week?
[agent.dfoster] Sure thing. I've noted the update on SHP-202502-000104 and confirmed it with the Columbus team.
[customer] Perfect, thank you!"
TKT-200189,CLI-0113,SHP-202501-000128,2025-01-11T03:55:00,phone,resolved,5,"[customer] Following up on SHP-202501-000128 — could you send the POD once it's delivered? Accounting needs it.
[agent.tpatel] Happy to help — SHP-202501-000128 is on schedule out of our Chicago hub; delivery is within the next 1–2 business days.
[customer] Great, appreciate it."
TKT-200280,CLI-0201,SHP-202509-000218,2025-09-19T15:51:00,portal,resolved,5,"[customer] Can you confirm SHP-202509-000218 is still on track to arrive this week?
[agent.mruiz] Sure thing. I've noted the update on SHP-202509-000218 and confirmed it with the Chicago team.
[customer] Perfect, thank you!"
TKT-200219,CLI-0042,SHP-202506-000177,2025-06-04T17:05:00,portal,resolved,5,"[customer] Following up on SHP-202506-000177 — could you send the POD once it's delivered? Accounting needs it.
[agent.mruiz] Attached the POD for SHP-202506-000177. Let me know if there's anything else!
[customer] Thanks for the quick help."
TKT-200172,CLI-0233,SHP-202504-000168,2025-04-10T18:13:00,chat,resolved,4,"[customer] Hello, I need to update the delivery contact for SHP-202504-000168 if it hasn't gone out yet.
[agent.mruiz] Attached the POD for SHP-202504-000168. Let me know if there's anything else!
[customer] Thanks for the quick help."
TKT-200242,CLI-0233,SHP-202502-000157,2025-02-08T21:13:00,chat,resolved,5,"[customer] Hello, I need to update the delivery contact for SHP-202502-000157 if it hasn't gone out yet.
[agent.tpatel] Happy to help — SHP-202502-000157 is on schedule out of our Cincinnati hub; delivery is within the next 1–2 business days.
[customer] Perfect, thank you!"
TKT-200296,CLI-0233,SHP-202508-000244,2025-08-07T21:02:00,phone,resolved,4,"[customer] Hello, I need to update the delivery contact for SHP-202508-000244 if it hasn't gone out yet.
[agent.lchen] Sure thing. I've noted the update on SHP-202508-000244 and confirmed it with the Columbus team.
[customer] Perfect, thank you!"
TKT-200292,CLI-0244,SHP-202508-000159,2025-08-15T10:29:00,portal,resolved,5,"[customer] Following up on SHP-202508-000159 — could you send the POD once it's delivered? Accounting needs it.
[agent.dfoster] Attached the POD for SHP-202508-000159. Let me know if there's anything else!
[customer] Thanks for the quick help."
TKT-200266,CLI-0169,SHP-202511-000247,2025-11-08T15:09:00,chat,resolved,5,"[customer] Hello, I need to update the delivery contact for SHP-202511-000247 if it hasn't gone out yet.
[agent.jbrooks] Sure thing. I've noted the update on SHP-202511-000247 and confirmed it with the Cincinnati team.
[customer] Perfect, thank you!"
TKT-200192,CLI-0169,SHP-202502-000074,2025-02-18T13:50:00,email,resolved,5,"[customer] Following up on SHP-202502-000074 — could you send the POD once it's delivered? Accounting needs it.
[agent.kobrien] Sure thing. I've noted the update on SHP-202502-000074 and confirmed it with the Chicago team.
[customer] Perfect, thank you!"
TKT-200291,CLI-0155,SHP-202502-000126,2025-02-22T18:10:00,portal,resolved,4,"[customer] Hi — quick question on SHP-202502-000126. Can you confirm the delivery window?
[agent.tpatel] Attached the POD for SHP-202502-000126. Let me know if there's anything else!
[customer] Perfect, thank you!"
TKT-200267,CLI-0113,SHP-202510-000031,2025-10-31T19:06:00,chat,resolved,5,"[customer] Hello, I need to update the delivery contact for SHP-202510-000031 if it hasn't gone out yet.
[agent.dfoster] Sure thing. I've noted the update on SHP-202510-000031 and confirmed it with the Indianapolis team.
[customer] Perfect, thank you!"
TKT-200108,CLI-0233,SHP-202503-000280,2025-03-08T21:38:00,phone,resolved,4,"[customer] Can you confirm SHP-202503-000280 is still on track to arrive this week?
[agent.dfoster] Sure thing. I've noted the update on SHP-202503-000280 and confirmed it with the Chicago team.
[customer] Perfect, thank you!"
TKT-200049,CLI-0128,SHP-202501-000150,2025-01-25T20:38:00,portal,resolved,3,"[customer] Following up on SHP-202501-000150. Could you confirm whether this will still be delivered this week?
[agent.kobrien] Thank you for your patience. I've located SHP-202501-000150 in our system (origin HUB-CMH). Checking with dispatch now.
[agent.kobrien] Update: SHP-202501-000150 is re-routed and expected to deliver within 48 hours. I've added a note to prioritize it. Anything else I can do?
[customer] Appreciate the quick turnaround."
TKT-200021,CLI-0169,SHP-202502-000275,2025-02-15T17:47:00,chat,resolved,1,"[customer] Where is SHP-202502-000275?? Your tracking hasn't updated and my customer is furious. I need answers today.
[agent.dfoster] Thanks for reaching out — I'm sorry for the trouble with SHP-202502-000275. I see it was affected by an exception at our Cincinnati hub. Let me pull the latest.
[customer] Okay, thank you. Please keep me posted."
TKT-200003,CLI-0212,SHP-202512-000027,2025-12-30T19:26:00,email,pending,,"[customer] Hi, I'm checking on shipment SHP-202512-000027. The status shows delayed — can you tell me the latest ETA?
[agent.dfoster] Apologies for the delay on SHP-202512-000027. I've opened an investigation and looped in the Columbus operations team."
TKT-200136,CLI-0113,SHP-202506-000185,2025-06-06T22:54:00,portal,resolved,5,"[customer] Can you confirm SHP-202506-000185 is still on track to arrive this week?
[agent.kobrien] Attached the POD for SHP-202506-000185. Let me know if there's anything else!
[customer] Great, appreciate it."
TKT-200031,CLI-0244,SHP-202502-000170,2025-02-12T08:17:00,chat,pending,,"[customer] Hi, I'm checking on shipment SHP-202502-000170. The status shows delayed — can you tell me the latest ETA?
[agent.lchen] Thank you for your patience. I've located SHP-202502-000170 in our system (origin HUB-DET). Checking with dispatch now.
[agent.lchen] Good news — SHP-202502-000170 is back in motion. I'll monitor it through delivery and confirm the POD with you.
[customer] Appreciate the quick turnaround."
TKT-200004,CLI-0201,SHP-202511-000198,2025-11-14T10:00:00,phone,pending,,"[customer] Where is SHP-202511-000198?? Your tracking hasn't updated and my customer is furious. I need answers today.
[agent.mruiz] Thanks for reaching out — I'm sorry for the trouble with SHP-202511-000198. I see it was affected by an exception at our Chicago hub. Let me pull the latest.
[agent.mruiz] Good news — SHP-202511-000198 is back in motion. I'll monitor it through delivery and confirm the POD with you.
[customer] That still isn't good enough but I'll wait for the update."
TKT-200051,CLI-0244,SHP-202505-000237,2025-05-26T17:20:00,chat,resolved,2,"[customer] Hi, I'm checking on shipment SHP-202505-000237. The status shows delayed — can you tell me the latest ETA?
[agent.tpatel] Thank you for your patience. I've located SHP-202505-000237 in our system (origin HUB-CIN). Checking with dispatch now.
[agent.tpatel] Dispatch confirms SHP-202505-000237 will be reattempted next business day. I've flagged your account for a proactive follow-up.
[customer] Okay, thank you. Please keep me posted."
TKT-200248,CLI-0233,SHP-202505-000253,2025-05-05T12:53:00,chat,resolved,5,"[customer] Following up on SHP-202505-000253 — could you send the POD once it's delivered? Accounting needs it.
[agent.lchen] Attached the POD for SHP-202505-000253. Let me know if there's anything else!
[customer] Thanks for the quick help."
TKT-200244,CLI-0233,SHP-202509-000253,2025-09-18T21:43:00,phone,resolved,5,"[customer] Hi — quick question on SHP-202509-000253. Can you confirm the delivery window?
[agent.tpatel] Sure thing. I've noted the update on SHP-202509-000253 and confirmed it with the Indianapolis team.
[customer] Thanks for the quick help."
TKT-200120,CLI-0113,SHP-202506-000032,2025-06-20T13:28:00,portal,resolved,4,"[customer] Hello, I need to update the delivery contact for SHP-202506-000032 if it hasn't gone out yet.
[agent.lchen] Happy to help — SHP-202506-000032 is on schedule out of our Indianapolis hub; delivery is within the next 1–2 business days.
[customer] Perfect, thank you!"
TKT-200015,CLI-0155,SHP-202507-000197,2025-07-18T19:53:00,portal,resolved,3,"[customer] Following up on SHP-202507-000197. Could you confirm whether this will still be delivered this week?
[agent.tpatel] Thanks for reaching out — I'm sorry for the trouble with SHP-202507-000197. I see it was affected by an exception at our Indianapolis hub. Let me pull the latest.
[agent.tpatel] Good news — SHP-202507-000197 is back in motion. I'll monitor it through delivery and confirm the POD with you.
[customer] That still isn't good enough but I'll wait for the update."
TKT-900000,CLI-0042,SHP-202501-900001,2025-01-14T09:00:00,phone,pending,,"[customer] Where is SHP-202501-900001?? Nothing's moved for days. I know Chicago got hit but I need a real ETA.
[agent.lchen] I'm sorry — the Jan winter storm at our Chicago hub (incident INC-2025-00417) delayed a large batch including SHP-202501-900001. It's re-routed and moving now; expect delivery within 48 hours.
[customer] Fine. Please make sure it actually does this time."
TKT-900001,CLI-0042,SHP-202501-900002,2025-01-15T10:07:00,phone,pending,,"[customer] Where is SHP-202501-900002?? Nothing's moved for days. I know Chicago got hit but I need a real ETA.
[agent.mruiz] I'm sorry — the Jan winter storm at our Chicago hub (incident INC-2025-00417) delayed a large batch including SHP-202501-900002. It's re-routed and moving now; expect delivery within 48 hours.
[customer] Fine. Please make sure it actually does this time."
TKT-900002,CLI-0042,SHP-202501-900003,2025-01-16T17:27:00,chat,resolved,3,"[customer] Where is SHP-202501-900003?? Nothing's moved for days. I know Chicago got hit but I need a real ETA.
[agent.mruiz] I'm sorry — the Jan winter storm at our Chicago hub (incident INC-2025-00417) delayed a large batch including SHP-202501-900003. It's re-routed and moving now; expect delivery within 48 hours.
[customer] Fine. Please make sure it actually does this time."
TKT-900003,CLI-0042,SHP-202502-900004,2025-02-03T16:59:00,chat,pending,2,"[customer] Where is SHP-202502-900004?? Nothing's moved for days. I know Chicago got hit but I need a real ETA.
[agent.mruiz] I'm sorry — the Jan winter storm at our Chicago hub (incident INC-2025-00417) delayed a large batch including SHP-202502-900004. It's re-routed and moving now; expect delivery within 48 hours.
[customer] Fine. Please make sure it actually does this time."
TKT-900004,CLI-0042,SHP-202501-900005,2025-01-14T10:34:00,phone,pending,,"[customer] Where is SHP-202501-900005?? Nothing's moved for days. I know Chicago got hit but I need a real ETA.
[agent.lchen] I'm sorry — the Jan winter storm at our Chicago hub (incident INC-2025-00417) delayed a large batch including SHP-202501-900005. It's re-routed and moving now; expect delivery within 48 hours.
[customer] Fine. Please make sure it actually does this time."
TKT-900005,CLI-0042,SHP-202501-900006,2025-01-15T11:13:00,email,resolved,2,"[customer] Where is SHP-202501-900006?? Nothing's moved for days. I know Chicago got hit but I need a real ETA.
[agent.jbrooks] I'm sorry — the Jan winter storm at our Chicago hub (incident INC-2025-00417) delayed a large batch including SHP-202501-900006. It's re-routed and moving now; expect delivery within 48 hours.
[customer] Fine. Please make sure it actually does this time."
TKT-900006,CLI-0042,SHP-202501-900007,2025-01-16T12:51:00,email,resolved,,"[customer] Where is SHP-202501-900007?? Nothing's moved for days. I know Chicago got hit but I need a real ETA.
[agent.mruiz] I'm sorry — the Jan winter storm at our Chicago hub (incident INC-2025-00417) delayed a large batch including SHP-202501-900007. It's re-routed and moving now; expect delivery within 48 hours.
[customer] Fine. Please make sure it actually does this time."
TKT-900007,CLI-0042,SHP-202502-900008,2025-02-03T17:24:00,chat,resolved,2,"[customer] Where is SHP-202502-900008?? Nothing's moved for days. I know Chicago got hit but I need a real ETA.
[agent.mruiz] I'm sorry — the Jan winter storm at our Chicago hub (incident INC-2025-00417) delayed a large batch including SHP-202502-900008. It's re-routed and moving now; expect delivery within 48 hours.
[customer] Fine. Please make sure it actually does this time."
TKT-900008,CLI-0042,SHP-202501-900009,2025-01-14T12:26:00,chat,pending,3,"[customer] Where is SHP-202501-900009?? Nothing's moved for days. I know Chicago got hit but I need a real ETA.
[agent.jbrooks] I'm sorry — the Jan winter storm at our Chicago hub (incident INC-2025-00417) delayed a large batch including SHP-202501-900009. It's re-routed and moving now; expect delivery within 48 hours.
[customer] Fine. Please make sure it actually does this time."
TKT-900009,CLI-0042,SHP-202501-900010,2025-01-15T15:08:00,email,resolved,2,"[customer] Where is SHP-202501-900010?? Nothing's moved for days. I know Chicago got hit but I need a real ETA.
[agent.jbrooks] I'm sorry — the Jan winter storm at our Chicago hub (incident INC-2025-00417) delayed a large batch including SHP-202501-900010. It's re-routed and moving now; expect delivery within 48 hours.
[customer] Fine. Please make sure it actually does this time."
TKT-900010,CLI-0201,SHP-202501-900011,2025-01-16T12:48:00,email,resolved,2,"[customer] Where is SHP-202501-900011?? Nothing's moved for days. I know Chicago got hit but I need a real ETA.
[agent.mruiz] I'm sorry — the Jan winter storm at our Chicago hub (incident INC-2025-00417) delayed a large batch including SHP-202501-900011. It's re-routed and moving now; expect delivery within 48 hours.
[customer] Fine. Please make sure it actually does this time."
TKT-900011,CLI-0233,SHP-202502-900012,2025-02-03T15:54:00,phone,resolved,2,"[customer] Where is SHP-202502-900012?? Nothing's moved for days. I know Chicago got hit but I need a real ETA.
[agent.lchen] I'm sorry — the Jan winter storm at our Chicago hub (incident INC-2025-00417) delayed a large batch including SHP-202502-900012. It's re-routed and moving now; expect delivery within 48 hours.
[customer] Fine. Please make sure it actually does this time."
TKT-900012,CLI-0212,SHP-202501-900013,2025-01-14T16:40:00,chat,resolved,,"[customer] Where is SHP-202501-900013?? Nothing's moved for days. I know Chicago got hit but I need a real ETA.
[agent.mruiz] I'm sorry — the Jan winter storm at our Chicago hub (incident INC-2025-00417) delayed a large batch including SHP-202501-900013. It's re-routed and moving now; expect delivery within 48 hours.
[customer] Fine. Please make sure it actually does this time."
TKT-900013,CLI-0212,SHP-202501-900014,2025-01-15T14:10:00,email,resolved,,"[customer] Where is SHP-202501-900014?? Nothing's moved for days. I know Chicago got hit but I need a real ETA.
[agent.jbrooks] I'm sorry — the Jan winter storm at our Chicago hub (incident INC-2025-00417) delayed a large batch including SHP-202501-900014. It's re-routed and moving now; expect delivery within 48 hours.
[customer] Fine. Please make sure it actually does this time."
TKT-900014,CLI-0233,SHP-202501-900015,2025-01-16T10:17:00,phone,pending,2,"[customer] Where is SHP-202501-900015?? Nothing's moved for days. I know Chicago got hit but I need a real ETA.
[agent.lchen] I'm sorry — the Jan winter storm at our Chicago hub (incident INC-2025-00417) delayed a large batch including SHP-202501-900015. It's re-routed and moving now; expect delivery within 48 hours.
[customer] Fine. Please make sure it actually does this time."
TKT-900015,CLI-0007,SHP-202502-900016,2025-02-03T17:58:00,email,resolved,,"[customer] Where is SHP-202502-900016?? Nothing's moved for days. I know Chicago got hit but I need a real ETA.
[agent.jbrooks] I'm sorry — the Jan winter storm at our Chicago hub (incident INC-2025-00417) delayed a large batch including SHP-202502-900016. It's re-routed and moving now; expect delivery within 48 hours.
[customer] Fine. Please make sure it actually does this time."
TKT-900016,CLI-0128,SHP-202501-900017,2025-01-14T10:12:00,email,resolved,,"[customer] Where is SHP-202501-900017?? Nothing's moved for days. I know Chicago got hit but I need a real ETA.
[agent.lchen] I'm sorry — the Jan winter storm at our Chicago hub (incident INC-2025-00417) delayed a large batch including SHP-202501-900017. It's re-routed and moving now; expect delivery within 48 hours.
[customer] Fine. Please make sure it actually does this time."
TKT-900017,CLI-0007,SHP-202501-900018,2025-01-15T12:20:00,email,resolved,1,"[customer] Where is SHP-202501-900018?? Nothing's moved for days. I know Chicago got hit but I need a real ETA.
[agent.jbrooks] I'm sorry — the Jan winter storm at our Chicago hub (incident INC-2025-00417) delayed a large batch including SHP-202501-900018. It's re-routed and moving now; expect delivery within 48 hours.
[customer] Fine. Please make sure it actually does this time."
TKT-900018,CLI-0244,SHP-202501-900019,2025-01-16T17:05:00,email,pending,,"[customer] Where is SHP-202501-900019?? Nothing's moved for days. I know Chicago got hit but I need a real ETA.
[agent.lchen] I'm sorry — the Jan winter storm at our Chicago hub (incident INC-2025-00417) delayed a large batch including SHP-202501-900019. It's re-routed and moving now; expect delivery within 48 hours.
[customer] Fine. Please make sure it actually does this time."
TKT-900019,CLI-0128,SHP-202502-900020,2025-02-03T12:38:00,chat,pending,2,"[customer] Where is SHP-202502-900020?? Nothing's moved for days. I know Chicago got hit but I need a real ETA.
[agent.jbrooks] I'm sorry — the Jan winter storm at our Chicago hub (incident INC-2025-00417) delayed a large batch including SHP-202502-900020. It's re-routed and moving now; expect delivery within 48 hours.
[customer] Fine. Please make sure it actually does this time."
TKT-910000,CLI-0042,SHP-202505-000271,2025-05-14T14:00:00,phone,pending,3,"[customer] Following up on SHP-202505-000271 — another late LTL load. Our account team keeps promising improvement and we're not seeing it.
[agent.lchen] Understood, and I'm sorry. I've logged this against the Kellerman account (CLI-0042) and flagged it for your account owner Marcus Trent.
[customer] Please do. Appreciate it."
TKT-910001,CLI-0042,SHP-202506-000261,2025-06-17T15:00:00,phone,resolved,3,"[customer] Following up on SHP-202506-000261 — another late LTL load. Our account team keeps promising improvement and we're not seeing it.
[agent.lchen] Understood, and I'm sorry. I've logged this against the Kellerman account (CLI-0042) and flagged it for your account owner Marcus Trent.
[customer] Please do. Appreciate it."
TKT-910002,CLI-0042,SHP-202506-000261,2025-06-20T11:00:00,phone,open,2,"[customer] Following up on SHP-202506-000261 — another late LTL load. Our account team keeps promising improvement and we're not seeing it.
[agent.lchen] Understood, and I'm sorry. I've logged this against the Kellerman account (CLI-0042) and flagged it for your account owner Marcus Trent.
[customer] Please do. Appreciate it."
TKT-910003,CLI-0042,SHP-202507-000266,2025-07-13T09:00:00,email,open,1,"[customer] This keeps happening. Following up on SHP-202507-000266 — another late LTL load. Our account team keeps promising improvement and we're not seeing it.
[agent.lchen] Understood, and I'm sorry. I've logged this against the Kellerman account (CLI-0042) and flagged it for your account owner Marcus Trent.
[customer] We're starting to look at other carriers."
TKT-910004,CLI-0042,SHP-202507-000237,2025-07-12T09:00:00,email,resolved,1,"[customer] This keeps happening. Following up on SHP-202507-000237 — another late LTL load. Our account team keeps promising improvement and we're not seeing it.
[agent.lchen] Understood, and I'm sorry. I've logged this against the Kellerman account (CLI-0042) and flagged it for your account owner Marcus Trent.
[customer] We're starting to look at other carriers."
TKT-910005,CLI-0042,SHP-202507-000266,2025-07-10T15:00:00,phone,resolved,1,"[customer] This keeps happening. Following up on SHP-202507-000266 — another late LTL load. Our account team keeps promising improvement and we're not seeing it.
[agent.lchen] Understood, and I'm sorry. I've logged this against the Kellerman account (CLI-0042) and flagged it for your account owner Marcus Trent.
[customer] We're starting to look at other carriers."
TKT-910006,CLI-0042,SHP-202507-000334,2025-07-10T12:00:00,phone,resolved,1,"[customer] This keeps happening. Following up on SHP-202507-000334 — another late LTL load. Our account team keeps promising improvement and we're not seeing it.
[agent.lchen] Understood, and I'm sorry. I've logged this against the Kellerman account (CLI-0042) and flagged it for your account owner Marcus Trent.
[customer] We're starting to look at other carriers."
TKT-910007,CLI-0042,SHP-202508-000262,2025-08-13T16:00:00,phone,pending,1,"[customer] This keeps happening. Following up on SHP-202508-000262 — another late LTL load. Our account team keeps promising improvement and we're not seeing it.
[agent.lchen] Understood, and I'm sorry. I've logged this against the Kellerman account (CLI-0042) and flagged it for your account owner Marcus Trent.
[customer] We're starting to look at other carriers."
TKT-910008,CLI-0042,SHP-202508-000272,2025-08-21T11:00:00,email,pending,1,"[customer] This keeps happening. Following up on SHP-202508-000272 — another late LTL load. Our account team keeps promising improvement and we're not seeing it.
[agent.lchen] Understood, and I'm sorry. I've logged this against the Kellerman account (CLI-0042) and flagged it for your account owner Marcus Trent.
[customer] We're starting to look at other carriers."
TKT-910009,CLI-0042,SHP-202508-000250,2025-08-22T12:00:00,phone,open,2,"[customer] This keeps happening. Following up on SHP-202508-000250 — another late LTL load. Our account team keeps promising improvement and we're not seeing it.
[agent.lchen] Understood, and I'm sorry. I've logged this against the Kellerman account (CLI-0042) and flagged it for your account owner Marcus Trent.
[customer] We're starting to look at other carriers."
TKT-910010,CLI-0042,SHP-202508-000277,2025-08-21T16:00:00,phone,resolved,2,"[customer] This keeps happening. Following up on SHP-202508-000277 — another late LTL load. Our account team keeps promising improvement and we're not seeing it.
[agent.lchen] Understood, and I'm sorry. I've logged this against the Kellerman account (CLI-0042) and flagged it for your account owner Marcus Trent.
[customer] We're starting to look at other carriers."
TKT-910011,CLI-0042,SHP-202508-000262,2025-08-21T11:00:00,phone,resolved,2,"[customer] This keeps happening. Following up on SHP-202508-000262 — another late LTL load. Our account team keeps promising improvement and we're not seeing it.
[agent.lchen] Understood, and I'm sorry. I've logged this against the Kellerman account (CLI-0042) and flagged it for your account owner Marcus Trent.
[customer] We're starting to look at other carriers."
TKT-910012,CLI-0042,SHP-202508-000272,2025-08-11T12:00:00,email,open,1,"[customer] This keeps happening. Following up on SHP-202508-000272 — another late LTL load. Our account team keeps promising improvement and we're not seeing it.
[agent.lchen] Understood, and I'm sorry. I've logged this against the Kellerman account (CLI-0042) and flagged it for your account owner Marcus Trent.
[customer] We're starting to look at other carriers."
TKT-910013,CLI-0042,SHP-202509-000294,2025-09-23T13:00:00,phone,pending,1,"[customer] This keeps happening. Following up on SHP-202509-000294 — another late LTL load. Our account team keeps promising improvement and we're not seeing it.
[agent.lchen] Understood, and I'm sorry. I've logged this against the Kellerman account (CLI-0042) and flagged it for your account owner Marcus Trent.
[customer] We're starting to look at other carriers."
TKT-910014,CLI-0042,SHP-202509-000282,2025-09-14T10:00:00,phone,open,1,"[customer] This keeps happening. Following up on SHP-202509-000282 — another late LTL load. Our account team keeps promising improvement and we're not seeing it.
[agent.lchen] Understood, and I'm sorry. I've logged this against the Kellerman account (CLI-0042) and flagged it for your account owner Marcus Trent.
[customer] We're starting to look at other carriers."
TKT-910015,CLI-0042,SHP-202509-000255,2025-09-12T11:00:00,email,pending,1,"[customer] This keeps happening. Following up on SHP-202509-000255 — another late LTL load. Our account team keeps promising improvement and we're not seeing it.
[agent.lchen] Understood, and I'm sorry. I've logged this against the Kellerman account (CLI-0042) and flagged it for your account owner Marcus Trent.
[customer] We're starting to look at other carriers."
TKT-910016,CLI-0042,SHP-202509-000292,2025-09-10T13:00:00,email,open,2,"[customer] This keeps happening. Following up on SHP-202509-000292 — another late LTL load. Our account team keeps promising improvement and we're not seeing it.
[agent.lchen] Understood, and I'm sorry. I've logged this against the Kellerman account (CLI-0042) and flagged it for your account owner Marcus Trent.
[customer] We're starting to look at other carriers."
TKT-910017,CLI-0042,SHP-202509-000294,2025-09-13T14:00:00,phone,resolved,1,"[customer] This keeps happening. Following up on SHP-202509-000294 — another late LTL load. Our account team keeps promising improvement and we're not seeing it.
[agent.lchen] Understood, and I'm sorry. I've logged this against the Kellerman account (CLI-0042) and flagged it for your account owner Marcus Trent.
[customer] We're starting to look at other carriers."
TKT-910018,CLI-0042,SHP-202509-000259,2025-09-19T15:00:00,email,resolved,1,"[customer] This keeps happening. Following up on SHP-202509-000259 — another late LTL load. Our account team keeps promising improvement and we're not seeing it.
[agent.lchen] Understood, and I'm sorry. I've logged this against the Kellerman account (CLI-0042) and flagged it for your account owner Marcus Trent.
[customer] We're starting to look at other carriers."
TKT-910019,CLI-0042,SHP-202509-000294,2025-09-18T13:00:00,email,resolved,1,"[customer] This keeps happening. Following up on SHP-202509-000294 — another late LTL load. Our account team keeps promising improvement and we're not seeing it.
[agent.lchen] Understood, and I'm sorry. I've logged this against the Kellerman account (CLI-0042) and flagged it for your account owner Marcus Trent.
[customer] We're starting to look at other carriers."
TKT-910020,CLI-0042,SHP-202510-000259,2025-10-26T15:00:00,email,pending,1,"[customer] This keeps happening. Following up on SHP-202510-000259 — another late LTL load. Our account team keeps promising improvement and we're not seeing it.
[agent.lchen] Understood, and I'm sorry. I've logged this against the Kellerman account (CLI-0042) and flagged it for your account owner Marcus Trent.
[customer] We're starting to look at other carriers."
TKT-910021,CLI-0042,SHP-202510-000312,2025-10-19T12:00:00,email,open,1,"[customer] This keeps happening. Following up on SHP-202510-000312 — another late LTL load. Our account team keeps promising improvement and we're not seeing it.
[agent.lchen] Understood, and I'm sorry. I've logged this against the Kellerman account (CLI-0042) and flagged it for your account owner Marcus Trent.
[customer] We're starting to look at other carriers."
TKT-910022,CLI-0042,SHP-202510-000259,2025-10-19T15:00:00,phone,resolved,1,"[customer] This keeps happening. Following up on SHP-202510-000259 — another late LTL load. Our account team keeps promising improvement and we're not seeing it.
[agent.lchen] Understood, and I'm sorry. I've logged this against the Kellerman account (CLI-0042) and flagged it for your account owner Marcus Trent.
[customer] We're starting to look at other carriers."
TKT-910023,CLI-0042,SHP-202510-000332,2025-10-15T14:00:00,email,open,2,"[customer] This keeps happening. Following up on SHP-202510-000332 — another late LTL load. Our account team keeps promising improvement and we're not seeing it.
[agent.lchen] Understood, and I'm sorry. I've logged this against the Kellerman account (CLI-0042) and flagged it for your account owner Marcus Trent.
[customer] We're starting to look at other carriers."
TKT-910024,CLI-0042,SHP-202510-000312,2025-10-15T15:00:00,email,open,2,"[customer] This keeps happening. Following up on SHP-202510-000312 — another late LTL load. Our account team keeps promising improvement and we're not seeing it.
[agent.lchen] Understood, and I'm sorry. I've logged this against the Kellerman account (CLI-0042) and flagged it for your account owner Marcus Trent.
[customer] We're starting to look at other carriers."
TKT-910025,CLI-0042,SHP-202510-000259,2025-10-20T11:00:00,email,resolved,1,"[customer] This keeps happening. Following up on SHP-202510-000259 — another late LTL load. Our account team keeps promising improvement and we're not seeing it.
[agent.lchen] Understood, and I'm sorry. I've logged this against the Kellerman account (CLI-0042) and flagged it for your account owner Marcus Trent.
[customer] We're starting to look at other carriers."
TKT-910026,CLI-0042,SHP-202510-000299,2025-10-10T13:00:00,phone,resolved,2,"[customer] This keeps happening. Following up on SHP-202510-000299 — another late LTL load. Our account team keeps promising improvement and we're not seeing it.
[agent.lchen] Understood, and I'm sorry. I've logged this against the Kellerman account (CLI-0042) and flagged it for your account owner Marcus Trent.
[customer] We're starting to look at other carriers."
TKT-910027,CLI-0042,SHP-202510-000312,2025-10-23T15:00:00,phone,pending,2,"[customer] This keeps happening. Following up on SHP-202510-000312 — another late LTL load. Our account team keeps promising improvement and we're not seeing it.
[agent.lchen] Understood, and I'm sorry. I've logged this against the Kellerman account (CLI-0042) and flagged it for your account owner Marcus Trent.
[customer] We're starting to look at other carriers."
TKT-910028,CLI-0042,SHP-202511-000387,2025-11-26T15:00:00,email,pending,1,"[customer] This keeps happening. Following up on SHP-202511-000387 — another late LTL load. Our account team keeps promising improvement and we're not seeing it.
[agent.lchen] Understood, and I'm sorry. I've logged this against the Kellerman account (CLI-0042) and flagged it for your account owner Marcus Trent.
[customer] We're starting to look at other carriers."
TKT-910029,CLI-0042,SHP-202511-000405,2025-11-24T16:00:00,phone,pending,2,"[customer] This keeps happening. Following up on SHP-202511-000405 — another late LTL load. Our account team keeps promising improvement and we're not seeing it.
[agent.lchen] Understood, and I'm sorry. I've logged this against the Kellerman account (CLI-0042) and flagged it for your account owner Marcus Trent.
[customer] We're starting to look at other carriers."
TKT-910030,CLI-0042,SHP-202511-000405,2025-11-17T15:00:00,email,pending,1,"[customer] This keeps happening. Following up on SHP-202511-000405 — another late LTL load. Our account team keeps promising improvement and we're not seeing it.
[agent.lchen] Understood, and I'm sorry. I've logged this against the Kellerman account (CLI-0042) and flagged it for your account owner Marcus Trent.
[customer] We're starting to look at other carriers."
TKT-910031,CLI-0042,SHP-202511-000380,2025-11-14T11:00:00,email,open,2,"[customer] This keeps happening. Following up on SHP-202511-000380 — another late LTL load. Our account team keeps promising improvement and we're not seeing it.
[agent.lchen] Understood, and I'm sorry. I've logged this against the Kellerman account (CLI-0042) and flagged it for your account owner Marcus Trent.
[customer] We're starting to look at other carriers."
TKT-910032,CLI-0042,SHP-202511-000346,2025-11-25T09:00:00,phone,open,2,"[customer] This keeps happening. Following up on SHP-202511-000346 — another late LTL load. Our account team keeps promising improvement and we're not seeing it.
[agent.lchen] Understood, and I'm sorry. I've logged this against the Kellerman account (CLI-0042) and flagged it for your account owner Marcus Trent.
[customer] We're starting to look at other carriers."
TKT-920000,CLI-0007,SHP-202505-950001,2025-05-13T16:00:00,chat,resolved,1,"[customer] We received the WRONG items for SHP-202505-950001. This isn't what we ordered at all — looks like it was meant for someone else.
[agent.mruiz] Apologies — we've identified a fulfillment error at our Indianapolis warehouse affecting several orders (incident INC-2025-02233). We'll arrange pickup of the wrong items and expedite the correct ones.
[customer] Thank you, please hurry."
TKT-920001,CLI-0113,SHP-202505-950002,2025-05-14T13:00:00,chat,resolved,1,"[customer] We received the WRONG items for SHP-202505-950002. This isn't what we ordered at all — looks like it was meant for someone else.
[agent.mruiz] Apologies — we've identified a fulfillment error at our Indianapolis warehouse affecting several orders (incident INC-2025-02233). We'll arrange pickup of the wrong items and expedite the correct ones.
[customer] Thank you, please hurry."
TKT-920002,CLI-0128,SHP-202505-950003,2025-05-15T10:00:00,phone,resolved,1,"[customer] We received the WRONG items for SHP-202505-950003. This isn't what we ordered at all — looks like it was meant for someone else.
[agent.mruiz] Apologies — we've identified a fulfillment error at our Indianapolis warehouse affecting several orders (incident INC-2025-02233). We'll arrange pickup of the wrong items and expedite the correct ones.
[customer] Thank you, please hurry."
TKT-920003,CLI-0155,SHP-202505-950004,2025-05-16T11:00:00,phone,resolved,2,"[customer] We received the WRONG items for SHP-202505-950004. This isn't what we ordered at all — looks like it was meant for someone else.
[agent.mruiz] Apologies — we've identified a fulfillment error at our Indianapolis warehouse affecting several orders (incident INC-2025-02233). We'll arrange pickup of the wrong items and expedite the correct ones.
[customer] Thank you, please hurry."
TKT-920004,CLI-0169,SHP-202505-950005,2025-05-12T13:00:00,phone,resolved,3,"[customer] We received the WRONG items for SHP-202505-950005. This isn't what we ordered at all — looks like it was meant for someone else.
[agent.mruiz] Apologies — we've identified a fulfillment error at our Indianapolis warehouse affecting several orders (incident INC-2025-02233). We'll arrange pickup of the wrong items and expedite the correct ones.
[customer] Thank you, please hurry."
TKT-920005,CLI-0201,SHP-202505-950006,2025-05-13T13:00:00,phone,resolved,2,"[customer] We received the WRONG items for SHP-202505-950006. This isn't what we ordered at all — looks like it was meant for someone else.
[agent.mruiz] Apologies — we've identified a fulfillment error at our Indianapolis warehouse affecting several orders (incident INC-2025-02233). We'll arrange pickup of the wrong items and expedite the correct ones.
[customer] Thank you, please hurry."
